ano,mes,data,regiao,uf,combustivel,preco_medio,preco_minimo,preco_maximo,variacao_mensal,inflacao,cotacao_petroleo,consumo_estimado,nivel_preco
2015,1,2015-01-01,Norte,AM,Gasolina,7.49,6.9,8.47,6.75,2.89,78.31,179221,Médio
2015,1,2015-01-01,Norte,PA,Diesel,3.8,3.5,4.3,1.67,10.94,95.35,50575,Alto
2015,1,2015-01-01,Norte,PA,GNV,4.83,4.45,5.46,-2.85,2.6,47.82,171715,Médio
2015,1,2015-01-01,Norte,RO,Gasolina,7.14,6.57,8.07,-4.83,6.99,95.94,195652,Crítico
2015,1,2015-01-01,Norte,TO,Diesel,3.3,3.03,3.73,6.3,3.02,45.92,49432,Médio
2015,1,2015-01-01,Nordeste,BA,Etanol,6.49,5.97,7.33,-0.2,6.98,89.63,5475,Alto
2015,1,2015-01-01,Nordeste,BA,Gasolina,7.05,6.48,7.96,-0.65,10.65,62.09,189584,Crítico
2015,1,2015-01-01,Nordeste,PE,GLP,3.62,3.33,4.09,-0.21,6.44,89.68,81283,Baixo
2015,1,2015-01-01,Nordeste,PE,GNV,6.05,5.57,6.84,-0.2,11.95,71.67,42733,Baixo
2015,1,2015-01-01,Nordeste,CE,Gasolina,6.18,5.69,6.99,0.49,10.6,101.27,35767,Baixo
2015,1,2015-01-01,Nordeste,CE,GNV,3.1,2.85,3.5,-1.33,2.38,97.48,8040,Crítico
2015,1,2015-01-01,Nordeste,MA,GNV,4.56,4.2,5.16,0.87,5.02,53.48,247838,Alto
2015,1,2015-01-01,Nordeste,PB,GLP,5.39,4.96,6.09,-10.53,6.53,105.19,138473,Médio
2015,1,2015-01-01,Centro-Oeste,DF,Etanol,7.19,6.61,8.12,-1.12,8.6,67.36,92074,Médio
2015,1,2015-01-01,Centro-Oeste,GO,Gasolina,4.97,4.58,5.62,-1.28,7.02,104.72,54665,Baixo
2015,1,2015-01-01,Centro-Oeste,GO,Etanol,4.04,3.72,4.57,0.72,9.69,50.78,198474,Médio
2015,1,2015-01-01,Centro-Oeste,MT,Etanol,6.03,5.55,6.81,0.82,2.59,69.81,82629,Médio
2015,1,2015-01-01,Centro-Oeste,MS,Gasolina,4.19,3.86,4.74,4.51,6.85,97.68,39061,Baixo
2015,1,2015-01-01,Sudeste,SP,Gasolina,7.34,6.75,8.3,2.96,2.09,58.35,114799,Crítico
2015,1,2015-01-01,Sudeste,SP,Diesel,6.3,5.8,7.12,-4.33,10.44,107.45,45813,Crítico
2015,1,2015-01-01,Sudeste,SP,Etanol,5.75,5.29,6.5,10.59,6.55,59.84,87892,Alto
2015,1,2015-01-01,Sudeste,RJ,GNV,7.25,6.67,8.19,-2.5,9.27,96.09,65374,Alto
2015,1,2015-01-01,Sudeste,RJ,Gasolina,3.71,3.41,4.19,2.13,4.55,77.76,193454,Crítico
2015,1,2015-01-01,Sudeste,RJ,GLP,3.78,3.48,4.27,2.74,10.0,67.35,211241,Baixo
2015,1,2015-01-01,Sudeste,RJ,Diesel,4.05,3.72,4.57,-1.01,10.91,49.59,84589,Médio
2015,1,2015-01-01,Sudeste,MG,Diesel,4.03,3.71,4.55,-4.06,10.94,48.8,50878,Alto
2015,1,2015-01-01,Sudeste,MG,Diesel,7.42,6.83,8.39,1.26,3.54,72.92,129817,Médio
2015,1,2015-01-01,Sudeste,MG,GNV,3.5,3.22,3.96,4.35,2.01,68.87,125938,Alto
2015,1,2015-01-01,Sudeste,ES,GNV,5.05,4.65,5.71,5.72,3.01,81.82,187333,Baixo
2015,1,2015-01-01,Sudeste,ES,GLP,6.8,6.25,7.68,-0.56,4.33,68.84,114866,Médio
2015,1,2015-01-01,Sudeste,ES,Diesel,6.32,5.81,7.14,3.2,5.59,52.52,148842,Médio
2015,1,2015-01-01,Sul,PR,GNV,4.54,4.17,5.13,-7.7,6.69,101.41,177330,Crítico
2015,1,2015-01-01,Sul,PR,GLP,5.2,4.79,5.88,-2.05,9.36,92.52,43596,Médio
2015,1,2015-01-01,Sul,SC,GNV,5.17,4.76,5.85,2.8,2.32,100.96,237557,Médio
2015,1,2015-01-01,Sul,SC,GNV,3.31,3.04,3.74,1.62,5.64,102.26,194104,Baixo
2015,1,2015-01-01,Sul,RS,GNV,3.35,3.09,3.79,-1.77,11.98,77.5,32495,Médio
2015,1,2015-01-01,Sul,RS,GNV,6.87,6.32,7.76,2.05,5.47,55.6,202340,Alto
2015,2,2015-02-01,Norte,AM,Etanol,5.96,5.49,6.74,3.22,7.07,58.88,247084,Alto
2015,2,2015-02-01,Norte,PA,GLP,5.99,5.51,6.77,-5.64,2.42,67.88,97262,Médio
2015,2,2015-02-01,Norte,PA,Etanol,5.98,5.5,6.76,4.8,6.87,75.56,167242,Médio
2015,2,2015-02-01,Norte,RO,GNV,7.72,7.1,8.72,4.54,9.98,56.37,125041,Médio
2015,2,2015-02-01,Norte,TO,Diesel,6.16,5.67,6.96,-8.02,9.67,96.99,84093,Baixo
2015,2,2015-02-01,Nordeste,BA,GNV,4.12,3.79,4.66,-3.41,2.92,49.84,161530,Baixo
2015,2,2015-02-01,Nordeste,BA,GLP,7.77,7.15,8.78,3.16,11.97,62.5,6770,Baixo
2015,2,2015-02-01,Nordeste,PE,GNV,5.36,4.93,6.05,4.71,6.0,98.77,8871,Crítico
2015,2,2015-02-01,Nordeste,PE,Diesel,7.79,7.17,8.8,0.0,7.09,74.41,247610,Crítico
2015,2,2015-02-01,Nordeste,CE,GNV,5.88,5.41,6.64,-6.11,3.62,102.51,186336,Baixo
2015,2,2015-02-01,Nordeste,CE,GLP,5.54,5.1,6.26,0.06,6.43,96.76,138647,Crítico
2015,2,2015-02-01,Nordeste,MA,Etanol,4.53,4.17,5.12,-6.77,9.8,57.8,100629,Médio
2015,2,2015-02-01,Nordeste,PB,Diesel,3.55,3.27,4.01,2.56,2.61,46.46,175015,Crítico
2015,2,2015-02-01,Centro-Oeste,DF,Etanol,4.9,4.51,5.54,-0.2,10.27,88.27,44457,Baixo
2015,2,2015-02-01,Centro-Oeste,GO,Etanol,6.06,5.58,6.85,1.0,9.98,78.98,246553,Crítico
2015,2,2015-02-01,Centro-Oeste,GO,GNV,6.46,5.94,7.3,2.2,4.08,101.24,36606,Alto
2015,2,2015-02-01,Centro-Oeste,MT,Gasolina,3.41,3.13,3.85,-0.58,7.33,92.19,189195,Alto
2015,2,2015-02-01,Centro-Oeste,MS,GLP,4.72,4.35,5.34,-7.52,6.12,88.35,34712,Médio
2015,2,2015-02-01,Sudeste,SP,Etanol,5.75,5.29,6.5,4.41,4.97,89.17,23887,Crítico
2015,2,2015-02-01,Sudeste,SP,Gasolina,3.3,3.04,3.73,1.2,9.78,76.18,125940,Crítico
2015,2,2015-02-01,Sudeste,SP,Gasolina,7.79,7.17,8.81,-1.44,2.16,109.81,158105,Alto
2015,2,2015-02-01,Sudeste,RJ,Gasolina,3.71,3.41,4.19,-1.75,5.2,83.0,41255,Crítico
2015,2,2015-02-01,Sudeste,RJ,Diesel,7.89,7.26,8.92,-2.51,11.92,104.13,143778,Crítico
2015,2,2015-02-01,Sudeste,RJ,Gasolina,3.37,3.1,3.8,1.05,7.54,89.85,35592,Crítico
2015,2,2015-02-01,Sudeste,RJ,Etanol,4.36,4.01,4.92,1.15,8.8,61.14,83997,Alto
2015,2,2015-02-01,Sudeste,MG,GNV,5.01,4.61,5.66,-0.53,2.59,109.88,71976,Baixo
2015,2,2015-02-01,Sudeste,MG,Gasolina,7.4,6.81,8.36,-3.28,3.1,58.14,202429,Médio
2015,2,2015-02-01,Sudeste,MG,GNV,6.1,5.61,6.89,7.95,6.07,53.38,125916,Baixo
2015,2,2015-02-01,Sudeste,ES,GLP,3.4,3.13,3.84,4.62,7.64,48.1,18921,Médio
2015,2,2015-02-01,Sudeste,ES,Etanol,4.3,3.96,4.86,-4.01,11.49,106.49,76331,Crítico
2015,2,2015-02-01,Sudeste,ES,GLP,3.47,3.19,3.92,1.4,7.23,88.99,78109,Crítico
2015,2,2015-02-01,Sul,PR,GLP,5.33,4.91,6.03,5.02,11.36,98.39,221550,Alto
2015,2,2015-02-01,Sul,PR,Diesel,7.98,7.34,9.02,1.68,5.62,107.78,52789,Baixo
2015,2,2015-02-01,Sul,SC,GNV,7.36,6.78,8.32,3.26,9.42,104.45,56170,Crítico
2015,2,2015-02-01,Sul,SC,Gasolina,6.65,6.12,7.51,8.88,6.83,86.83,5717,Crítico
2015,2,2015-02-01,Sul,RS,Gasolina,3.98,3.66,4.49,3.54,3.6,63.66,177417,Alto
2015,2,2015-02-01,Sul,RS,Etanol,5.75,5.29,6.5,-3.64,6.89,104.45,210853,Crítico
2015,3,2015-03-01,Norte,AM,GLP,6.73,6.19,7.6,-1.98,3.11,102.1,27384,Crítico
2015,3,2015-03-01,Norte,PA,Diesel,5.19,4.77,5.86,-5.57,7.35,67.66,247680,Médio
2015,3,2015-03-01,Norte,PA,Diesel,5.9,5.43,6.66,3.43,7.31,45.81,224195,Médio
2015,3,2015-03-01,Norte,RO,Gasolina,4.56,4.2,5.15,11.92,9.42,68.88,132056,Alto
2015,3,2015-03-01,Norte,TO,GLP,6.41,5.89,7.24,-1.95,3.38,75.69,164314,Crítico
2015,3,2015-03-01,Nordeste,BA,GNV,4.15,3.82,4.69,1.91,7.72,54.54,147130,Médio
2015,3,2015-03-01,Nordeste,BA,GNV,4.02,3.69,4.54,2.09,4.1,104.18,196925,Médio
2015,3,2015-03-01,Nordeste,PE,Gasolina,3.52,3.23,3.97,1.55,9.7,60.63,242406,Crítico
2015,3,2015-03-01,Nordeste,PE,Gasolina,6.45,5.93,7.29,2.47,11.83,78.65,10952,Baixo
2015,3,2015-03-01,Nordeste,CE,GNV,3.87,3.56,4.38,4.44,7.74,84.22,122145,Baixo
2015,3,2015-03-01,Nordeste,CE,Etanol,3.04,2.8,3.43,-4.22,5.7,51.47,139839,Médio
2015,3,2015-03-01,Nordeste,MA,Gasolina,3.75,3.45,4.23,1.35,10.68,90.8,95937,Crítico
2015,3,2015-03-01,Nordeste,PB,Etanol,3.0,2.76,3.39,10.37,7.31,104.82,106250,Alto
2015,3,2015-03-01,Centro-Oeste,DF,GNV,3.48,3.2,3.94,0.69,2.95,64.01,101825,Alto
2015,3,2015-03-01,Centro-Oeste,GO,GNV,4.41,4.06,4.98,2.62,5.14,52.05,31810,Baixo
2015,3,2015-03-01,Centro-Oeste,GO,GNV,3.34,3.07,3.77,-2.62,7.46,60.39,202065,Crítico
2015,3,2015-03-01,Centro-Oeste,MT,GNV,5.93,5.46,6.7,13.74,9.0,109.56,13585,Médio
2015,3,2015-03-01,Centro-Oeste,MS,GLP,6.1,5.61,6.89,7.82,3.73,75.33,148407,Baixo
2015,3,2015-03-01,Sudeste,SP,Diesel,5.86,5.39,6.62,3.4,4.71,109.57,23749,Crítico
2015,3,2015-03-01,Sudeste,SP,Etanol,3.49,3.21,3.95,7.55,6.14,88.29,99280,Baixo
2015,3,2015-03-01,Sudeste,SP,GNV,4.62,4.25,5.22,2.08,8.95,46.58,153792,Médio
2015,3,2015-03-01,Sudeste,RJ,GLP,7.96,7.33,9.0,-1.93,10.04,89.83,81514,Alto
2015,3,2015-03-01,Sudeste,RJ,GNV,6.81,6.27,7.7,0.75,9.71,73.29,136399,Alto
2015,3,2015-03-01,Sudeste,RJ,Etanol,7.51,6.91,8.49,-0.78,7.11,87.83,24073,Crítico
2015,3,2015-03-01,Sudeste,RJ,Diesel,4.76,4.38,5.38,0.31,11.07,105.65,143765,Crítico
2015,3,2015-03-01,Sudeste,MG,Diesel,5.93,5.45,6.7,-1.2,9.48,60.01,236377,Crítico
2015,3,2015-03-01,Sudeste,MG,Etanol,3.25,2.99,3.67,-0.46,9.34,108.64,6138,Crítico
2015,3,2015-03-01,Sudeste,MG,GNV,3.19,2.94,3.61,-4.8,10.69,91.97,186647,Crítico
2015,3,2015-03-01,Sudeste,ES,GLP,4.4,4.04,4.97,-6.07,8.09,89.11,52594,Baixo
2015,3,2015-03-01,Sudeste,ES,Gasolina,4.71,4.33,5.32,-7.29,6.15,77.51,65211,Crítico
2015,3,2015-03-01,Sudeste,ES,Diesel,6.27,5.77,7.09,-2.98,6.48,53.63,85063,Baixo
2015,3,2015-03-01,Sul,PR,GNV,6.1,5.61,6.89,-4.97,9.01,104.14,230468,Alto
2015,3,2015-03-01,Sul,PR,Diesel,6.35,5.84,7.18,7.63,3.26,84.38,164979,Baixo
2015,3,2015-03-01,Sul,SC,Diesel,7.4,6.81,8.37,-3.96,2.99,71.02,165173,Médio
2015,3,2015-03-01,Sul,SC,Etanol,6.48,5.97,7.33,1.49,3.85,86.14,88426,Baixo
2015,3,2015-03-01,Sul,RS,Etanol,3.31,3.04,3.74,3.17,11.02,56.93,101389,Médio
2015,3,2015-03-01,Sul,RS,Etanol,3.22,2.96,3.63,1.32,9.23,81.12,227943,Crítico
2015,4,2015-04-01,Norte,AM,Etanol,6.12,5.63,6.91,-1.77,7.44,86.13,178566,Crítico
2015,4,2015-04-01,Norte,PA,GLP,6.38,5.87,7.21,1.28,9.23,100.47,85123,Crítico
2015,4,2015-04-01,Norte,PA,GNV,3.76,3.46,4.25,2.14,9.08,106.56,246252,Baixo
2015,4,2015-04-01,Norte,RO,GNV,3.23,2.97,3.65,-9.7,3.69,86.39,95947,Baixo
2015,4,2015-04-01,Norte,TO,GLP,5.32,4.89,6.01,-1.72,8.34,54.35,178577,Médio
2015,4,2015-04-01,Nordeste,BA,Diesel,5.9,5.43,6.67,-1.39,5.4,102.91,69385,Baixo
2015,4,2015-04-01,Nordeste,BA,GLP,5.49,5.05,6.2,-0.49,2.38,60.16,48666,Crítico
2015,4,2015-04-01,Nordeste,PE,Diesel,3.82,3.52,4.32,4.37,9.09,87.81,191166,Baixo
2015,4,2015-04-01,Nordeste,PE,Etanol,3.23,2.97,3.65,2.27,8.94,75.16,35723,Crítico
2015,4,2015-04-01,Nordeste,CE,GNV,5.43,5.0,6.14,2.78,2.58,50.47,108972,Alto
2015,4,2015-04-01,Nordeste,CE,Diesel,5.98,5.51,6.76,0.16,2.46,66.61,54898,Baixo
2015,4,2015-04-01,Nordeste,MA,GLP,4.77,4.39,5.4,-3.25,10.54,84.94,140946,Crítico
2015,4,2015-04-01,Nordeste,PB,GNV,5.57,5.13,6.3,2.67,4.53,64.76,106051,Alto
2015,4,2015-04-01,Centro-Oeste,DF,GNV,3.89,3.58,4.39,-1.82,3.48,75.21,196450,Baixo
2015,4,2015-04-01,Centro-Oeste,GO,GNV,5.0,4.6,5.65,5.38,4.09,51.62,57074,Crítico
2015,4,2015-04-01,Centro-Oeste,GO,Gasolina,6.99,6.43,7.9,0.15,9.71,107.22,135335,Baixo
2015,4,2015-04-01,Centro-Oeste,MT,GLP,5.23,4.81,5.91,6.64,10.94,107.0,174751,Alto
2015,4,2015-04-01,Centro-Oeste,MS,Diesel,3.49,3.21,3.94,3.34,6.31,89.88,29188,Crítico
2015,4,2015-04-01,Sudeste,SP,Etanol,6.94,6.38,7.84,5.74,10.94,103.3,171539,Baixo
2015,4,2015-04-01,Sudeste,SP,GLP,4.32,3.98,4.88,-1.77,6.58,87.35,215999,Médio
2015,4,2015-04-01,Sudeste,SP,Diesel,5.51,5.07,6.22,7.35,9.01,49.0,106870,Baixo
2015,4,2015-04-01,Sudeste,RJ,Gasolina,6.2,5.7,7.01,-1.55,9.22,79.34,221283,Crítico
2015,4,2015-04-01,Sudeste,RJ,Diesel,7.61,7.0,8.6,-5.06,3.33,91.17,24164,Baixo
2015,4,2015-04-01,Sudeste,RJ,Diesel,5.49,5.06,6.21,1.06,4.46,52.14,28272,Médio
2015,4,2015-04-01,Sudeste,RJ,Diesel,4.98,4.58,5.63,1.0,4.73,84.44,32255,Médio
2015,4,2015-04-01,Sudeste,MG,Diesel,4.47,4.11,5.05,0.62,8.79,65.84,103784,Médio
2015,4,2015-04-01,Sudeste,MG,Diesel,3.58,3.3,4.05,4.24,10.7,59.31,52291,Baixo
2015,4,2015-04-01,Sudeste,MG,Diesel,3.91,3.6,4.42,-1.97,2.77,72.61,144200,Crítico
2015,4,2015-04-01,Sudeste,ES,Etanol,7.92,7.28,8.95,-1.77,10.93,92.02,22388,Baixo
2015,4,2015-04-01,Sudeste,ES,GNV,4.35,4.0,4.92,7.66,7.07,109.78,53401,Alto
2015,4,2015-04-01,Sudeste,ES,GLP,5.26,4.84,5.95,3.63,3.7,63.8,49527,Médio
2015,4,2015-04-01,Sul,PR,GLP,6.12,5.63,6.92,-2.07,7.4,51.5,171204,Crítico
2015,4,2015-04-01,Sul,PR,GLP,4.14,3.81,4.68,-6.24,7.29,62.29,120197,Crítico
2015,4,2015-04-01,Sul,SC,Gasolina,3.71,3.41,4.19,1.16,6.2,81.99,226749,Alto
2015,4,2015-04-01,Sul,SC,GNV,6.29,5.79,7.11,10.5,5.93,59.66,193106,Baixo
2015,4,2015-04-01,Sul,RS,Gasolina,4.28,3.94,4.84,0.43,10.69,96.94,62394,Crítico
2015,4,2015-04-01,Sul,RS,Diesel,5.49,5.05,6.2,4.1,8.05,104.1,11601,Baixo
2015,5,2015-05-01,Norte,AM,GLP,6.41,5.9,7.25,0.96,3.51,101.9,171270,Crítico
2015,5,2015-05-01,Norte,PA,Etanol,7.92,7.29,8.95,-0.46,3.13,49.95,189451,Crítico
2015,5,2015-05-01,Norte,PA,Etanol,7.88,7.25,8.91,-3.72,8.72,74.33,79463,Alto
2015,5,2015-05-01,Norte,RO,Diesel,6.69,6.15,7.56,-2.14,7.6,66.27,119268,Crítico
2015,5,2015-05-01,Norte,TO,GLP,6.61,6.08,7.47,4.16,9.37,53.11,142497,Médio
2015,5,2015-05-01,Nordeste,BA,GLP,5.23,4.81,5.91,-0.91,6.87,63.83,190794,Alto
2015,5,2015-05-01,Nordeste,BA,Etanol,7.29,6.71,8.24,-4.68,4.28,73.03,220139,Médio
2015,5,2015-05-01,Nordeste,PE,Diesel,6.85,6.3,7.74,4.51,7.43,56.52,26622,Alto
2015,5,2015-05-01,Nordeste,PE,Gasolina,4.04,3.71,4.56,5.65,10.07,91.85,214480,Crítico
2015,5,2015-05-01,Nordeste,CE,GLP,6.68,6.15,7.55,-7.0,6.24,104.75,248184,Médio
2015,5,2015-05-01,Nordeste,CE,Gasolina,4.94,4.55,5.59,-1.44,10.04,95.88,70646,Baixo
2015,5,2015-05-01,Nordeste,MA,Gasolina,5.14,4.73,5.81,3.59,10.26,89.16,107834,Crítico
2015,5,2015-05-01,Nordeste,PB,Diesel,5.11,4.7,5.78,-1.18,6.76,67.96,98101,Alto
2015,5,2015-05-01,Centro-Oeste,DF,GNV,5.08,4.67,5.74,3.81,7.1,104.85,199817,Baixo
2015,5,2015-05-01,Centro-Oeste,GO,GLP,4.19,3.86,4.74,0.41,8.4,96.02,54244,Crítico
2015,5,2015-05-01,Centro-Oeste,GO,Diesel,7.08,6.52,8.01,0.78,6.11,85.09,109737,Médio
2015,5,2015-05-01,Centro-Oeste,MT,Gasolina,7.67,7.06,8.67,0.76,3.09,53.95,141164,Baixo
2015,5,2015-05-01,Centro-Oeste,MS,Gasolina,4.33,3.98,4.89,-4.36,11.59,99.38,177701,Crítico
2015,5,2015-05-01,Sudeste,SP,GNV,5.24,4.82,5.92,-0.18,4.41,83.18,65229,Alto
2015,5,2015-05-01,Sudeste,SP,Diesel,5.44,5.0,6.14,-1.11,7.1,103.83,247180,Baixo
2015,5,2015-05-01,Sudeste,SP,GNV,6.44,5.92,7.28,3.65,5.74,90.67,74926,Alto
2015,5,2015-05-01,Sudeste,RJ,GNV,7.11,6.54,8.04,-7.4,7.06,59.77,16132,Baixo
2015,5,2015-05-01,Sudeste,RJ,Etanol,3.2,2.94,3.62,1.49,3.54,95.63,40574,Médio
2015,5,2015-05-01,Sudeste,RJ,GNV,7.38,6.79,8.34,0.72,11.22,102.58,111652,Crítico
2015,5,2015-05-01,Sudeste,RJ,GNV,5.82,5.36,6.58,-3.59,11.34,99.33,191684,Médio
2015,5,2015-05-01,Sudeste,MG,Etanol,3.33,3.06,3.76,-6.53,10.63,78.03,89327,Baixo
2015,5,2015-05-01,Sudeste,MG,Gasolina,3.47,3.19,3.92,-1.12,4.23,105.42,249325,Baixo
2015,5,2015-05-01,Sudeste,MG,Gasolina,7.84,7.21,8.86,6.73,9.61,90.13,212742,Alto
2015,5,2015-05-01,Sudeste,ES,Etanol,7.76,7.14,8.77,4.72,9.12,63.53,153282,Alto
2015,5,2015-05-01,Sudeste,ES,GNV,4.78,4.4,5.4,1.81,9.23,101.7,118465,Crítico
2015,5,2015-05-01,Sudeste,ES,GLP,5.49,5.05,6.2,0.48,4.24,79.92,238466,Alto
2015,5,2015-05-01,Sul,PR,Gasolina,7.15,6.57,8.07,-1.07,7.74,102.8,116151,Baixo
2015,5,2015-05-01,Sul,PR,Diesel,6.93,6.37,7.83,3.37,10.47,77.0,226386,Baixo
2015,5,2015-05-01,Sul,SC,Gasolina,4.79,4.4,5.41,2.7,11.03,90.84,43941,Crítico
2015,5,2015-05-01,Sul,SC,GNV,6.06,5.57,6.85,-1.31,5.75,95.98,114002,Alto
2015,5,2015-05-01,Sul,RS,Etanol,7.76,7.14,8.77,-3.31,11.85,74.51,170308,Alto
2015,5,2015-05-01,Sul,RS,Etanol,6.79,6.25,7.67,-8.64,9.62,90.42,86019,Alto
2015,6,2015-06-01,Norte,AM,Etanol,4.21,3.87,4.76,4.26,6.84,56.44,145079,Alto
2015,6,2015-06-01,Norte,PA,Etanol,7.26,6.68,8.2,6.14,7.33,109.39,55020,Médio
2015,6,2015-06-01,Norte,PA,Diesel,5.59,5.14,6.31,-1.14,4.25,99.38,90088,Crítico
2015,6,2015-06-01,Norte,RO,GNV,5.04,4.64,5.7,6.45,8.79,88.38,14017,Alto
2015,6,2015-06-01,Norte,TO,Gasolina,3.23,2.97,3.65,-0.19,9.89,51.04,8261,Alto
2015,6,2015-06-01,Nordeste,BA,GNV,5.4,4.97,6.1,2.79,3.83,74.41,176929,Médio
2015,6,2015-06-01,Nordeste,BA,GNV,6.6,6.07,7.46,-4.83,6.76,64.65,26730,Crítico
2015,6,2015-06-01,Nordeste,PE,Diesel,3.57,3.29,4.04,2.8,10.9,72.5,25109,Crítico
2015,6,2015-06-01,Nordeste,PE,GNV,6.83,6.29,7.72,2.22,11.15,46.4,228282,Crítico
2015,6,2015-06-01,Nordeste,CE,Gasolina,6.48,5.96,7.32,5.0,10.54,92.63,177522,Crítico
2015,6,2015-06-01,Nordeste,CE,Diesel,5.32,4.89,6.01,4.34,7.37,72.8,187611,Baixo
2015,6,2015-06-01,Nordeste,MA,GLP,6.6,6.07,7.45,-6.93,7.39,69.04,238360,Crítico
2015,6,2015-06-01,Nordeste,PB,GNV,4.85,4.46,5.48,-1.7,3.92,109.21,145226,Alto
2015,6,2015-06-01,Centro-Oeste,DF,Gasolina,6.59,6.06,7.45,-2.96,4.95,82.43,126730,Crítico
2015,6,2015-06-01,Centro-Oeste,GO,Gasolina,4.73,4.35,5.35,-6.21,2.77,90.28,150327,Médio
2015,6,2015-06-01,Centro-Oeste,GO,Gasolina,7.15,6.58,8.08,0.4,11.8,59.49,8439,Baixo
2015,6,2015-06-01,Centro-Oeste,MT,GNV,4.1,3.77,4.64,-3.26,5.66,98.26,165518,Baixo
2015,6,2015-06-01,Centro-Oeste,MS,GNV,5.32,4.89,6.01,-2.45,7.24,85.12,64565,Médio
2015,6,2015-06-01,Sudeste,SP,Diesel,4.07,3.75,4.6,0.23,2.04,104.74,164484,Médio
2015,6,2015-06-01,Sudeste,SP,Gasolina,7.31,6.73,8.26,4.07,10.95,75.63,222395,Crítico
2015,6,2015-06-01,Sudeste,SP,Gasolina,6.47,5.95,7.31,1.05,3.25,95.81,224993,Médio
2015,6,2015-06-01,Sudeste,RJ,Diesel,7.22,6.64,8.16,3.11,8.07,89.27,112879,Médio
2015,6,2015-06-01,Sudeste,RJ,Etanol,3.31,3.05,3.74,-2.45,8.33,109.52,60370,Médio
2015,6,2015-06-01,Sudeste,RJ,Etanol,6.97,6.42,7.88,0.82,9.07,46.34,97592,Baixo
2015,6,2015-06-01,Sudeste,RJ,Etanol,7.63,7.02,8.63,0.36,8.27,47.97,16581,Baixo
2015,6,2015-06-01,Sudeste,MG,GLP,5.75,5.29,6.5,3.2,4.12,101.4,234512,Baixo
2015,6,2015-06-01,Sudeste,MG,GNV,5.43,5.0,6.14,-0.74,10.95,71.59,86227,Alto
2015,6,2015-06-01,Sudeste,MG,Etanol,6.51,5.98,7.35,1.0,9.4,65.16,236398,Baixo
2015,6,2015-06-01,Sudeste,ES,Etanol,7.47,6.88,8.45,0.82,4.41,100.96,69170,Crítico
2015,6,2015-06-01,Sudeste,ES,Diesel,7.76,7.13,8.76,1.21,3.97,95.91,32775,Médio
2015,6,2015-06-01,Sudeste,ES,GLP,3.65,3.36,4.12,-1.76,6.37,56.4,118653,Médio
2015,6,2015-06-01,Sul,PR,Diesel,6.7,6.16,7.57,0.37,4.2,101.78,233895,Baixo
2015,6,2015-06-01,Sul,PR,GNV,6.91,6.36,7.81,3.02,4.48,109.28,198054,Crítico
2015,6,2015-06-01,Sul,SC,Etanol,3.76,3.46,4.24,-1.81,2.48,80.88,177076,Baixo
2015,6,2015-06-01,Sul,SC,GNV,7.97,7.33,9.01,-0.44,7.97,89.91,102047,Baixo
2015,6,2015-06-01,Sul,RS,Diesel,4.72,4.35,5.34,-2.98,8.98,106.18,248151,Alto
2015,6,2015-06-01,Sul,RS,GNV,7.14,6.56,8.06,3.94,6.26,64.62,196257,Baixo
2015,7,2015-07-01,Norte,AM,Diesel,3.2,2.95,3.62,-0.14,5.88,106.25,25830,Baixo
2015,7,2015-07-01,Norte,PA,GLP,6.17,5.67,6.97,-0.72,10.61,76.0,97431,Alto
2015,7,2015-07-01,Norte,PA,GNV,4.14,3.8,4.67,6.09,7.84,103.08,30302,Médio
2015,7,2015-07-01,Norte,RO,Diesel,5.64,5.18,6.37,5.07,9.87,46.31,153882,Crítico
2015,7,2015-07-01,Norte,TO,GLP,5.61,5.16,6.34,-4.93,2.43,67.2,229889,Baixo
2015,7,2015-07-01,Nordeste,BA,Gasolina,6.02,5.54,6.81,9.24,5.46,62.27,133619,Baixo
2015,7,2015-07-01,Nordeste,BA,GNV,4.62,4.25,5.22,2.04,6.41,80.38,49861,Baixo
2015,7,2015-07-01,Nordeste,PE,Gasolina,5.94,5.47,6.72,0.91,11.4,56.3,28683,Médio
2015,7,2015-07-01,Nordeste,PE,Etanol,5.81,5.34,6.56,3.15,9.46,96.32,88600,Baixo
2015,7,2015-07-01,Nordeste,CE,Diesel,7.6,7.0,8.59,4.14,4.58,94.02,86271,Alto
2015,7,2015-07-01,Nordeste,CE,Etanol,4.73,4.35,5.34,-9.18,8.93,101.61,90746,Médio
2015,7,2015-07-01,Nordeste,MA,Etanol,5.7,5.24,6.44,0.72,9.01,64.3,79881,Médio
2015,7,2015-07-01,Nordeste,PB,Diesel,6.73,6.19,7.6,3.31,11.72,74.9,109791,Médio
2015,7,2015-07-01,Centro-Oeste,DF,Gasolina,7.45,6.86,8.42,6.08,9.4,65.84,88364,Baixo
2015,7,2015-07-01,Centro-Oeste,GO,GNV,6.79,6.24,7.67,-8.16,11.18,84.91,86404,Médio
2015,7,2015-07-01,Centro-Oeste,GO,GLP,5.09,4.68,5.75,4.74,4.41,57.22,246531,Baixo
2015,7,2015-07-01,Centro-Oeste,MT,Gasolina,4.78,4.39,5.4,6.88,5.68,82.87,55595,Alto
2015,7,2015-07-01,Centro-Oeste,MS,Gasolina,4.05,3.73,4.58,-3.02,6.39,58.0,221891,Médio
2015,7,2015-07-01,Sudeste,SP,Gasolina,4.67,4.3,5.28,-4.43,8.83,91.09,22289,Crítico
2015,7,2015-07-01,Sudeste,SP,Etanol,6.42,5.91,7.26,-1.2,6.83,86.41,239696,Crítico
2015,7,2015-07-01,Sudeste,SP,GNV,4.05,3.73,4.58,0.7,4.21,69.55,51849,Médio
2015,7,2015-07-01,Sudeste,RJ,Gasolina,6.83,6.28,7.72,3.44,10.95,98.26,118766,Médio
2015,7,2015-07-01,Sudeste,RJ,Etanol,6.22,5.72,7.02,2.99,6.06,86.8,141271,Alto
2015,7,2015-07-01,Sudeste,RJ,Diesel,3.84,3.53,4.34,2.25,2.25,70.59,103750,Crítico
2015,7,2015-07-01,Sudeste,RJ,GLP,3.07,2.82,3.46,0.06,8.06,105.78,33874,Baixo
2015,7,2015-07-01,Sudeste,MG,Diesel,7.46,6.86,8.43,-2.34,9.57,70.15,77062,Baixo
2015,7,2015-07-01,Sudeste,MG,Etanol,5.92,5.45,6.69,5.18,3.57,76.5,174141,Médio
2015,7,2015-07-01,Sudeste,MG,Gasolina,3.78,3.48,4.28,-6.18,5.14,70.86,187097,Crítico
2015,7,2015-07-01,Sudeste,ES,GNV,4.49,4.13,5.08,-3.95,7.62,52.73,209783,Médio
2015,7,2015-07-01,Sudeste,ES,GLP,4.44,4.08,5.01,-1.01,3.02,104.0,105526,Crítico
2015,7,2015-07-01,Sudeste,ES,GLP,7.19,6.61,8.12,-1.4,3.66,102.57,180916,Médio
2015,7,2015-07-01,Sul,PR,Gasolina,3.32,3.05,3.75,0.64,9.84,70.19,68524,Crítico
2015,7,2015-07-01,Sul,PR,Gasolina,4.94,4.55,5.58,-0.67,10.28,51.23,138335,Crítico
2015,7,2015-07-01,Sul,SC,GNV,6.03,5.55,6.81,1.48,3.49,105.81,33508,Médio
2015,7,2015-07-01,Sul,SC,GNV,5.7,5.24,6.44,-1.36,6.7,57.01,172517,Alto
2015,7,2015-07-01,Sul,RS,Gasolina,7.71,7.1,8.72,2.56,7.82,45.58,60892,Baixo
2015,7,2015-07-01,Sul,RS,Etanol,3.02,2.78,3.42,8.82,5.25,70.07,35637,Crítico
2015,8,2015-08-01,Norte,AM,GNV,4.88,4.49,5.51,-2.78,11.87,108.63,242539,Alto
2015,8,2015-08-01,Norte,PA,Etanol,3.79,3.49,4.28,3.94,2.92,63.04,42377,Baixo
2015,8,2015-08-01,Norte,PA,GLP,6.28,5.77,7.09,1.93,5.69,68.12,146025,Crítico
2015,8,2015-08-01,Norte,RO,Gasolina,5.08,4.67,5.74,2.84,2.24,101.59,137810,Crítico
2015,8,2015-08-01,Norte,TO,Etanol,4.47,4.11,5.05,0.14,9.32,48.04,106909,Baixo
2015,8,2015-08-01,Nordeste,BA,Gasolina,4.44,4.08,5.02,-0.35,5.78,82.18,98288,Médio
2015,8,2015-08-01,Nordeste,BA,Etanol,5.29,4.86,5.97,-3.32,5.7,45.37,144261,Alto
2015,8,2015-08-01,Nordeste,PE,Etanol,5.58,5.14,6.31,12.39,2.49,103.19,68511,Crítico
2015,8,2015-08-01,Nordeste,PE,GNV,6.3,5.8,7.12,-1.51,8.93,45.96,49133,Alto
2015,8,2015-08-01,Nordeste,CE,GLP,3.5,3.22,3.96,-2.53,2.3,74.31,146162,Alto
2015,8,2015-08-01,Nordeste,CE,Diesel,5.62,5.17,6.35,3.92,11.09,82.41,93726,Alto
2015,8,2015-08-01,Nordeste,MA,Diesel,7.92,7.28,8.95,-2.88,10.63,81.14,48904,Alto
2015,8,2015-08-01,Nordeste,PB,GLP,6.47,5.95,7.31,7.34,5.84,87.68,79965,Baixo
2015,8,2015-08-01,Centro-Oeste,DF,Etanol,7.06,6.5,7.98,6.6,11.33,52.07,36050,Alto
2015,8,2015-08-01,Centro-Oeste,GO,GNV,4.74,4.36,5.36,0.76,4.63,88.66,126707,Baixo
2015,8,2015-08-01,Centro-Oeste,GO,Etanol,5.1,4.69,5.77,-1.21,7.89,63.88,152019,Alto
2015,8,2015-08-01,Centro-Oeste,MT,GNV,5.68,5.23,6.42,-2.77,8.0,52.04,49270,Médio
2015,8,2015-08-01,Centro-Oeste,MS,Etanol,4.88,4.49,5.51,-1.01,10.38,106.05,226089,Médio
2015,8,2015-08-01,Sudeste,SP,Diesel,4.79,4.4,5.41,-2.21,6.78,76.29,237947,Baixo
2015,8,2015-08-01,Sudeste,SP,GLP,5.25,4.83,5.93,3.46,9.7,91.17,6893,Médio
2015,8,2015-08-01,Sudeste,SP,GLP,3.53,3.25,3.99,-3.43,4.27,65.4,32833,Crítico
2015,8,2015-08-01,Sudeste,RJ,GLP,3.11,2.86,3.52,2.15,4.13,79.8,135113,Médio
2015,8,2015-08-01,Sudeste,RJ,Diesel,4.09,3.76,4.62,-2.55,2.13,97.08,169711,Baixo
2015,8,2015-08-01,Sudeste,RJ,GLP,5.06,4.66,5.72,-2.43,10.86,69.22,243630,Crítico
2015,8,2015-08-01,Sudeste,RJ,Diesel,6.36,5.85,7.19,-5.99,9.12,79.36,80182,Crítico
2015,8,2015-08-01,Sudeste,MG,Gasolina,5.81,5.35,6.57,7.42,4.12,94.79,7417,Crítico
2015,8,2015-08-01,Sudeste,MG,Etanol,6.41,5.9,7.25,0.35,9.46,101.77,106165,Alto
2015,8,2015-08-01,Sudeste,MG,GLP,7.11,6.54,8.03,8.14,11.95,105.16,83900,Médio
2015,8,2015-08-01,Sudeste,ES,Diesel,3.93,3.62,4.44,10.45,4.01,48.74,108566,Baixo
2015,8,2015-08-01,Sudeste,ES,GNV,6.01,5.53,6.79,-1.8,10.17,46.76,58382,Crítico
2015,8,2015-08-01,Sudeste,ES,Gasolina,4.77,4.39,5.39,-5.28,3.86,88.38,41651,Baixo
2015,8,2015-08-01,Sul,PR,GLP,5.74,5.28,6.48,3.15,6.63,49.88,94399,Médio
2015,8,2015-08-01,Sul,PR,Etanol,5.9,5.43,6.67,1.95,9.89,97.98,155240,Alto
2015,8,2015-08-01,Sul,SC,GNV,3.6,3.31,4.07,-0.29,9.79,95.76,84584,Baixo
2015,8,2015-08-01,Sul,SC,Etanol,3.55,3.26,4.01,9.52,11.18,87.24,73302,Médio
2015,8,2015-08-01,Sul,RS,Diesel,7.16,6.59,8.09,-2.74,7.02,86.53,155200,Baixo
2015,8,2015-08-01,Sul,RS,GNV,7.14,6.57,8.07,-2.61,6.68,64.57,106429,Baixo
2015,9,2015-09-01,Norte,AM,Gasolina,3.89,3.58,4.39,-4.69,6.35,60.79,81918,Baixo
2015,9,2015-09-01,Norte,PA,Diesel,3.16,2.91,3.57,2.39,4.98,99.79,198734,Alto
2015,9,2015-09-01,Norte,PA,Diesel,6.75,6.21,7.63,1.56,6.79,51.23,107382,Médio
2015,9,2015-09-01,Norte,RO,Gasolina,5.74,5.28,6.49,-1.92,6.65,73.92,53096,Baixo
2015,9,2015-09-01,Norte,TO,GNV,5.25,4.83,5.94,-3.94,6.91,97.46,167712,Alto
2015,9,2015-09-01,Nordeste,BA,Etanol,6.52,6.0,7.37,-2.01,3.33,76.95,44722,Baixo
2015,9,2015-09-01,Nordeste,BA,Diesel,7.54,6.94,8.52,-2.13,2.85,54.03,88988,Médio
2015,9,2015-09-01,Nordeste,PE,Diesel,7.93,7.29,8.96,-6.12,11.36,70.69,216921,Baixo
2015,9,2015-09-01,Nordeste,PE,Etanol,5.76,5.3,6.51,-0.33,10.78,74.73,78446,Crítico
2015,9,2015-09-01,Nordeste,CE,Diesel,5.88,5.41,6.65,2.23,4.7,103.78,228341,Alto
2015,9,2015-09-01,Nordeste,CE,GLP,6.42,5.9,7.25,-3.93,6.12,99.43,18253,Médio
2015,9,2015-09-01,Nordeste,MA,Gasolina,4.49,4.13,5.07,-2.12,6.26,74.96,248387,Baixo
2015,9,2015-09-01,Nordeste,PB,GLP,6.66,6.13,7.52,0.05,9.28,61.33,208670,Médio
2015,9,2015-09-01,Centro-Oeste,DF,Diesel,5.77,5.31,6.52,-0.49,4.56,50.76,181172,Alto
2015,9,2015-09-01,Centro-Oeste,GO,Diesel,4.82,4.44,5.45,0.48,10.3,64.15,19765,Baixo
2015,9,2015-09-01,Centro-Oeste,GO,GNV,5.94,5.46,6.71,4.35,4.33,105.34,91360,Baixo
2015,9,2015-09-01,Centro-Oeste,MT,Gasolina,5.15,4.74,5.82,-2.83,2.94,56.29,216379,Baixo
2015,9,2015-09-01,Centro-Oeste,MS,GLP,3.09,2.84,3.49,-5.07,5.52,94.91,202945,Alto
2015,9,2015-09-01,Sudeste,SP,Gasolina,4.34,4.0,4.91,2.48,5.21,109.2,29751,Baixo
2015,9,2015-09-01,Sudeste,SP,GNV,7.21,6.63,8.15,-2.45,6.07,46.34,109961,Alto
2015,9,2015-09-01,Sudeste,SP,Diesel,3.74,3.44,4.22,10.1,4.7,80.51,148422,Alto
2015,9,2015-09-01,Sudeste,RJ,GNV,5.72,5.26,6.46,-2.42,5.06,97.49,9726,Alto
2015,9,2015-09-01,Sudeste,RJ,Diesel,4.65,4.28,5.26,8.22,6.97,77.98,60837,Crítico
2015,9,2015-09-01,Sudeste,RJ,Etanol,5.5,5.06,6.21,-0.34,7.68,57.91,185883,Baixo
2015,9,2015-09-01,Sudeste,RJ,Diesel,7.58,6.98,8.57,-3.36,8.66,72.58,141209,Baixo
2015,9,2015-09-01,Sudeste,MG,Diesel,5.06,4.66,5.72,-2.71,10.79,101.52,129830,Médio
2015,9,2015-09-01,Sudeste,MG,Etanol,5.87,5.4,6.63,2.51,9.53,68.83,47308,Crítico
2015,9,2015-09-01,Sudeste,MG,Diesel,5.66,5.21,6.4,3.22,6.79,93.06,192679,Baixo
2015,9,2015-09-01,Sudeste,ES,Etanol,3.74,3.44,4.23,-0.8,11.99,70.05,64258,Crítico
2015,9,2015-09-01,Sudeste,ES,Gasolina,3.8,3.5,4.3,3.5,10.91,75.82,204780,Baixo
2015,9,2015-09-01,Sudeste,ES,Diesel,3.94,3.62,4.45,-10.52,2.79,50.19,11418,Médio
2015,9,2015-09-01,Sul,PR,Diesel,4.98,4.58,5.63,3.88,7.6,77.27,126124,Alto
2015,9,2015-09-01,Sul,PR,Diesel,5.39,4.96,6.1,1.13,6.83,49.07,232034,Alto
2015,9,2015-09-01,Sul,SC,Gasolina,7.87,7.24,8.89,12.62,4.23,92.3,174278,Baixo
2015,9,2015-09-01,Sul,SC,Etanol,5.42,4.98,6.12,2.05,2.54,49.98,31301,Baixo
2015,9,2015-09-01,Sul,RS,GLP,3.71,3.41,4.19,-0.83,10.34,65.36,48867,Médio
2015,9,2015-09-01,Sul,RS,Etanol,3.99,3.67,4.51,0.1,8.78,81.82,245495,Médio
2015,10,2015-10-01,Norte,AM,GNV,3.4,3.13,3.85,-0.41,5.8,51.83,249731,Médio
2015,10,2015-10-01,Norte,PA,GNV,4.79,4.41,5.41,4.58,6.43,71.81,229339,Médio
2015,10,2015-10-01,Norte,PA,GLP,7.3,6.71,8.24,-1.18,10.03,62.02,26450,Alto
2015,10,2015-10-01,Norte,RO,Gasolina,3.61,3.32,4.08,0.79,7.05,63.37,95875,Baixo
2015,10,2015-10-01,Norte,TO,GNV,5.56,5.12,6.28,-0.58,3.39,63.41,197718,Alto
2015,10,2015-10-01,Nordeste,BA,Etanol,4.9,4.51,5.53,-1.96,11.23,92.09,100341,Alto
2015,10,2015-10-01,Nordeste,BA,GLP,4.78,4.39,5.4,5.54,5.45,55.36,152883,Alto
2015,10,2015-10-01,Nordeste,PE,GNV,6.32,5.82,7.14,-0.63,11.98,66.86,241605,Alto
2015,10,2015-10-01,Nordeste,PE,Gasolina,5.53,5.09,6.25,-2.4,6.92,99.55,160256,Alto
2015,10,2015-10-01,Nordeste,CE,Diesel,5.66,5.21,6.4,-3.87,7.2,99.18,62664,Alto
2015,10,2015-10-01,Nordeste,CE,Gasolina,3.29,3.03,3.72,4.36,3.67,53.39,120579,Baixo
2015,10,2015-10-01,Nordeste,MA,Etanol,4.78,4.4,5.4,-3.95,5.51,104.34,72895,Crítico
2015,10,2015-10-01,Nordeste,PB,GNV,3.83,3.53,4.33,2.74,11.52,82.51,194515,Médio
2015,10,2015-10-01,Centro-Oeste,DF,Diesel,6.0,5.52,6.77,1.58,5.17,50.04,10999,Médio
2015,10,2015-10-01,Centro-Oeste,GO,GNV,5.68,5.23,6.42,4.64,10.5,89.68,44696,Baixo
2015,10,2015-10-01,Centro-Oeste,GO,GNV,6.27,5.77,7.09,-0.77,4.46,91.52,68548,Médio
2015,10,2015-10-01,Centro-Oeste,MT,Diesel,4.92,4.53,5.56,-5.32,10.44,54.15,13525,Baixo
2015,10,2015-10-01,Centro-Oeste,MS,GNV,5.06,4.65,5.71,-1.8,11.81,69.57,88820,Alto
2015,10,2015-10-01,Sudeste,SP,Etanol,3.23,2.97,3.65,-5.78,11.63,81.67,199739,Alto
2015,10,2015-10-01,Sudeste,SP,Diesel,5.28,4.86,5.97,-2.87,2.85,53.39,239751,Alto
2015,10,2015-10-01,Sudeste,SP,Etanol,6.39,5.88,7.22,-5.44,5.82,70.12,117187,Médio
2015,10,2015-10-01,Sudeste,RJ,GNV,4.0,3.68,4.52,2.18,4.98,91.27,56692,Baixo
2015,10,2015-10-01,Sudeste,RJ,Diesel,6.25,5.75,7.06,3.48,5.67,93.72,62005,Médio
2015,10,2015-10-01,Sudeste,RJ,Diesel,6.37,5.86,7.19,4.82,6.72,55.55,47051,Baixo
2015,10,2015-10-01,Sudeste,RJ,GNV,7.66,7.05,8.66,-8.44,9.31,59.25,46383,Médio
2015,10,2015-10-01,Sudeste,MG,GLP,7.18,6.6,8.11,2.41,4.82,62.34,82925,Crítico
2015,10,2015-10-01,Sudeste,MG,GNV,3.81,3.51,4.31,-1.51,11.71,105.34,208770,Baixo
2015,10,2015-10-01,Sudeste,MG,GNV,6.74,6.2,7.61,-2.15,7.09,69.61,161945,Médio
2015,10,2015-10-01,Sudeste,ES,Gasolina,3.76,3.46,4.25,-2.77,6.12,95.69,125509,Crítico
2015,10,2015-10-01,Sudeste,ES,Etanol,6.42,5.91,7.26,-2.57,11.64,45.52,231825,Médio
2015,10,2015-10-01,Sudeste,ES,Gasolina,6.61,6.08,7.47,0.77,8.2,89.94,130810,Alto
2015,10,2015-10-01,Sul,PR,GNV,7.76,7.14,8.77,-6.93,7.37,56.76,5329,Baixo
2015,10,2015-10-01,Sul,PR,Gasolina,7.42,6.82,8.38,2.92,7.9,98.71,148701,Crítico
2015,10,2015-10-01,Sul,SC,Diesel,7.93,7.29,8.96,-4.53,8.26,66.57,24079,Baixo
2015,10,2015-10-01,Sul,SC,Diesel,3.86,3.55,4.36,1.63,8.59,91.15,240373,Médio
2015,10,2015-10-01,Sul,RS,Gasolina,5.73,5.27,6.48,4.63,7.42,61.18,202943,Crítico
2015,10,2015-10-01,Sul,RS,Gasolina,4.09,3.76,4.62,5.7,7.95,99.06,58885,Médio
2015,11,2015-11-01,Norte,AM,GNV,7.26,6.68,8.21,1.37,10.95,78.06,91208,Baixo
2015,11,2015-11-01,Norte,PA,GLP,3.11,2.86,3.52,-2.92,5.82,48.55,109145,Crítico
2015,11,2015-11-01,Norte,PA,GLP,7.87,7.24,8.89,7.56,2.32,53.51,122870,Crítico
2015,11,2015-11-01,Norte,RO,Gasolina,6.43,5.92,7.27,-5.16,4.28,47.01,164300,Médio
2015,11,2015-11-01,Norte,TO,GNV,5.26,4.84,5.94,-7.3,6.8,60.92,159308,Alto
2015,11,2015-11-01,Nordeste,BA,Diesel,8.0,7.36,9.04,-2.89,10.65,57.81,108410,Médio
2015,11,2015-11-01,Nordeste,BA,Gasolina,4.87,4.48,5.51,-2.41,7.58,60.42,141625,Baixo
2015,11,2015-11-01,Nordeste,PE,GLP,3.9,3.59,4.41,6.31,10.29,64.05,166691,Baixo
2015,11,2015-11-01,Nordeste,PE,GLP,3.48,3.2,3.93,-2.86,3.07,90.51,242046,Médio
2015,11,2015-11-01,Nordeste,CE,Gasolina,6.1,5.61,6.9,2.17,8.83,55.4,219017,Baixo
2015,11,2015-11-01,Nordeste,CE,Etanol,5.88,5.41,6.65,5.09,8.28,92.52,28132,Baixo
2015,11,2015-11-01,Nordeste,MA,GNV,6.77,6.23,7.65,-3.61,5.17,107.32,48940,Baixo
2015,11,2015-11-01,Nordeste,PB,Gasolina,4.82,4.44,5.45,-1.77,6.31,73.15,26403,Baixo
2015,11,2015-11-01,Centro-Oeste,DF,Etanol,5.19,4.77,5.86,1.87,11.44,91.37,17757,Baixo
2015,11,2015-11-01,Centro-Oeste,GO,GNV,4.19,3.86,4.74,1.03,2.81,58.0,221334,Baixo
2015,11,2015-11-01,Centro-Oeste,GO,Gasolina,3.79,3.49,4.29,8.85,4.85,66.75,18829,Crítico
2015,11,2015-11-01,Centro-Oeste,MT,Diesel,4.04,3.72,4.57,3.55,5.8,63.89,167044,Alto
2015,11,2015-11-01,Centro-Oeste,MS,GLP,7.1,6.54,8.03,-4.02,4.92,104.04,59245,Baixo
2015,11,2015-11-01,Sudeste,SP,Diesel,3.05,2.8,3.45,5.16,11.17,101.36,65961,Alto
2015,11,2015-11-01,Sudeste,SP,GLP,4.57,4.2,5.16,3.7,11.66,51.02,219731,Alto
2015,11,2015-11-01,Sudeste,SP,GLP,3.71,3.41,4.19,-2.94,7.24,70.6,193555,Médio
2015,11,2015-11-01,Sudeste,RJ,Gasolina,3.21,2.95,3.62,-1.34,2.71,48.79,7267,Baixo
2015,11,2015-11-01,Sudeste,RJ,Etanol,6.75,6.21,7.63,1.73,3.65,96.43,190594,Médio
2015,11,2015-11-01,Sudeste,RJ,Diesel,3.29,3.03,3.72,-1.24,7.08,83.32,95512,Alto
2015,11,2015-11-01,Sudeste,RJ,GLP,4.86,4.47,5.5,0.4,9.94,53.42,153830,Alto
2015,11,2015-11-01,Sudeste,MG,Gasolina,7.79,7.17,8.8,2.52,10.72,75.48,34713,Baixo
2015,11,2015-11-01,Sudeste,MG,GLP,6.62,6.09,7.48,-3.48,5.45,109.42,151883,Crítico
2015,11,2015-11-01,Sudeste,MG,Gasolina,6.57,6.05,7.43,4.53,3.45,101.86,183300,Médio
2015,11,2015-11-01,Sudeste,ES,Gasolina,6.67,6.14,7.54,3.87,3.04,76.07,64615,Médio
2015,11,2015-11-01,Sudeste,ES,Etanol,3.93,3.62,4.44,0.63,5.1,47.73,202058,Alto
2015,11,2015-11-01,Sudeste,ES,GNV,7.56,6.95,8.54,3.33,5.56,74.89,92525,Crítico
2015,11,2015-11-01,Sul,PR,Gasolina,6.84,6.3,7.73,1.39,11.98,93.51,190010,Baixo
2015,11,2015-11-01,Sul,PR,Gasolina,3.21,2.96,3.63,1.45,3.4,86.81,208666,Crítico
2015,11,2015-11-01,Sul,SC,Diesel,7.67,7.06,8.67,2.84,4.59,105.04,249551,Médio
2015,11,2015-11-01,Sul,SC,Etanol,5.83,5.36,6.59,-1.35,10.48,84.52,152161,Alto
2015,11,2015-11-01,Sul,RS,GLP,6.44,5.93,7.28,1.24,11.48,75.07,29279,Baixo
2015,11,2015-11-01,Sul,RS,Diesel,7.77,7.15,8.78,4.53,10.0,70.13,12591,Baixo
2015,12,2015-12-01,Norte,AM,Gasolina,7.02,6.46,7.93,1.15,3.13,95.03,48045,Crítico
2015,12,2015-12-01,Norte,PA,Diesel,3.19,2.93,3.6,-2.51,11.24,78.46,156956,Baixo
2015,12,2015-12-01,Norte,PA,Gasolina,5.99,5.51,6.76,5.38,10.78,81.78,29295,Baixo
2015,12,2015-12-01,Norte,RO,GNV,5.1,4.69,5.76,1.29,5.02,59.01,70872,Crítico
2015,12,2015-12-01,Norte,TO,Etanol,4.34,3.99,4.9,0.66,4.91,103.14,173788,Alto
2015,12,2015-12-01,Nordeste,BA,Gasolina,6.21,5.71,7.02,-3.02,5.69,50.06,75066,Baixo
2015,12,2015-12-01,Nordeste,BA,Gasolina,7.53,6.93,8.51,3.71,9.14,80.26,216205,Baixo
2015,12,2015-12-01,Nordeste,PE,Etanol,3.98,3.66,4.5,-1.77,6.23,53.86,112969,Baixo
2015,12,2015-12-01,Nordeste,PE,Etanol,4.08,3.75,4.61,-0.16,8.52,90.2,98026,Crítico
2015,12,2015-12-01,Nordeste,CE,GLP,4.49,4.13,5.08,3.94,6.78,96.26,57931,Alto
2015,12,2015-12-01,Nordeste,CE,Gasolina,6.42,5.91,7.26,3.7,9.92,102.96,199602,Alto
2015,12,2015-12-01,Nordeste,MA,Diesel,3.8,3.5,4.3,-3.16,10.67,53.38,41429,Médio
2015,12,2015-12-01,Nordeste,PB,Diesel,6.66,6.12,7.52,2.26,11.8,104.86,236100,Crítico
2015,12,2015-12-01,Centro-Oeste,DF,GNV,5.4,4.96,6.1,1.58,11.84,96.66,136197,Médio
2015,12,2015-12-01,Centro-Oeste,GO,Etanol,5.91,5.43,6.67,5.63,11.23,45.83,14229,Baixo
2015,12,2015-12-01,Centro-Oeste,GO,Diesel,6.13,5.64,6.93,6.27,9.91,50.04,191647,Crítico
2015,12,2015-12-01,Centro-Oeste,MT,GLP,7.95,7.32,8.99,4.03,2.29,101.38,158746,Baixo
2015,12,2015-12-01,Centro-Oeste,MS,Gasolina,3.62,3.33,4.09,1.93,9.03,108.83,54647,Crítico
2015,12,2015-12-01,Sudeste,SP,Gasolina,5.3,4.88,5.99,-0.25,9.41,84.31,138573,Crítico
2015,12,2015-12-01,Sudeste,SP,Diesel,6.78,6.24,7.67,0.8,10.3,48.84,138842,Alto
2015,12,2015-12-01,Sudeste,SP,GNV,7.63,7.02,8.62,-1.73,2.84,63.16,110970,Alto
2015,12,2015-12-01,Sudeste,RJ,Etanol,3.35,3.08,3.78,10.33,4.63,103.49,6698,Médio
2015,12,2015-12-01,Sudeste,RJ,Gasolina,4.04,3.72,4.56,-5.15,6.92,67.09,139788,Baixo
2015,12,2015-12-01,Sudeste,RJ,Diesel,7.2,6.62,8.13,3.0,8.72,72.08,237466,Baixo
2015,12,2015-12-01,Sudeste,RJ,Gasolina,7.54,6.94,8.52,4.75,11.74,91.22,30846,Médio
2015,12,2015-12-01,Sudeste,MG,Diesel,7.71,7.1,8.72,-3.53,5.64,77.42,236543,Baixo
2015,12,2015-12-01,Sudeste,MG,Diesel,5.06,4.65,5.71,2.55,5.02,87.34,124930,Baixo
2015,12,2015-12-01,Sudeste,MG,GLP,6.59,6.06,7.45,-1.98,4.79,45.88,244142,Baixo
2015,12,2015-12-01,Sudeste,ES,Diesel,5.69,5.24,6.43,-7.69,11.24,45.88,156059,Crítico
2015,12,2015-12-01,Sudeste,ES,Diesel,5.49,5.05,6.2,-0.97,8.75,83.98,132047,Médio
2015,12,2015-12-01,Sudeste,ES,GLP,5.52,5.08,6.24,-1.11,8.16,77.93,82679,Alto
2015,12,2015-12-01,Sul,PR,GNV,4.31,3.96,4.87,-2.93,5.27,98.31,133659,Crítico
2015,12,2015-12-01,Sul,PR,Etanol,4.91,4.52,5.55,9.5,10.74,54.66,239731,Baixo
2015,12,2015-12-01,Sul,SC,GNV,5.97,5.49,6.75,-2.72,5.65,78.83,241016,Crítico
2015,12,2015-12-01,Sul,SC,GLP,4.2,3.87,4.75,-0.76,4.35,49.31,58848,Médio
2015,12,2015-12-01,Sul,RS,Diesel,3.08,2.83,3.48,2.27,11.07,58.77,18290,Baixo
2015,12,2015-12-01,Sul,RS,Etanol,7.63,7.02,8.62,7.68,10.7,82.04,34967,Baixo
2016,1,2016-01-01,Norte,AM,Etanol,7.79,7.17,8.8,4.47,2.72,53.79,98581,Baixo
2016,1,2016-01-01,Norte,PA,Gasolina,4.89,4.5,5.52,-1.76,2.86,50.65,121750,Médio
2016,1,2016-01-01,Norte,PA,Etanol,7.88,7.25,8.91,3.6,8.39,107.73,173650,Médio
2016,1,2016-01-01,Norte,RO,Gasolina,3.17,2.91,3.58,0.97,7.75,49.81,197490,Baixo
2016,1,2016-01-01,Norte,TO,GLP,4.71,4.33,5.32,4.9,8.76,99.72,153398,Baixo
2016,1,2016-01-01,Nordeste,BA,Diesel,6.13,5.64,6.92,3.79,8.38,94.86,217666,Médio
2016,1,2016-01-01,Nordeste,BA,GLP,3.48,3.2,3.93,3.84,6.92,53.75,207499,Alto
2016,1,2016-01-01,Nordeste,PE,GLP,5.47,5.03,6.18,-5.75,4.39,88.8,143332,Alto
2016,1,2016-01-01,Nordeste,PE,Gasolina,7.02,6.45,7.93,0.22,3.38,108.99,43568,Médio
2016,1,2016-01-01,Nordeste,CE,GNV,4.65,4.28,5.26,-3.68,3.28,90.63,145758,Médio
2016,1,2016-01-01,Nordeste,CE,GNV,4.67,4.3,5.28,-5.24,6.56,45.63,135225,Crítico
2016,1,2016-01-01,Nordeste,MA,Diesel,3.62,3.33,4.09,-3.75,10.67,51.04,157186,Médio
2016,1,2016-01-01,Nordeste,PB,Etanol,5.71,5.25,6.45,-3.84,7.77,66.01,25364,Médio
2016,1,2016-01-01,Centro-Oeste,DF,GLP,4.35,4.0,4.92,3.29,7.35,67.16,180378,Crítico
2016,1,2016-01-01,Centro-Oeste,GO,Etanol,5.68,5.23,6.42,6.31,11.7,59.33,18881,Crítico
2016,1,2016-01-01,Centro-Oeste,GO,Gasolina,4.25,3.91,4.8,3.8,9.64,109.81,5146,Crítico
2016,1,2016-01-01,Centro-Oeste,MT,GLP,7.95,7.32,8.99,0.1,7.38,70.97,78511,Crítico
2016,1,2016-01-01,Centro-Oeste,MS,Gasolina,4.31,3.97,4.87,10.8,6.03,79.83,131624,Baixo
2016,1,2016-01-01,Sudeste,SP,Diesel,7.38,6.79,8.34,5.19,8.39,48.98,237532,Baixo
2016,1,2016-01-01,Sudeste,SP,Gasolina,4.6,4.23,5.19,0.55,2.38,84.23,78630,Baixo
2016,1,2016-01-01,Sudeste,SP,Etanol,4.24,3.9,4.79,7.71,11.71,97.47,112445,Médio
2016,1,2016-01-01,Sudeste,RJ,GLP,3.31,3.05,3.75,2.59,5.27,83.09,33171,Baixo
2016,1,2016-01-01,Sudeste,RJ,GLP,4.47,4.11,5.05,-0.08,10.32,80.42,46316,Médio
2016,1,2016-01-01,Sudeste,RJ,GLP,3.38,3.11,3.82,5.31,8.85,64.04,94453,Médio
2016,1,2016-01-01,Sudeste,RJ,Etanol,6.35,5.85,7.18,1.11,10.55,88.71,235122,Crítico
2016,1,2016-01-01,Sudeste,MG,Gasolina,7.1,6.53,8.02,5.93,6.14,86.54,118251,Médio
2016,1,2016-01-01,Sudeste,MG,GNV,3.19,2.93,3.6,0.12,8.93,107.55,203879,Alto
2016,1,2016-01-01,Sudeste,MG,Etanol,6.96,6.4,7.86,3.17,2.09,61.2,173838,Alto
2016,1,2016-01-01,Sudeste,ES,Etanol,5.26,4.84,5.94,1.57,3.35,89.72,246172,Alto
2016,1,2016-01-01,Sudeste,ES,GNV,6.12,5.63,6.92,-5.12,5.82,75.27,230835,Médio
2016,1,2016-01-01,Sudeste,ES,Diesel,5.52,5.08,6.24,-7.01,6.79,95.16,93858,Alto
2016,1,2016-01-01,Sul,PR,Gasolina,7.77,7.15,8.78,0.22,5.31,48.98,66567,Baixo
2016,1,2016-01-01,Sul,PR,GNV,5.0,4.6,5.65,1.15,3.48,67.9,98569,Baixo
2016,1,2016-01-01,Sul,SC,Etanol,7.71,7.09,8.71,3.65,3.65,59.84,16257,Médio
2016,1,2016-01-01,Sul,SC,Diesel,5.29,4.87,5.98,-8.53,9.4,54.62,238837,Baixo
2016,1,2016-01-01,Sul,RS,Gasolina,4.08,3.75,4.6,-1.7,9.43,98.12,121501,Alto
2016,1,2016-01-01,Sul,RS,Etanol,7.22,6.64,8.15,-0.48,2.35,86.22,67029,Médio
2016,2,2016-02-01,Norte,AM,Gasolina,6.51,5.99,7.35,-1.99,2.0,97.91,65449,Médio
2016,2,2016-02-01,Norte,PA,Diesel,4.31,3.97,4.87,2.76,3.17,66.07,193985,Baixo
2016,2,2016-02-01,Norte,PA,Diesel,6.11,5.62,6.9,3.52,11.85,90.91,179959,Baixo
2016,2,2016-02-01,Norte,RO,GNV,5.23,4.82,5.91,-5.21,11.14,89.59,203914,Alto
2016,2,2016-02-01,Norte,TO,GLP,5.68,5.23,6.42,4.48,8.96,63.01,116257,Crítico
2016,2,2016-02-01,Nordeste,BA,Diesel,6.08,5.59,6.87,-3.11,8.47,95.5,22192,Crítico
2016,2,2016-02-01,Nordeste,BA,GNV,7.73,7.11,8.74,-2.47,4.8,77.99,21561,Alto
2016,2,2016-02-01,Nordeste,PE,GNV,4.28,3.94,4.84,7.02,2.05,82.57,157676,Alto
2016,2,2016-02-01,Nordeste,PE,Diesel,4.29,3.94,4.85,-4.71,5.73,85.67,90461,Crítico
2016,2,2016-02-01,Nordeste,CE,Etanol,7.43,6.84,8.4,1.6,3.42,82.25,121389,Baixo
2016,2,2016-02-01,Nordeste,CE,GNV,7.57,6.96,8.55,6.87,8.38,83.52,108650,Médio
2016,2,2016-02-01,Nordeste,MA,GLP,5.5,5.06,6.21,8.81,6.14,48.65,164650,Baixo
2016,2,2016-02-01,Nordeste,PB,GNV,5.46,5.02,6.17,2.9,3.62,66.8,123923,Alto
2016,2,2016-02-01,Centro-Oeste,DF,GNV,4.29,3.95,4.85,-0.19,6.71,87.46,59773,Crítico
2016,2,2016-02-01,Centro-Oeste,GO,GLP,4.75,4.37,5.36,-3.02,6.09,103.57,234995,Baixo
2016,2,2016-02-01,Centro-Oeste,GO,GLP,5.31,4.88,6.0,5.37,9.8,55.31,155937,Médio
2016,2,2016-02-01,Centro-Oeste,MT,GLP,5.68,5.23,6.42,-3.14,3.0,51.8,124240,Baixo
2016,2,2016-02-01,Centro-Oeste,MS,GLP,7.99,7.35,9.02,-2.94,4.12,86.81,36034,Baixo
2016,2,2016-02-01,Sudeste,SP,Gasolina,4.46,4.11,5.04,6.14,10.01,105.52,185416,Médio
2016,2,2016-02-01,Sudeste,SP,GLP,4.91,4.51,5.54,5.21,4.93,109.3,19663,Alto
2016,2,2016-02-01,Sudeste,SP,GLP,5.99,5.51,6.77,-4.03,3.4,98.51,22392,Médio
2016,2,2016-02-01,Sudeste,RJ,Gasolina,7.51,6.91,8.49,-2.06,8.03,66.73,233957,Baixo
2016,2,2016-02-01,Sudeste,RJ,Gasolina,6.01,5.52,6.79,6.74,7.67,51.48,57453,Alto
2016,2,2016-02-01,Sudeste,RJ,Diesel,7.9,7.26,8.92,1.92,9.59,96.42,53907,Médio
2016,2,2016-02-01,Sudeste,RJ,GNV,5.91,5.44,6.68,-2.18,4.89,66.54,33380,Baixo
2016,2,2016-02-01,Sudeste,MG,Etanol,6.57,6.04,7.42,-0.3,6.82,75.25,119149,Crítico
2016,2,2016-02-01,Sudeste,MG,Etanol,4.6,4.23,5.19,-0.82,9.27,76.39,87990,Médio
2016,2,2016-02-01,Sudeste,MG,Gasolina,5.19,4.78,5.87,1.54,6.22,59.43,184024,Crítico
2016,2,2016-02-01,Sudeste,ES,Gasolina,7.87,7.24,8.89,-4.78,10.42,53.73,26705,Baixo
2016,2,2016-02-01,Sudeste,ES,GNV,4.71,4.33,5.32,-4.64,10.76,68.86,98635,Alto
2016,2,2016-02-01,Sudeste,ES,Diesel,6.36,5.85,7.19,7.21,4.99,62.11,219369,Baixo
2016,2,2016-02-01,Sul,PR,Diesel,6.99,6.43,7.9,0.61,10.49,88.01,226423,Alto
2016,2,2016-02-01,Sul,PR,Diesel,6.85,6.3,7.74,4.53,6.98,91.29,110854,Médio
2016,2,2016-02-01,Sul,SC,GNV,7.64,7.03,8.63,4.98,6.82,100.65,76140,Médio
2016,2,2016-02-01,Sul,SC,GLP,6.23,5.73,7.04,1.74,4.99,75.89,105017,Crítico
2016,2,2016-02-01,Sul,RS,Diesel,5.91,5.44,6.68,5.14,8.52,70.4,145501,Baixo
2016,2,2016-02-01,Sul,RS,GLP,6.63,6.1,7.49,-0.4,2.06,49.96,167790,Baixo
2016,3,2016-03-01,Norte,AM,Diesel,3.96,3.64,4.47,6.87,11.11,92.31,117769,Médio
2016,3,2016-03-01,Norte,PA,Diesel,6.59,6.06,7.44,3.95,2.59,74.65,123379,Baixo
2016,3,2016-03-01,Norte,PA,Diesel,7.98,7.34,9.02,2.51,9.13,85.74,200700,Crítico
2016,3,2016-03-01,Norte,RO,GNV,6.14,5.65,6.94,0.01,11.23,70.19,154420,Crítico
2016,3,2016-03-01,Norte,TO,Diesel,4.87,4.48,5.5,4.11,9.4,47.19,21141,Baixo
2016,3,2016-03-01,Nordeste,BA,GNV,7.91,7.27,8.93,2.89,4.73,48.02,228383,Crítico
2016,3,2016-03-01,Nordeste,BA,Diesel,4.12,3.79,4.65,-4.46,5.03,46.1,132812,Alto
2016,3,2016-03-01,Nordeste,PE,GLP,6.55,6.02,7.4,7.01,9.87,89.25,47664,Baixo
2016,3,2016-03-01,Nordeste,PE,Etanol,6.94,6.38,7.84,2.19,5.58,109.25,196897,Alto
2016,3,2016-03-01,Nordeste,CE,Diesel,4.42,4.06,4.99,-2.03,11.95,46.13,179479,Crítico
2016,3,2016-03-01,Nordeste,CE,GNV,6.31,5.8,7.13,-1.35,3.66,98.33,94729,Baixo
2016,3,2016-03-01,Nordeste,MA,GLP,4.4,4.05,4.97,-6.15,6.03,108.99,69651,Alto
2016,3,2016-03-01,Nordeste,PB,GNV,4.64,4.27,5.24,-1.64,2.7,61.53,76392,Baixo
2016,3,2016-03-01,Centro-Oeste,DF,GNV,4.31,3.97,4.87,2.52,4.36,105.51,138204,Baixo
2016,3,2016-03-01,Centro-Oeste,GO,Gasolina,4.16,3.83,4.7,-1.17,5.16,97.8,120871,Crítico
2016,3,2016-03-01,Centro-Oeste,GO,GNV,3.61,3.32,4.08,-1.75,8.56,48.66,8788,Médio
2016,3,2016-03-01,Centro-Oeste,MT,Gasolina,7.94,7.31,8.97,3.4,11.12,80.03,161709,Médio
2016,3,2016-03-01,Centro-Oeste,MS,GLP,6.36,5.85,7.19,3.63,7.48,74.43,120925,Médio
2016,3,2016-03-01,Sudeste,SP,GNV,4.82,4.43,5.44,-0.15,10.09,62.12,64937,Médio
2016,3,2016-03-01,Sudeste,SP,GNV,5.9,5.43,6.67,6.54,7.73,52.78,154240,Crítico
2016,3,2016-03-01,Sudeste,SP,Diesel,3.83,3.52,4.33,-0.44,8.16,79.96,48938,Médio
2016,3,2016-03-01,Sudeste,RJ,Etanol,4.09,3.76,4.62,2.42,6.07,99.64,220433,Alto
2016,3,2016-03-01,Sudeste,RJ,GNV,5.55,5.11,6.27,2.58,11.16,61.27,100882,Baixo
2016,3,2016-03-01,Sudeste,RJ,GNV,3.39,3.12,3.84,-3.1,6.05,61.68,225338,Médio
2016,3,2016-03-01,Sudeste,RJ,GLP,7.25,6.67,8.19,7.0,7.76,48.57,216838,Baixo
2016,3,2016-03-01,Sudeste,MG,Etanol,7.13,6.56,8.06,-3.25,7.22,72.72,124967,Alto
2016,3,2016-03-01,Sudeste,MG,Diesel,6.25,5.75,7.06,-5.82,6.73,51.28,7229,Baixo
2016,3,2016-03-01,Sudeste,MG,Gasolina,3.22,2.96,3.64,3.7,5.95,51.03,216550,Médio
2016,3,2016-03-01,Sudeste,ES,Gasolina,5.23,4.81,5.91,-7.03,2.66,71.46,61792,Alto
2016,3,2016-03-01,Sudeste,ES,Etanol,3.18,2.93,3.6,-0.79,6.9,55.87,176341,Crítico
2016,3,2016-03-01,Sudeste,ES,Etanol,4.28,3.94,4.84,1.41,7.32,52.36,210853,Médio
2016,3,2016-03-01,Sul,PR,Diesel,4.38,4.03,4.95,0.5,2.43,70.46,170570,Alto
2016,3,2016-03-01,Sul,PR,Gasolina,5.89,5.42,6.65,1.3,3.93,109.3,43833,Médio
2016,3,2016-03-01,Sul,SC,GLP,3.23,2.97,3.65,-0.2,9.69,90.12,135892,Alto
2016,3,2016-03-01,Sul,SC,Etanol,5.9,5.43,6.67,-1.89,4.1,70.12,93587,Crítico
2016,3,2016-03-01,Sul,RS,Diesel,4.3,3.96,4.86,1.25,3.81,53.63,60081,Baixo
2016,3,2016-03-01,Sul,RS,Diesel,6.97,6.41,7.88,1.23,10.08,58.97,127015,Alto
2016,4,2016-04-01,Norte,AM,GNV,3.28,3.01,3.7,-3.74,11.45,72.75,162369,Médio
2016,4,2016-04-01,Norte,PA,GLP,6.88,6.33,7.77,2.48,9.07,64.56,5094,Médio
2016,4,2016-04-01,Norte,PA,Diesel,3.58,3.3,4.05,7.81,5.28,90.67,151875,Médio
2016,4,2016-04-01,Norte,RO,GNV,7.73,7.11,8.73,-3.59,3.49,83.13,233667,Baixo
2016,4,2016-04-01,Norte,TO,Etanol,6.37,5.86,7.2,-2.76,8.56,91.08,89017,Médio
2016,4,2016-04-01,Nordeste,BA,Etanol,5.19,4.78,5.87,3.56,10.47,68.64,229077,Baixo
2016,4,2016-04-01,Nordeste,BA,Etanol,6.18,5.69,6.98,4.11,8.18,75.24,123564,Crítico
2016,4,2016-04-01,Nordeste,PE,Etanol,5.29,4.87,5.98,-6.74,11.84,46.95,220731,Baixo
2016,4,2016-04-01,Nordeste,PE,GLP,5.57,5.13,6.29,1.86,11.26,108.97,17971,Alto
2016,4,2016-04-01,Nordeste,CE,Gasolina,3.01,2.77,3.4,2.35,4.26,101.45,84538,Crítico
2016,4,2016-04-01,Nordeste,CE,Diesel,4.87,4.48,5.5,-0.82,8.06,47.71,35242,Crítico
2016,4,2016-04-01,Nordeste,MA,Diesel,7.6,6.99,8.58,-4.88,2.99,90.64,143307,Médio
2016,4,2016-04-01,Nordeste,PB,Diesel,5.73,5.27,6.48,2.61,8.43,94.01,239085,Crítico
2016,4,2016-04-01,Centro-Oeste,DF,GLP,7.83,7.2,8.84,8.08,9.54,96.69,105255,Médio
2016,4,2016-04-01,Centro-Oeste,GO,GLP,7.89,7.25,8.91,0.67,6.59,76.7,80128,Baixo
2016,4,2016-04-01,Centro-Oeste,GO,Gasolina,4.16,3.82,4.7,2.58,2.18,66.28,87139,Médio
2016,4,2016-04-01,Centro-Oeste,MT,Diesel,5.31,4.88,6.0,-6.32,9.24,50.9,35461,Baixo
2016,4,2016-04-01,Centro-Oeste,MS,Diesel,3.92,3.61,4.43,-2.49,6.07,54.07,158605,Médio
2016,4,2016-04-01,Sudeste,SP,GLP,7.03,6.47,7.94,6.55,3.46,60.35,21982,Crítico
2016,4,2016-04-01,Sudeste,SP,GLP,3.14,2.89,3.55,-0.37,10.96,68.08,94573,Médio
2016,4,2016-04-01,Sudeste,SP,Etanol,4.87,4.48,5.5,2.31,11.6,55.84,43305,Médio
2016,4,2016-04-01,Sudeste,RJ,Diesel,6.31,5.8,7.13,2.56,8.94,57.99,97251,Alto
2016,4,2016-04-01,Sudeste,RJ,GNV,4.87,4.48,5.51,-2.25,10.71,104.47,239420,Baixo
2016,4,2016-04-01,Sudeste,RJ,Diesel,3.0,2.76,3.39,-10.32,9.24,96.35,186840,Alto
2016,4,2016-04-01,Sudeste,RJ,Gasolina,4.8,4.42,5.42,6.46,10.26,107.22,47734,Crítico
2016,4,2016-04-01,Sudeste,MG,GLP,3.43,3.15,3.87,6.24,4.55,79.26,120874,Baixo
2016,4,2016-04-01,Sudeste,MG,Diesel,3.35,3.08,3.78,4.35,8.74,98.3,13024,Baixo
2016,4,2016-04-01,Sudeste,MG,Etanol,6.14,5.64,6.93,-2.61,4.52,102.38,199653,Médio
2016,4,2016-04-01,Sudeste,ES,GLP,3.49,3.21,3.94,-1.67,5.17,59.02,31029,Médio
2016,4,2016-04-01,Sudeste,ES,GLP,5.71,5.25,6.45,2.63,10.48,62.13,76929,Crítico
2016,4,2016-04-01,Sudeste,ES,Gasolina,7.02,6.46,7.94,1.85,11.93,61.6,105813,Baixo
2016,4,2016-04-01,Sul,PR,Diesel,3.64,3.35,4.11,0.09,2.09,98.11,237108,Baixo
2016,4,2016-04-01,Sul,PR,Diesel,4.3,3.96,4.86,-0.05,4.44,62.73,104111,Alto
2016,4,2016-04-01,Sul,SC,Etanol,7.82,7.19,8.84,-4.95,9.79,59.24,234579,Alto
2016,4,2016-04-01,Sul,SC,GLP,4.04,3.71,4.56,3.69,3.6,106.9,53462,Alto
2016,4,2016-04-01,Sul,RS,GNV,6.59,6.06,7.44,-4.33,5.69,84.29,132959,Médio
2016,4,2016-04-01,Sul,RS,Etanol,7.76,7.14,8.77,2.2,3.66,108.63,229703,Baixo
2016,5,2016-05-01,Norte,AM,Etanol,4.94,4.55,5.59,-3.46,5.49,109.22,118922,Baixo
2016,5,2016-05-01,Norte,PA,Diesel,3.4,3.13,3.85,0.75,10.29,92.67,61310,Médio
2016,5,2016-05-01,Norte,PA,Etanol,7.83,7.21,8.85,4.27,3.87,64.35,176399,Médio
2016,5,2016-05-01,Norte,RO,Diesel,3.38,3.11,3.82,4.84,3.0,59.15,199145,Médio
2016,5,2016-05-01,Norte,TO,GLP,4.32,3.97,4.88,-1.01,11.96,93.38,237000,Alto
2016,5,2016-05-01,Nordeste,BA,Gasolina,3.06,2.82,3.46,-2.06,10.67,65.34,20923,Médio
2016,5,2016-05-01,Nordeste,BA,GLP,4.81,4.42,5.43,-0.81,8.17,95.4,130610,Alto
2016,5,2016-05-01,Nordeste,PE,GNV,5.27,4.85,5.96,0.46,8.9,75.74,183980,Alto
2016,5,2016-05-01,Nordeste,PE,Gasolina,6.62,6.09,7.48,-0.12,5.49,48.14,187877,Baixo
2016,5,2016-05-01,Nordeste,CE,Etanol,7.73,7.11,8.74,0.64,6.36,52.08,102202,Médio
2016,5,2016-05-01,Nordeste,CE,Etanol,5.49,5.05,6.2,-0.8,2.46,98.37,48294,Crítico
2016,5,2016-05-01,Nordeste,MA,Gasolina,6.45,5.93,7.29,7.53,3.96,80.29,26105,Baixo
2016,5,2016-05-01,Nordeste,PB,GLP,4.34,3.99,4.9,-5.59,6.99,82.82,104841,Médio
2016,5,2016-05-01,Centro-Oeste,DF,GLP,7.19,6.61,8.12,1.78,7.7,107.32,71821,Crítico
2016,5,2016-05-01,Centro-Oeste,GO,Etanol,4.3,3.96,4.86,-6.7,11.24,101.8,96643,Crítico
2016,5,2016-05-01,Centro-Oeste,GO,Diesel,7.56,6.95,8.54,-4.37,5.67,68.68,144490,Crítico
2016,5,2016-05-01,Centro-Oeste,MT,GLP,6.49,5.97,7.34,-1.9,4.62,77.03,65688,Médio
2016,5,2016-05-01,Centro-Oeste,MS,GLP,4.02,3.69,4.54,-0.38,4.18,76.65,126217,Médio
2016,5,2016-05-01,Sudeste,SP,Etanol,3.34,3.07,3.77,0.15,2.22,109.58,57295,Crítico
2016,5,2016-05-01,Sudeste,SP,Etanol,3.54,3.25,4.0,-2.18,3.73,78.67,180020,Baixo
2016,5,2016-05-01,Sudeste,SP,GNV,3.96,3.65,4.48,-3.42,8.15,87.22,162873,Baixo
2016,5,2016-05-01,Sudeste,RJ,GLP,5.6,5.15,6.32,-1.06,2.92,70.85,120165,Crítico
2016,5,2016-05-01,Sudeste,RJ,Etanol,6.44,5.92,7.28,6.73,9.49,51.41,176497,Alto
2016,5,2016-05-01,Sudeste,RJ,Etanol,7.92,7.29,8.95,-0.03,6.39,67.42,192272,Alto
2016,5,2016-05-01,Sudeste,RJ,Gasolina,7.55,6.94,8.53,-1.36,6.49,94.86,186005,Baixo
2016,5,2016-05-01,Sudeste,MG,GNV,6.44,5.92,7.28,6.22,3.91,58.58,88142,Alto
2016,5,2016-05-01,Sudeste,MG,GLP,6.98,6.42,7.88,0.09,4.01,102.07,213484,Médio
2016,5,2016-05-01,Sudeste,MG,Gasolina,3.32,3.06,3.75,6.0,9.84,79.45,180841,Crítico
2016,5,2016-05-01,Sudeste,ES,Gasolina,3.5,3.22,3.96,-5.98,3.67,87.16,182658,Baixo
2016,5,2016-05-01,Sudeste,ES,Diesel,7.34,6.75,8.29,1.96,2.9,88.06,197487,Médio
2016,5,2016-05-01,Sudeste,ES,Etanol,3.97,3.65,4.48,1.7,9.9,54.36,21363,Crítico
2016,5,2016-05-01,Sul,PR,GLP,7.51,6.91,8.48,1.31,10.6,86.37,156372,Médio
2016,5,2016-05-01,Sul,PR,GNV,4.47,4.11,5.05,1.03,5.36,73.74,111385,Crítico
2016,5,2016-05-01,Sul,SC,GLP,5.37,4.94,6.07,2.18,5.12,79.18,6303,Médio
2016,5,2016-05-01,Sul,SC,Diesel,5.64,5.19,6.37,1.23,8.98,90.98,202591,Crítico
2016,5,2016-05-01,Sul,RS,Gasolina,7.86,7.23,8.88,-0.51,6.15,70.16,10893,Médio
2016,5,2016-05-01,Sul,RS,Etanol,7.68,7.07,8.68,2.64,4.64,67.49,212384,Médio
2016,6,2016-06-01,Norte,AM,Diesel,6.93,6.37,7.83,-3.92,6.55,67.61,35494,Alto
2016,6,2016-06-01,Norte,PA,Diesel,3.63,3.34,4.1,-1.36,8.62,60.97,111169,Alto
2016,6,2016-06-01,Norte,PA,GLP,6.22,5.73,7.03,0.96,4.24,61.42,239934,Alto
2016,6,2016-06-01,Norte,RO,Etanol,5.78,5.32,6.53,-1.95,9.13,81.03,52590,Médio
2016,6,2016-06-01,Norte,TO,GNV,5.71,5.25,6.45,3.38,8.03,63.5,108508,Médio
2016,6,2016-06-01,Nordeste,BA,GNV,7.3,6.71,8.24,-2.22,2.66,75.46,48380,Baixo
2016,6,2016-06-01,Nordeste,BA,Etanol,4.97,4.57,5.62,-6.81,5.09,74.88,181694,Crítico
2016,6,2016-06-01,Nordeste,PE,GNV,6.35,5.84,7.17,4.0,8.86,91.62,198207,Crítico
2016,6,2016-06-01,Nordeste,PE,Etanol,3.53,3.25,3.99,-3.49,8.01,73.12,28882,Médio
2016,6,2016-06-01,Nordeste,CE,GLP,6.26,5.76,7.07,1.92,9.44,101.0,132004,Alto
2016,6,2016-06-01,Nordeste,CE,Diesel,3.99,3.67,4.5,3.29,6.2,77.79,242161,Médio
2016,6,2016-06-01,Nordeste,MA,GNV,4.93,4.54,5.57,2.41,5.92,103.88,137462,Médio
2016,6,2016-06-01,Nordeste,PB,Diesel,3.7,3.4,4.18,-1.78,8.03,97.01,226093,Alto
2016,6,2016-06-01,Centro-Oeste,DF,GNV,5.61,5.16,6.33,-1.58,4.75,64.95,113527,Médio
2016,6,2016-06-01,Centro-Oeste,GO,Gasolina,7.18,6.61,8.12,1.86,11.81,51.06,138486,Baixo
2016,6,2016-06-01,Centro-Oeste,GO,Etanol,3.52,3.24,3.98,7.46,6.88,49.75,155592,Alto
2016,6,2016-06-01,Centro-Oeste,MT,Gasolina,6.51,5.99,7.36,-1.2,8.32,80.38,163663,Crítico
2016,6,2016-06-01,Centro-Oeste,MS,Etanol,4.26,3.92,4.81,-6.19,11.44,97.66,219026,Alto
2016,6,2016-06-01,Sudeste,SP,Gasolina,7.99,7.35,9.03,-0.08,2.19,96.0,79534,Crítico
2016,6,2016-06-01,Sudeste,SP,GNV,6.72,6.18,7.59,0.88,4.91,54.01,217244,Crítico
2016,6,2016-06-01,Sudeste,SP,Gasolina,5.07,4.67,5.73,2.62,4.74,69.34,51862,Baixo
2016,6,2016-06-01,Sudeste,RJ,Gasolina,7.75,7.13,8.75,-3.61,2.09,105.49,65838,Crítico
2016,6,2016-06-01,Sudeste,RJ,GNV,3.13,2.88,3.54,-3.98,5.27,76.29,56260,Baixo
2016,6,2016-06-01,Sudeste,RJ,GLP,3.33,3.06,3.76,3.02,5.5,83.74,98060,Baixo
2016,6,2016-06-01,Sudeste,RJ,Gasolina,5.64,5.19,6.37,-0.37,4.54,102.33,167709,Crítico
2016,6,2016-06-01,Sudeste,MG,Etanol,3.61,3.32,4.08,5.3,5.26,92.46,15194,Baixo
2016,6,2016-06-01,Sudeste,MG,GLP,6.12,5.63,6.91,-0.18,4.63,96.36,150224,Médio
2016,6,2016-06-01,Sudeste,MG,GLP,6.33,5.83,7.16,1.26,2.8,97.33,173718,Crítico
2016,6,2016-06-01,Sudeste,ES,GNV,5.42,4.99,6.13,-0.63,6.7,50.63,214307,Baixo
2016,6,2016-06-01,Sudeste,ES,Diesel,4.46,4.1,5.04,2.39,8.09,92.64,47148,Baixo
2016,6,2016-06-01,Sudeste,ES,Gasolina,6.01,5.53,6.79,6.59,9.38,84.52,119128,Baixo
2016,6,2016-06-01,Sul,PR,Diesel,6.0,5.52,6.78,-2.38,5.46,95.36,230337,Alto
2016,6,2016-06-01,Sul,PR,Gasolina,7.17,6.6,8.1,2.12,5.06,92.25,26459,Crítico
2016,6,2016-06-01,Sul,SC,Etanol,7.83,7.21,8.85,4.23,6.85,66.46,29497,Crítico
2016,6,2016-06-01,Sul,SC,GLP,5.71,5.26,6.46,5.08,4.83,101.38,110537,Crítico
2016,6,2016-06-01,Sul,RS,Diesel,3.24,2.98,3.66,-0.83,7.57,87.2,66361,Alto
2016,6,2016-06-01,Sul,RS,Diesel,5.94,5.46,6.71,4.27,3.55,77.68,28157,Alto
2016,7,2016-07-01,Norte,AM,GNV,4.28,3.94,4.84,2.12,7.47,59.32,238256,Crítico
2016,7,2016-07-01,Norte,PA,GLP,4.86,4.47,5.49,-1.61,9.04,65.46,161215,Crítico
2016,7,2016-07-01,Norte,PA,Gasolina,3.23,2.97,3.65,-3.58,10.79,62.89,163664,Crítico
2016,7,2016-07-01,Norte,RO,GNV,3.17,2.92,3.58,2.67,8.83,63.84,148562,Médio
2016,7,2016-07-01,Norte,TO,GLP,3.79,3.48,4.28,0.52,2.66,106.31,229209,Crítico
2016,7,2016-07-01,Nordeste,BA,Etanol,6.69,6.15,7.55,-0.24,3.66,54.08,139334,Crítico
2016,7,2016-07-01,Nordeste,BA,Gasolina,4.24,3.9,4.79,2.25,7.57,105.5,219079,Alto
2016,7,2016-07-01,Nordeste,PE,Gasolina,3.17,2.91,3.58,0.02,8.43,64.14,51776,Médio
2016,7,2016-07-01,Nordeste,PE,Etanol,6.29,5.79,7.11,7.26,8.04,105.35,116557,Baixo
2016,7,2016-07-01,Nordeste,CE,Diesel,7.36,6.77,8.32,5.69,2.23,61.99,94843,Médio
2016,7,2016-07-01,Nordeste,CE,Gasolina,3.43,3.15,3.87,-6.32,3.2,56.78,190716,Médio
2016,7,2016-07-01,Nordeste,MA,Etanol,5.49,5.05,6.2,-2.37,2.6,71.7,29582,Baixo
2016,7,2016-07-01,Nordeste,PB,Diesel,5.81,5.34,6.56,2.08,2.58,97.84,202899,Alto
2016,7,2016-07-01,Centro-Oeste,DF,Diesel,5.42,4.99,6.12,5.36,8.57,53.08,231723,Alto
2016,7,2016-07-01,Centro-Oeste,GO,Etanol,5.41,4.98,6.11,-1.94,3.84,61.04,32047,Baixo
2016,7,2016-07-01,Centro-Oeste,GO,Etanol,3.65,3.36,4.13,-4.6,6.92,64.29,178413,Alto
2016,7,2016-07-01,Centro-Oeste,MT,Etanol,3.79,3.49,4.28,-1.26,2.06,56.76,18912,Médio
2016,7,2016-07-01,Centro-Oeste,MS,GNV,3.9,3.59,4.41,2.94,2.29,101.5,235436,Alto
2016,7,2016-07-01,Sudeste,SP,GLP,5.65,5.2,6.39,2.77,10.73,94.95,145338,Alto
2016,7,2016-07-01,Sudeste,SP,Etanol,6.45,5.94,7.29,-0.09,8.08,93.6,52329,Alto
2016,7,2016-07-01,Sudeste,SP,Gasolina,4.4,4.05,4.97,2.52,10.99,93.26,113906,Baixo
2016,7,2016-07-01,Sudeste,RJ,GLP,6.63,6.1,7.5,1.12,10.76,58.54,124700,Baixo
2016,7,2016-07-01,Sudeste,RJ,GLP,4.71,4.33,5.32,-3.53,8.25,90.47,197742,Crítico
2016,7,2016-07-01,Sudeste,RJ,Diesel,5.73,5.28,6.48,5.8,9.59,61.49,23424,Crítico
2016,7,2016-07-01,Sudeste,RJ,Etanol,6.79,6.25,7.67,5.94,9.11,83.34,202708,Médio
2016,7,2016-07-01,Sudeste,MG,Diesel,5.37,4.94,6.07,-2.3,6.4,103.65,155640,Médio
2016,7,2016-07-01,Sudeste,MG,Gasolina,7.48,6.88,8.45,-0.58,9.27,54.83,122663,Alto
2016,7,2016-07-01,Sudeste,MG,Gasolina,6.11,5.62,6.9,5.62,11.35,97.36,142105,Crítico
2016,7,2016-07-01,Sudeste,ES,GLP,4.35,4.0,4.92,-3.87,5.96,63.58,104973,Baixo
2016,7,2016-07-01,Sudeste,ES,GNV,7.8,7.18,8.82,4.72,6.85,47.81,9717,Médio
2016,7,2016-07-01,Sudeste,ES,Gasolina,4.07,3.75,4.6,4.75,3.3,88.04,67418,Alto
2016,7,2016-07-01,Sul,PR,Diesel,5.82,5.36,6.58,9.48,9.81,76.88,186305,Baixo
2016,7,2016-07-01,Sul,PR,GNV,4.07,3.75,4.6,-6.69,5.74,48.88,176172,Médio
2016,7,2016-07-01,Sul,SC,Diesel,6.52,6.0,7.36,1.3,3.91,88.2,244459,Baixo
2016,7,2016-07-01,Sul,SC,Diesel,7.46,6.87,8.43,1.26,9.21,84.32,194591,Baixo
2016,7,2016-07-01,Sul,RS,Gasolina,3.39,3.12,3.83,1.37,6.27,79.63,98454,Médio
2016,7,2016-07-01,Sul,RS,GNV,6.63,6.1,7.49,6.64,7.17,76.96,36781,Alto
2016,8,2016-08-01,Norte,AM,Gasolina,7.04,6.48,7.96,-9.35,10.03,101.67,195355,Crítico
2016,8,2016-08-01,Norte,PA,GLP,7.17,6.6,8.1,2.61,2.23,64.15,67224,Crítico
2016,8,2016-08-01,Norte,PA,Gasolina,6.57,6.05,7.43,7.84,4.15,47.64,169204,Crítico
2016,8,2016-08-01,Norte,RO,Diesel,4.01,3.69,4.53,0.95,5.78,60.78,135006,Médio
2016,8,2016-08-01,Norte,TO,GNV,6.83,6.28,7.72,0.88,7.34,101.67,49660,Crítico
2016,8,2016-08-01,Nordeste,BA,GLP,4.29,3.94,4.84,8.13,2.39,51.31,118556,Crítico
2016,8,2016-08-01,Nordeste,BA,Gasolina,4.85,4.46,5.48,-2.98,9.2,106.05,246133,Alto
2016,8,2016-08-01,Nordeste,PE,Gasolina,7.42,6.82,8.38,-3.09,3.19,106.66,34506,Alto
2016,8,2016-08-01,Nordeste,PE,Gasolina,3.45,3.17,3.9,-3.22,7.09,79.17,10375,Baixo
2016,8,2016-08-01,Nordeste,CE,GNV,5.7,5.25,6.44,-1.74,3.74,49.74,226932,Alto
2016,8,2016-08-01,Nordeste,CE,GLP,6.44,5.93,7.28,2.32,3.72,97.8,16847,Baixo
2016,8,2016-08-01,Nordeste,MA,Diesel,7.76,7.14,8.77,5.69,8.4,85.11,222759,Crítico
2016,8,2016-08-01,Nordeste,PB,GNV,3.8,3.5,4.3,5.91,11.09,52.96,203984,Médio
2016,8,2016-08-01,Centro-Oeste,DF,Gasolina,3.53,3.25,3.99,0.36,7.13,100.68,141834,Alto
2016,8,2016-08-01,Centro-Oeste,GO,Gasolina,4.94,4.55,5.58,0.33,9.74,64.67,225547,Alto
2016,8,2016-08-01,Centro-Oeste,GO,Gasolina,6.22,5.72,7.02,5.3,5.92,64.27,45672,Alto
2016,8,2016-08-01,Centro-Oeste,MT,GLP,4.23,3.89,4.78,-5.77,5.34,63.1,122079,Alto
2016,8,2016-08-01,Centro-Oeste,MS,GLP,7.13,6.56,8.06,-6.17,7.34,107.06,9083,Médio
2016,8,2016-08-01,Sudeste,SP,GNV,6.0,5.52,6.78,-4.72,7.38,106.2,234095,Baixo
2016,8,2016-08-01,Sudeste,SP,Diesel,3.99,3.67,4.51,7.27,3.94,64.42,39135,Alto
2016,8,2016-08-01,Sudeste,SP,Gasolina,3.59,3.3,4.06,0.13,9.12,69.09,175961,Crítico
2016,8,2016-08-01,Sudeste,RJ,GLP,6.5,5.98,7.35,-5.28,3.94,65.6,150100,Médio
2016,8,2016-08-01,Sudeste,RJ,Diesel,7.75,7.13,8.75,1.04,5.25,80.17,176690,Crítico
2016,8,2016-08-01,Sudeste,RJ,Gasolina,5.76,5.3,6.51,2.12,7.77,62.12,182384,Alto
2016,8,2016-08-01,Sudeste,RJ,Gasolina,5.75,5.29,6.5,4.27,8.63,94.84,23350,Médio
2016,8,2016-08-01,Sudeste,MG,Gasolina,4.45,4.09,5.03,-1.1,7.81,69.64,79714,Crítico
2016,8,2016-08-01,Sudeste,MG,Etanol,5.69,5.23,6.43,-5.16,7.78,85.16,243902,Crítico
2016,8,2016-08-01,Sudeste,MG,Etanol,6.65,6.11,7.51,-3.47,6.65,106.37,62575,Crítico
2016,8,2016-08-01,Sudeste,ES,Gasolina,3.22,2.96,3.63,-4.08,6.98,54.46,142783,Baixo
2016,8,2016-08-01,Sudeste,ES,Diesel,7.17,6.59,8.1,0.54,5.93,85.58,148530,Alto
2016,8,2016-08-01,Sudeste,ES,GNV,7.28,6.69,8.22,4.8,4.3,91.17,29950,Médio
2016,8,2016-08-01,Sul,PR,GLP,4.53,4.17,5.12,2.74,10.04,88.0,232999,Alto
2016,8,2016-08-01,Sul,PR,Gasolina,5.01,4.61,5.66,3.4,5.79,70.58,190969,Médio
2016,8,2016-08-01,Sul,SC,GLP,6.77,6.23,7.65,6.51,9.03,54.99,108804,Médio
2016,8,2016-08-01,Sul,SC,GNV,3.02,2.78,3.41,5.52,2.18,51.2,242966,Alto
2016,8,2016-08-01,Sul,RS,GLP,4.17,3.84,4.71,2.72,6.13,97.73,190373,Alto
2016,8,2016-08-01,Sul,RS,Gasolina,6.72,6.18,7.59,-0.92,3.9,93.01,104769,Alto
2016,9,2016-09-01,Norte,AM,Gasolina,7.73,7.11,8.74,3.08,10.89,47.58,221122,Crítico
2016,9,2016-09-01,Norte,PA,GNV,4.44,4.08,5.01,-0.46,11.29,76.31,71403,Crítico
2016,9,2016-09-01,Norte,PA,GLP,7.2,6.62,8.14,-0.2,4.83,72.88,69036,Alto
2016,9,2016-09-01,Norte,RO,GLP,7.08,6.51,8.0,-1.9,2.13,51.31,28275,Alto
2016,9,2016-09-01,Norte,TO,GLP,3.81,3.51,4.31,-6.65,10.84,84.71,51551,Crítico
2016,9,2016-09-01,Nordeste,BA,Etanol,7.34,6.76,8.3,-3.78,8.84,109.03,93544,Alto
2016,9,2016-09-01,Nordeste,BA,Diesel,7.35,6.77,8.31,-3.93,7.96,89.97,118087,Alto
2016,9,2016-09-01,Nordeste,PE,Etanol,3.02,2.78,3.41,7.84,2.64,103.06,154342,Crítico
2016,9,2016-09-01,Nordeste,PE,GNV,5.39,4.96,6.09,2.56,5.64,91.04,9511,Alto
2016,9,2016-09-01,Nordeste,CE,Diesel,6.45,5.93,7.28,-2.7,5.28,96.71,76341,Crítico
2016,9,2016-09-01,Nordeste,CE,GLP,3.34,3.08,3.78,7.42,9.22,51.7,198009,Médio
2016,9,2016-09-01,Nordeste,MA,Diesel,6.27,5.77,7.08,-3.32,3.21,106.08,47100,Baixo
2016,9,2016-09-01,Nordeste,PB,GNV,5.97,5.49,6.75,4.35,11.58,88.54,150078,Alto
2016,9,2016-09-01,Centro-Oeste,DF,GNV,5.57,5.12,6.29,8.34,2.53,59.57,94733,Alto
2016,9,2016-09-01,Centro-Oeste,GO,GLP,3.64,3.35,4.11,5.9,8.81,60.91,230395,Médio
2016,9,2016-09-01,Centro-Oeste,GO,Gasolina,3.7,3.41,4.19,-0.55,2.86,107.72,17712,Médio
2016,9,2016-09-01,Centro-Oeste,MT,GNV,6.52,6.0,7.37,4.13,6.5,103.95,241372,Crítico
2016,9,2016-09-01,Centro-Oeste,MS,Gasolina,3.35,3.08,3.78,-5.96,3.45,55.82,88802,Alto
2016,9,2016-09-01,Sudeste,SP,GNV,4.07,3.75,4.6,2.21,5.35,67.49,28488,Médio
2016,9,2016-09-01,Sudeste,SP,Gasolina,5.18,4.77,5.86,-3.05,9.19,54.05,49017,Médio
2016,9,2016-09-01,Sudeste,SP,GNV,5.73,5.27,6.48,-0.07,9.48,104.46,113966,Baixo
2016,9,2016-09-01,Sudeste,RJ,Etanol,7.04,6.47,7.95,4.65,7.4,101.67,6868,Alto
2016,9,2016-09-01,Sudeste,RJ,Etanol,4.03,3.71,4.56,0.0,5.15,101.48,249719,Baixo
2016,9,2016-09-01,Sudeste,RJ,Gasolina,6.84,6.3,7.73,-1.49,8.59,65.94,49839,Alto
2016,9,2016-09-01,Sudeste,RJ,Diesel,6.8,6.25,7.68,2.27,8.58,77.21,171212,Crítico
2016,9,2016-09-01,Sudeste,MG,Diesel,5.41,4.98,6.11,-3.05,4.13,103.94,36400,Médio
2016,9,2016-09-01,Sudeste,MG,GNV,3.21,2.96,3.63,-0.11,8.5,58.49,167632,Crítico
2016,9,2016-09-01,Sudeste,MG,GNV,3.79,3.49,4.28,6.05,2.51,56.79,241193,Alto
2016,9,2016-09-01,Sudeste,ES,GNV,7.63,7.02,8.62,-5.5,10.73,78.26,172105,Crítico
2016,9,2016-09-01,Sudeste,ES,Diesel,5.94,5.47,6.71,3.03,4.39,108.58,123221,Crítico
2016,9,2016-09-01,Sudeste,ES,GNV,5.35,4.92,6.05,1.37,2.92,70.66,83244,Alto
2016,9,2016-09-01,Sul,PR,Diesel,5.29,4.87,5.98,-4.12,11.34,88.75,103104,Baixo
2016,9,2016-09-01,Sul,PR,GLP,5.5,5.06,6.22,1.94,6.9,79.21,73266,Baixo
2016,9,2016-09-01,Sul,SC,Etanol,4.15,3.82,4.69,2.52,3.64,71.96,219980,Alto
2016,9,2016-09-01,Sul,SC,GLP,4.21,3.87,4.76,-0.59,11.88,83.57,209893,Baixo
2016,9,2016-09-01,Sul,RS,Diesel,6.8,6.25,7.68,2.75,3.83,60.68,37716,Crítico
2016,9,2016-09-01,Sul,RS,Gasolina,5.04,4.63,5.69,0.74,9.2,84.25,134625,Alto
2016,10,2016-10-01,Norte,AM,Diesel,4.57,4.2,5.16,-1.44,4.83,91.32,19723,Crítico
2016,10,2016-10-01,Norte,PA,Diesel,5.69,5.23,6.42,-1.16,11.94,92.55,238425,Médio
2016,10,2016-10-01,Norte,PA,GNV,7.72,7.11,8.73,2.26,2.55,49.96,218326,Alto
2016,10,2016-10-01,Norte,RO,Diesel,6.96,6.4,7.87,3.03,2.45,54.99,53133,Médio
2016,10,2016-10-01,Norte,TO,GNV,3.03,2.79,3.42,-1.64,5.5,99.88,227633,Baixo
2016,10,2016-10-01,Nordeste,BA,Etanol,7.84,7.21,8.86,5.2,10.7,48.19,219534,Médio
2016,10,2016-10-01,Nordeste,BA,Diesel,4.06,3.74,4.59,-1.23,9.7,85.55,193653,Baixo
2016,10,2016-10-01,Nordeste,PE,GLP,7.22,6.64,8.16,7.13,2.82,66.53,83883,Crítico
2016,10,2016-10-01,Nordeste,PE,Gasolina,7.63,7.02,8.62,1.04,10.59,51.62,58490,Baixo
2016,10,2016-10-01,Nordeste,CE,Diesel,6.94,6.38,7.84,0.72,4.13,65.4,107256,Baixo
2016,10,2016-10-01,Nordeste,CE,Etanol,5.78,5.32,6.53,3.77,2.73,74.85,172376,Médio
2016,10,2016-10-01,Nordeste,MA,Etanol,7.85,7.22,8.87,2.0,2.45,56.69,230972,Crítico
2016,10,2016-10-01,Nordeste,PB,GNV,6.68,6.14,7.55,-3.45,3.86,45.18,139154,Alto
2016,10,2016-10-01,Centro-Oeste,DF,Etanol,6.02,5.54,6.81,3.75,5.28,53.36,184203,Médio
2016,10,2016-10-01,Centro-Oeste,GO,Etanol,7.27,6.69,8.22,-1.41,9.27,71.64,199355,Alto
2016,10,2016-10-01,Centro-Oeste,GO,Etanol,6.78,6.24,7.66,-3.47,11.44,97.9,162152,Alto
2016,10,2016-10-01,Centro-Oeste,MT,GNV,7.89,7.26,8.92,-0.25,11.11,95.46,245790,Baixo
2016,10,2016-10-01,Centro-Oeste,MS,Diesel,5.87,5.4,6.63,-2.04,4.32,50.44,85578,Baixo
2016,10,2016-10-01,Sudeste,SP,GNV,5.13,4.72,5.8,1.17,4.25,69.29,81363,Médio
2016,10,2016-10-01,Sudeste,SP,GNV,3.77,3.47,4.26,5.86,5.24,94.36,221409,Baixo
2016,10,2016-10-01,Sudeste,SP,GLP,5.8,5.34,6.56,8.07,8.29,81.92,225642,Médio
2016,10,2016-10-01,Sudeste,RJ,GLP,7.79,7.16,8.8,4.43,10.25,71.4,36623,Baixo
2016,10,2016-10-01,Sudeste,RJ,Gasolina,7.62,7.01,8.61,-7.75,2.96,61.1,111965,Crítico
2016,10,2016-10-01,Sudeste,RJ,Gasolina,5.14,4.73,5.8,8.58,11.12,63.52,5740,Baixo
2016,10,2016-10-01,Sudeste,RJ,GLP,3.85,3.54,4.35,3.88,6.24,55.9,118099,Alto
2016,10,2016-10-01,Sudeste,MG,GLP,4.96,4.57,5.61,0.67,10.68,89.83,106452,Crítico
2016,10,2016-10-01,Sudeste,MG,GNV,5.3,4.87,5.99,3.62,4.33,97.88,54409,Médio
2016,10,2016-10-01,Sudeste,MG,GLP,6.86,6.31,7.76,-1.42,9.84,49.97,75633,Médio
2016,10,2016-10-01,Sudeste,ES,Etanol,5.73,5.27,6.47,3.97,4.2,62.12,107926,Crítico
2016,10,2016-10-01,Sudeste,ES,Gasolina,3.8,3.49,4.29,3.3,4.31,105.02,209573,Alto
2016,10,2016-10-01,Sudeste,ES,GNV,6.23,5.73,7.04,7.1,3.8,91.59,235062,Crítico
2016,10,2016-10-01,Sul,PR,Diesel,3.28,3.02,3.7,2.75,10.66,107.05,112013,Médio
2016,10,2016-10-01,Sul,PR,Etanol,3.8,3.5,4.3,-6.03,8.39,80.2,36605,Médio
2016,10,2016-10-01,Sul,SC,Etanol,7.52,6.92,8.5,-2.58,11.3,90.31,60125,Alto
2016,10,2016-10-01,Sul,SC,Etanol,5.26,4.84,5.94,-4.67,5.65,109.23,19524,Baixo
2016,10,2016-10-01,Sul,RS,Diesel,5.27,4.85,5.96,8.52,7.62,59.69,91332,Crítico
2016,10,2016-10-01,Sul,RS,Gasolina,7.02,6.46,7.93,-2.72,11.26,80.9,216224,Baixo
2016,11,2016-11-01,Norte,AM,GLP,3.88,3.57,4.38,-0.45,11.23,70.5,120472,Alto
2016,11,2016-11-01,Norte,PA,Gasolina,6.07,5.58,6.86,-0.75,9.16,46.61,206119,Crítico
2016,11,2016-11-01,Norte,PA,Gasolina,4.2,3.87,4.75,1.54,10.99,77.7,200995,Alto
2016,11,2016-11-01,Norte,RO,Etanol,6.82,6.27,7.7,2.53,8.04,61.82,88052,Baixo
2016,11,2016-11-01,Norte,TO,GLP,5.62,5.17,6.35,-1.04,11.88,47.74,142926,Baixo
2016,11,2016-11-01,Nordeste,BA,Etanol,7.93,7.3,8.96,-3.81,9.86,75.08,244137,Crítico
2016,11,2016-11-01,Nordeste,BA,GNV,3.18,2.92,3.59,0.22,10.3,60.56,232104,Crítico
2016,11,2016-11-01,Nordeste,PE,Diesel,3.5,3.22,3.95,-1.39,10.03,62.59,244166,Baixo
2016,11,2016-11-01,Nordeste,PE,Etanol,6.59,6.07,7.45,1.71,2.4,95.48,154862,Baixo
2016,11,2016-11-01,Nordeste,CE,Etanol,6.63,6.1,7.49,-6.23,7.06,45.3,161951,Baixo
2016,11,2016-11-01,Nordeste,CE,Gasolina,6.14,5.65,6.94,-2.77,9.01,92.76,45647,Crítico
2016,11,2016-11-01,Nordeste,MA,Etanol,5.57,5.12,6.29,-4.47,4.13,90.14,56497,Alto
2016,11,2016-11-01,Nordeste,PB,GNV,6.21,5.71,7.02,-4.67,8.66,81.51,17815,Baixo
2016,11,2016-11-01,Centro-Oeste,DF,Etanol,5.1,4.69,5.76,8.15,11.99,101.27,98462,Médio
2016,11,2016-11-01,Centro-Oeste,GO,Gasolina,5.93,5.45,6.7,-4.39,8.65,99.41,59548,Crítico
2016,11,2016-11-01,Centro-Oeste,GO,Diesel,6.25,5.75,7.06,3.24,2.82,106.45,208241,Médio
2016,11,2016-11-01,Centro-Oeste,MT,GLP,6.0,5.52,6.78,1.42,4.85,55.26,193889,Médio
2016,11,2016-11-01,Centro-Oeste,MS,Gasolina,7.65,7.04,8.65,0.33,9.48,107.12,134363,Médio
2016,11,2016-11-01,Sudeste,SP,GLP,4.43,4.08,5.01,-0.1,5.15,99.96,176320,Baixo
2016,11,2016-11-01,Sudeste,SP,GNV,3.84,3.53,4.34,1.86,4.74,96.57,77386,Alto
2016,11,2016-11-01,Sudeste,SP,GLP,5.6,5.15,6.33,-4.17,5.08,46.14,98434,Médio
2016,11,2016-11-01,Sudeste,RJ,GNV,5.07,4.67,5.73,-0.11,9.59,89.13,93410,Crítico
2016,11,2016-11-01,Sudeste,RJ,GLP,6.45,5.93,7.29,0.24,9.5,81.62,182566,Baixo
2016,11,2016-11-01,Sudeste,RJ,GLP,6.13,5.64,6.92,-0.46,10.23,96.03,37457,Crítico
2016,11,2016-11-01,Sudeste,RJ,Gasolina,7.71,7.09,8.71,4.68,7.06,103.89,134010,Baixo
2016,11,2016-11-01,Sudeste,MG,Diesel,7.55,6.94,8.53,-3.34,6.39,49.59,183180,Baixo
2016,11,2016-11-01,Sudeste,MG,GLP,6.95,6.39,7.85,-0.52,6.17,94.42,80989,Crítico
2016,11,2016-11-01,Sudeste,MG,Diesel,4.71,4.33,5.32,2.05,8.71,50.11,152143,Crítico
2016,11,2016-11-01,Sudeste,ES,Etanol,6.79,6.24,7.67,5.51,9.92,68.53,125130,Baixo
2016,11,2016-11-01,Sudeste,ES,Gasolina,6.48,5.96,7.32,0.73,3.16,45.98,164913,Baixo
2016,11,2016-11-01,Sudeste,ES,GLP,7.68,7.06,8.68,-2.0,9.44,106.25,214324,Crítico
2016,11,2016-11-01,Sul,PR,Diesel,6.41,5.9,7.25,3.96,3.51,75.89,136806,Alto
2016,11,2016-11-01,Sul,PR,GNV,5.5,5.06,6.21,-2.75,11.59,80.41,45378,Baixo
2016,11,2016-11-01,Sul,SC,GLP,3.52,3.24,3.97,-2.51,5.34,58.24,86239,Crítico
2016,11,2016-11-01,Sul,SC,GNV,7.65,7.04,8.64,-0.16,5.41,102.74,44257,Crítico
2016,11,2016-11-01,Sul,RS,GNV,4.59,4.22,5.19,0.27,8.34,99.84,135444,Baixo
2016,11,2016-11-01,Sul,RS,Etanol,6.52,6.0,7.37,-2.13,6.41,47.19,75442,Alto
2016,12,2016-12-01,Norte,AM,Gasolina,6.81,6.27,7.7,3.63,3.72,97.58,161217,Alto
2016,12,2016-12-01,Norte,PA,GLP,5.56,5.12,6.29,1.82,9.07,47.45,124500,Médio
2016,12,2016-12-01,Norte,PA,GLP,5.7,5.25,6.45,4.33,2.07,74.83,175005,Médio
2016,12,2016-12-01,Norte,RO,GNV,3.5,3.22,3.95,2.6,5.36,48.93,157232,Alto
2016,12,2016-12-01,Norte,TO,GNV,5.35,4.92,6.04,12.38,8.19,70.19,186185,Baixo
2016,12,2016-12-01,Nordeste,BA,GNV,3.63,3.34,4.11,0.83,6.12,72.44,95457,Baixo
2016,12,2016-12-01,Nordeste,BA,GLP,3.47,3.19,3.92,-1.21,2.45,58.78,196502,Alto
2016,12,2016-12-01,Nordeste,PE,Gasolina,3.26,3.0,3.69,3.28,10.3,80.06,229278,Médio
2016,12,2016-12-01,Nordeste,PE,GLP,6.02,5.54,6.8,3.41,7.5,59.78,39803,Baixo
2016,12,2016-12-01,Nordeste,CE,GNV,5.2,4.78,5.88,-3.05,9.53,52.87,22670,Crítico
2016,12,2016-12-01,Nordeste,CE,GNV,6.57,6.04,7.42,-5.36,5.34,93.53,233076,Alto
2016,12,2016-12-01,Nordeste,MA,Diesel,4.28,3.94,4.83,-0.25,6.49,88.41,163640,Baixo
2016,12,2016-12-01,Nordeste,PB,Etanol,4.51,4.15,5.1,2.48,3.53,74.02,46880,Crítico
2016,12,2016-12-01,Centro-Oeste,DF,Etanol,4.24,3.91,4.8,0.42,2.71,72.6,73371,Crítico
2016,12,2016-12-01,Centro-Oeste,GO,GNV,3.17,2.92,3.58,-0.43,7.56,90.01,40400,Baixo
2016,12,2016-12-01,Centro-Oeste,GO,Etanol,7.73,7.11,8.74,0.04,2.81,54.94,93682,Médio
2016,12,2016-12-01,Centro-Oeste,MT,Etanol,3.61,3.33,4.08,-0.24,5.28,99.25,13882,Baixo
2016,12,2016-12-01,Centro-Oeste,MS,GLP,7.13,6.56,8.05,1.11,5.07,78.66,215132,Alto
2016,12,2016-12-01,Sudeste,SP,Etanol,7.8,7.18,8.82,-1.44,7.15,84.4,177994,Crítico
2016,12,2016-12-01,Sudeste,SP,GNV,6.29,5.79,7.11,-3.0,3.0,57.16,139135,Médio
2016,12,2016-12-01,Sudeste,SP,Diesel,7.79,7.17,8.81,-4.57,10.43,57.57,172052,Alto
2016,12,2016-12-01,Sudeste,RJ,GLP,4.76,4.38,5.38,1.19,5.1,100.33,218074,Alto
2016,12,2016-12-01,Sudeste,RJ,GLP,3.74,3.44,4.23,-7.81,5.99,45.63,77982,Baixo
2016,12,2016-12-01,Sudeste,RJ,Etanol,5.34,4.91,6.04,-0.56,4.62,64.24,54020,Baixo
2016,12,2016-12-01,Sudeste,RJ,Gasolina,4.4,4.05,4.97,-3.59,4.97,98.0,23445,Médio
2016,12,2016-12-01,Sudeste,MG,GLP,7.2,6.63,8.14,-6.55,11.15,59.2,123543,Médio
2016,12,2016-12-01,Sudeste,MG,Etanol,6.04,5.56,6.82,-0.32,5.89,80.83,117235,Baixo
2016,12,2016-12-01,Sudeste,MG,GNV,6.54,6.02,7.39,5.59,9.48,107.76,223678,Baixo
2016,12,2016-12-01,Sudeste,ES,Etanol,4.47,4.11,5.05,-1.3,5.35,84.91,29970,Alto
2016,12,2016-12-01,Sudeste,ES,Diesel,7.34,6.75,8.29,1.86,11.47,95.06,91950,Médio
2016,12,2016-12-01,Sudeste,ES,Etanol,6.68,6.15,7.55,-0.29,6.25,46.91,127628,Médio
2016,12,2016-12-01,Sul,PR,Gasolina,6.26,5.76,7.08,-0.72,11.74,91.95,231093,Médio
2016,12,2016-12-01,Sul,PR,Etanol,5.66,5.2,6.39,-6.03,10.29,83.85,249097,Médio
2016,12,2016-12-01,Sul,SC,Diesel,7.52,6.92,8.5,-4.7,7.11,51.46,184893,Médio
2016,12,2016-12-01,Sul,SC,Gasolina,6.41,5.9,7.24,-0.54,6.61,46.12,98223,Alto
2016,12,2016-12-01,Sul,RS,Gasolina,6.29,5.78,7.1,-4.98,9.28,102.68,45145,Alto
2016,12,2016-12-01,Sul,RS,GLP,4.71,4.34,5.33,9.21,11.59,73.38,8152,Médio
2017,1,2017-01-01,Norte,AM,GNV,4.51,4.15,5.1,1.27,7.21,56.99,40249,Baixo
2017,1,2017-01-01,Norte,PA,Diesel,3.99,3.67,4.51,-4.03,4.44,48.68,33176,Baixo
2017,1,2017-01-01,Norte,PA,GNV,4.97,4.58,5.62,-0.57,7.97,59.31,175575,Alto
2017,1,2017-01-01,Norte,RO,Diesel,5.51,5.07,6.23,2.67,3.59,83.67,13388,Baixo
2017,1,2017-01-01,Norte,TO,GNV,6.62,6.09,7.48,2.22,2.51,71.86,193132,Alto
2017,1,2017-01-01,Nordeste,BA,Etanol,5.67,5.22,6.41,-7.93,2.2,108.8,111402,Baixo
2017,1,2017-01-01,Nordeste,BA,Gasolina,5.24,4.82,5.92,3.89,11.24,63.75,12906,Crítico
2017,1,2017-01-01,Nordeste,PE,GLP,3.76,3.46,4.25,6.98,10.64,93.42,225513,Alto
2017,1,2017-01-01,Nordeste,PE,GLP,4.98,4.58,5.63,8.11,3.45,79.57,167320,Crítico
2017,1,2017-01-01,Nordeste,CE,Diesel,7.8,7.17,8.81,-2.82,2.66,49.04,50152,Baixo
2017,1,2017-01-01,Nordeste,CE,Etanol,7.75,7.13,8.75,2.42,5.91,97.64,219360,Alto
2017,1,2017-01-01,Nordeste,MA,Gasolina,6.69,6.15,7.56,8.49,10.09,94.41,158279,Crítico
2017,1,2017-01-01,Nordeste,PB,Etanol,3.95,3.63,4.46,-0.95,2.68,50.02,144477,Alto
2017,1,2017-01-01,Centro-Oeste,DF,Diesel,4.9,4.51,5.54,-2.5,8.73,53.64,176105,Médio
2017,1,2017-01-01,Centro-Oeste,GO,Etanol,6.77,6.23,7.65,3.29,3.91,81.7,203189,Crítico
2017,1,2017-01-01,Centro-Oeste,GO,GLP,3.17,2.91,3.58,3.59,6.04,47.99,86264,Baixo
2017,1,2017-01-01,Centro-Oeste,MT,Diesel,4.78,4.39,5.4,-2.91,7.63,69.08,137809,Médio
2017,1,2017-01-01,Centro-Oeste,MS,Gasolina,3.97,3.65,4.49,6.66,11.25,70.56,216895,Médio
2017,1,2017-01-01,Sudeste,SP,Etanol,6.35,5.84,7.18,-4.69,3.11,97.03,84614,Baixo
2017,1,2017-01-01,Sudeste,SP,GNV,7.44,6.84,8.4,-8.05,11.62,97.83,16321,Crítico
2017,1,2017-01-01,Sudeste,SP,GLP,6.49,5.97,7.33,0.12,2.43,82.22,136546,Médio
2017,1,2017-01-01,Sudeste,RJ,Gasolina,4.59,4.23,5.19,-4.78,6.03,107.59,205190,Médio
2017,1,2017-01-01,Sudeste,RJ,Gasolina,3.37,3.1,3.81,0.09,4.56,88.83,9594,Alto
2017,1,2017-01-01,Sudeste,RJ,Etanol,5.55,5.1,6.27,3.28,4.54,67.65,75220,Médio
2017,1,2017-01-01,Sudeste,RJ,Gasolina,4.42,4.07,4.99,-7.17,6.31,90.33,92047,Crítico
2017,1,2017-01-01,Sudeste,MG,Diesel,6.51,5.99,7.36,2.06,10.26,54.04,31710,Alto
2017,1,2017-01-01,Sudeste,MG,Diesel,3.25,2.99,3.68,5.26,8.9,79.27,131141,Alto
2017,1,2017-01-01,Sudeste,MG,Etanol,4.95,4.56,5.6,-6.47,9.04,61.8,5379,Médio
2017,1,2017-01-01,Sudeste,ES,Etanol,4.06,3.73,4.59,1.65,9.02,84.23,83635,Alto
2017,1,2017-01-01,Sudeste,ES,GNV,6.29,5.79,7.11,-1.56,11.69,82.36,112645,Médio
2017,1,2017-01-01,Sudeste,ES,GNV,7.87,7.24,8.89,8.83,3.81,71.66,105533,Médio
2017,1,2017-01-01,Sul,PR,GNV,7.5,6.9,8.47,-0.47,6.13,101.7,42434,Baixo
2017,1,2017-01-01,Sul,PR,Etanol,5.42,4.99,6.13,1.63,8.5,107.89,80399,Alto
2017,1,2017-01-01,Sul,SC,Etanol,4.72,4.34,5.33,-2.29,2.81,75.98,59923,Alto
2017,1,2017-01-01,Sul,SC,Gasolina,4.22,3.88,4.76,-2.07,9.01,84.46,159250,Médio
2017,1,2017-01-01,Sul,RS,GNV,3.45,3.18,3.9,-3.6,10.71,62.17,78534,Crítico
2017,1,2017-01-01,Sul,RS,GLP,7.14,6.57,8.07,-3.18,2.55,50.89,95949,Baixo
2017,2,2017-02-01,Norte,AM,GNV,3.01,2.77,3.4,-7.85,5.21,51.91,86677,Crítico
2017,2,2017-02-01,Norte,PA,Diesel,6.27,5.77,7.08,9.61,8.54,105.47,224128,Crítico
2017,2,2017-02-01,Norte,PA,Etanol,7.68,7.06,8.67,-1.46,10.34,95.88,47444,Baixo
2017,2,2017-02-01,Norte,RO,Gasolina,6.81,6.27,7.7,6.14,3.32,62.22,40195,Médio
2017,2,2017-02-01,Norte,TO,Diesel,4.56,4.19,5.15,-7.49,8.35,63.49,216720,Crítico
2017,2,2017-02-01,Nordeste,BA,GNV,3.68,3.38,4.15,12.06,8.73,90.64,229287,Médio
2017,2,2017-02-01,Nordeste,BA,GLP,7.3,6.72,8.25,2.92,5.55,45.27,214417,Crítico
2017,2,2017-02-01,Nordeste,PE,Etanol,7.13,6.56,8.05,0.66,4.94,55.8,151842,Alto
2017,2,2017-02-01,Nordeste,PE,Etanol,5.55,5.1,6.27,-5.03,6.81,106.22,211911,Alto
2017,2,2017-02-01,Nordeste,CE,Etanol,7.36,6.77,8.32,-2.31,8.91,58.28,224479,Médio
2017,2,2017-02-01,Nordeste,CE,Gasolina,5.08,4.67,5.74,-4.99,10.6,109.44,115154,Baixo
2017,2,2017-02-01,Nordeste,MA,Etanol,7.48,6.88,8.45,4.97,7.85,79.72,187242,Crítico
2017,2,2017-02-01,Nordeste,PB,GLP,6.2,5.71,7.01,4.78,8.15,88.32,63027,Alto
2017,2,2017-02-01,Centro-Oeste,DF,GLP,5.07,4.66,5.73,-0.82,5.24,57.89,87742,Crítico
2017,2,2017-02-01,Centro-Oeste,GO,Etanol,5.8,5.33,6.55,3.97,8.18,91.71,179462,Alto
2017,2,2017-02-01,Centro-Oeste,GO,GNV,6.83,6.29,7.72,-0.74,11.57,88.11,50954,Alto
2017,2,2017-02-01,Centro-Oeste,MT,GNV,7.52,6.91,8.49,0.26,7.46,96.24,70716,Médio
2017,2,2017-02-01,Centro-Oeste,MS,Gasolina,3.24,2.98,3.66,-3.54,3.32,78.49,33472,Médio
2017,2,2017-02-01,Sudeste,SP,Etanol,5.01,4.61,5.66,1.48,3.99,79.21,146287,Baixo
2017,2,2017-02-01,Sudeste,SP,Gasolina,6.06,5.57,6.84,0.39,6.75,66.53,67480,Baixo
2017,2,2017-02-01,Sudeste,SP,Etanol,3.1,2.85,3.5,-2.18,2.77,99.27,124748,Alto
2017,2,2017-02-01,Sudeste,RJ,Diesel,4.84,4.45,5.46,-3.99,3.75,109.78,224345,Crítico
2017,2,2017-02-01,Sudeste,RJ,Etanol,5.04,4.64,5.7,1.2,11.82,84.72,42463,Baixo
2017,2,2017-02-01,Sudeste,RJ,Diesel,6.38,5.87,7.21,0.44,7.92,94.54,177179,Alto
2017,2,2017-02-01,Sudeste,RJ,Diesel,5.48,5.04,6.19,0.55,7.17,68.94,119235,Alto
2017,2,2017-02-01,Sudeste,MG,GLP,5.52,5.08,6.24,-2.05,8.5,95.16,163010,Baixo
2017,2,2017-02-01,Sudeste,MG,Gasolina,7.18,6.6,8.11,2.37,4.82,104.06,234899,Crítico
2017,2,2017-02-01,Sudeste,MG,GNV,3.63,3.34,4.1,-0.54,9.43,99.8,216645,Alto
2017,2,2017-02-01,Sudeste,ES,GLP,4.83,4.44,5.46,0.72,5.83,77.06,85272,Médio
2017,2,2017-02-01,Sudeste,ES,Diesel,4.22,3.89,4.77,0.41,2.04,77.04,91606,Médio
2017,2,2017-02-01,Sudeste,ES,Diesel,7.95,7.31,8.98,-1.05,3.87,108.13,149288,Alto
2017,2,2017-02-01,Sul,PR,Diesel,5.28,4.86,5.96,3.72,2.86,109.62,209648,Baixo
2017,2,2017-02-01,Sul,PR,GNV,4.37,4.02,4.94,-1.23,5.35,74.27,236940,Médio
2017,2,2017-02-01,Sul,SC,GNV,7.41,6.82,8.38,1.45,9.51,57.51,27218,Crítico
2017,2,2017-02-01,Sul,SC,Gasolina,7.25,6.67,8.19,-2.48,8.27,56.13,80308,Alto
2017,2,2017-02-01,Sul,RS,Diesel,5.61,5.16,6.33,-2.05,10.46,45.53,123864,Alto
2017,2,2017-02-01,Sul,RS,Diesel,7.9,7.26,8.92,3.03,4.34,62.07,200198,Alto
2017,3,2017-03-01,Norte,AM,GLP,5.55,5.11,6.27,2.23,7.81,71.15,154597,Baixo
2017,3,2017-03-01,Norte,PA,GNV,4.16,3.83,4.71,-0.35,11.63,50.45,177384,Baixo
2017,3,2017-03-01,Norte,PA,Etanol,4.63,4.26,5.23,4.65,11.93,88.43,230305,Crítico
2017,3,2017-03-01,Norte,RO,GLP,3.2,2.94,3.61,-0.71,11.76,85.59,228833,Baixo
2017,3,2017-03-01,Norte,TO,GNV,4.18,3.84,4.72,0.35,8.13,105.99,120370,Crítico
2017,3,2017-03-01,Nordeste,BA,GNV,4.7,4.32,5.31,0.96,9.29,108.05,185530,Crítico
2017,3,2017-03-01,Nordeste,BA,GLP,5.14,4.73,5.81,1.27,4.31,92.35,14958,Baixo
2017,3,2017-03-01,Nordeste,PE,GLP,5.73,5.27,6.47,6.5,11.34,64.26,208524,Médio
2017,3,2017-03-01,Nordeste,PE,GNV,4.35,4.0,4.92,-1.72,9.41,52.73,188133,Alto
2017,3,2017-03-01,Nordeste,CE,GNV,6.27,5.77,7.08,-5.39,3.73,109.29,85326,Alto
2017,3,2017-03-01,Nordeste,CE,GLP,7.25,6.67,8.2,-3.7,9.72,103.59,95297,Médio
2017,3,2017-03-01,Nordeste,MA,GLP,4.55,4.19,5.15,0.91,3.41,96.24,125611,Alto
2017,3,2017-03-01,Nordeste,PB,Diesel,6.13,5.64,6.92,-5.08,10.02,68.88,44926,Baixo
2017,3,2017-03-01,Centro-Oeste,DF,GNV,7.19,6.62,8.13,-0.23,10.56,67.12,28586,Baixo
2017,3,2017-03-01,Centro-Oeste,GO,GNV,3.55,3.27,4.01,2.33,7.28,92.6,109608,Crítico
2017,3,2017-03-01,Centro-Oeste,GO,GLP,7.35,6.76,8.3,-7.32,4.97,94.69,15740,Médio
2017,3,2017-03-01,Centro-Oeste,MT,Diesel,4.37,4.02,4.94,9.83,6.74,102.0,54129,Baixo
2017,3,2017-03-01,Centro-Oeste,MS,GNV,5.32,4.9,6.02,-1.87,9.01,58.32,201143,Alto
2017,3,2017-03-01,Sudeste,SP,Gasolina,3.54,3.26,4.0,5.26,4.07,94.78,215410,Crítico
2017,3,2017-03-01,Sudeste,SP,Etanol,6.67,6.14,7.54,0.12,5.62,47.13,20864,Crítico
2017,3,2017-03-01,Sudeste,SP,Diesel,5.02,4.62,5.67,7.67,3.16,74.0,149623,Baixo
2017,3,2017-03-01,Sudeste,RJ,GLP,5.73,5.27,6.48,3.86,9.14,107.41,209535,Crítico
2017,3,2017-03-01,Sudeste,RJ,Etanol,3.76,3.46,4.25,2.86,7.56,55.84,81157,Crítico
2017,3,2017-03-01,Sudeste,RJ,Diesel,4.71,4.33,5.32,-5.54,8.47,53.28,215675,Alto
2017,3,2017-03-01,Sudeste,RJ,GLP,7.44,6.84,8.41,-3.51,3.84,102.63,130683,Baixo
2017,3,2017-03-01,Sudeste,MG,Diesel,6.85,6.3,7.74,4.18,8.67,57.57,104639,Baixo
2017,3,2017-03-01,Sudeste,MG,GLP,6.58,6.05,7.43,4.39,11.35,95.81,170008,Crítico
2017,3,2017-03-01,Sudeste,MG,Gasolina,7.26,6.68,8.21,3.74,5.76,98.71,91840,Crítico
2017,3,2017-03-01,Sudeste,ES,GLP,6.58,6.05,7.43,3.32,7.39,62.81,177401,Médio
2017,3,2017-03-01,Sudeste,ES,Etanol,3.52,3.24,3.98,-4.78,11.19,63.46,113273,Alto
2017,3,2017-03-01,Sudeste,ES,GNV,6.42,5.9,7.25,-3.27,6.82,68.47,137894,Baixo
2017,3,2017-03-01,Sul,PR,Gasolina,5.75,5.29,6.5,3.6,4.29,63.8,169821,Médio
2017,3,2017-03-01,Sul,PR,Etanol,7.3,6.72,8.25,-2.27,5.16,45.37,91754,Baixo
2017,3,2017-03-01,Sul,SC,GLP,5.19,4.77,5.86,-1.17,2.62,70.56,228171,Baixo
2017,3,2017-03-01,Sul,SC,GLP,6.11,5.63,6.91,-7.71,11.25,51.45,46334,Alto
2017,3,2017-03-01,Sul,RS,GNV,3.82,3.52,4.32,6.55,9.82,54.94,216692,Médio
2017,3,2017-03-01,Sul,RS,Gasolina,3.17,2.91,3.58,-0.23,8.91,54.78,202156,Médio
2017,4,2017-04-01,Norte,AM,GLP,4.3,3.96,4.86,-4.1,4.33,105.9,189465,Baixo
2017,4,2017-04-01,Norte,PA,GLP,5.4,4.96,6.1,3.12,10.24,76.6,215841,Baixo
2017,4,2017-04-01,Norte,PA,Diesel,4.2,3.86,4.74,0.33,3.79,88.92,176960,Crítico
2017,4,2017-04-01,Norte,RO,Etanol,6.75,6.21,7.63,-1.17,7.66,46.13,84495,Médio
2017,4,2017-04-01,Norte,TO,Diesel,3.73,3.43,4.21,1.47,2.17,94.02,138374,Médio
2017,4,2017-04-01,Nordeste,BA,GNV,6.48,5.97,7.33,0.81,2.83,94.43,17180,Médio
2017,4,2017-04-01,Nordeste,BA,GLP,7.53,6.93,8.51,2.44,11.31,68.77,145987,Crítico
2017,4,2017-04-01,Nordeste,PE,GNV,3.92,3.61,4.43,-5.12,4.78,56.21,79517,Crítico
2017,4,2017-04-01,Nordeste,PE,Etanol,4.11,3.78,4.65,2.65,2.04,45.25,134251,Crítico
2017,4,2017-04-01,Nordeste,CE,Diesel,3.29,3.03,3.72,-4.27,4.77,107.95,57971,Crítico
2017,4,2017-04-01,Nordeste,CE,GLP,7.36,6.77,8.32,-0.03,3.07,51.93,121477,Crítico
2017,4,2017-04-01,Nordeste,MA,Gasolina,5.28,4.86,5.97,-5.32,10.64,103.95,157267,Alto
2017,4,2017-04-01,Nordeste,PB,Etanol,3.02,2.78,3.41,-2.43,7.01,92.49,139928,Alto
2017,4,2017-04-01,Centro-Oeste,DF,GLP,5.02,4.62,5.67,4.12,7.58,68.72,111674,Alto
2017,4,2017-04-01,Centro-Oeste,GO,Etanol,3.2,2.94,3.61,0.35,7.26,105.8,125990,Baixo
2017,4,2017-04-01,Centro-Oeste,GO,GNV,6.8,6.25,7.68,9.55,3.31,65.36,198057,Baixo
2017,4,2017-04-01,Centro-Oeste,MT,Gasolina,5.18,4.76,5.85,0.03,9.46,70.68,77296,Baixo
2017,4,2017-04-01,Centro-Oeste,MS,Etanol,6.14,5.65,6.93,-1.07,9.31,48.1,210935,Médio
2017,4,2017-04-01,Sudeste,SP,GLP,3.44,3.17,3.89,-8.64,10.9,45.27,228369,Médio
2017,4,2017-04-01,Sudeste,SP,GLP,6.58,6.05,7.43,-0.44,3.87,108.27,35071,Médio
2017,4,2017-04-01,Sudeste,SP,Etanol,3.72,3.43,4.21,2.82,11.34,79.23,69805,Alto
2017,4,2017-04-01,Sudeste,RJ,Diesel,4.82,4.43,5.45,3.74,10.74,96.56,232796,Baixo
2017,4,2017-04-01,Sudeste,RJ,Etanol,3.49,3.21,3.95,-1.69,8.84,109.33,135616,Médio
2017,4,2017-04-01,Sudeste,RJ,Gasolina,6.82,6.27,7.7,2.36,4.85,78.84,228502,Baixo
2017,4,2017-04-01,Sudeste,RJ,GNV,6.39,5.88,7.22,1.53,9.46,51.8,110354,Alto
2017,4,2017-04-01,Sudeste,MG,GNV,3.88,3.57,4.39,-1.36,11.62,76.27,120103,Crítico
2017,4,2017-04-01,Sudeste,MG,GLP,5.62,5.17,6.36,12.36,10.9,85.12,90493,Médio
2017,4,2017-04-01,Sudeste,MG,GLP,7.13,6.56,8.06,5.51,4.39,108.5,89661,Médio
2017,4,2017-04-01,Sudeste,ES,GNV,7.9,7.27,8.93,-2.89,9.25,93.63,21130,Médio
2017,4,2017-04-01,Sudeste,ES,GLP,7.23,6.65,8.17,-0.01,4.43,60.16,38815,Baixo
2017,4,2017-04-01,Sudeste,ES,GLP,7.0,6.44,7.91,-5.62,5.03,72.24,227637,Crítico
2017,4,2017-04-01,Sul,PR,Etanol,5.55,5.11,6.28,1.58,6.85,56.12,183239,Baixo
2017,4,2017-04-01,Sul,PR,GNV,3.85,3.54,4.35,1.26,8.76,83.0,239421,Alto
2017,4,2017-04-01,Sul,SC,GLP,7.78,7.16,8.79,5.01,7.82,90.8,211344,Médio
2017,4,2017-04-01,Sul,SC,GLP,7.55,6.95,8.54,-5.07,10.88,59.49,237378,Médio
2017,4,2017-04-01,Sul,RS,Diesel,6.67,6.14,7.54,-0.66,10.7,86.59,146812,Crítico
2017,4,2017-04-01,Sul,RS,Gasolina,8.0,7.36,9.04,6.01,2.85,91.69,129638,Crítico
2017,5,2017-05-01,Norte,AM,GLP,4.08,3.75,4.61,3.99,6.52,75.35,117399,Médio
2017,5,2017-05-01,Norte,PA,Gasolina,3.32,3.05,3.75,2.63,5.32,54.47,237973,Alto
2017,5,2017-05-01,Norte,PA,Diesel,6.02,5.54,6.8,-6.6,7.26,48.49,50560,Alto
2017,5,2017-05-01,Norte,RO,Etanol,6.54,6.02,7.39,3.27,4.09,57.98,5669,Baixo
2017,5,2017-05-01,Norte,TO,GNV,5.04,4.63,5.69,-0.27,8.67,56.69,147975,Crítico
2017,5,2017-05-01,Nordeste,BA,Diesel,5.76,5.29,6.5,-2.18,4.94,46.11,97606,Médio
2017,5,2017-05-01,Nordeste,BA,GNV,7.59,6.99,8.58,1.17,10.78,100.98,17586,Baixo
2017,5,2017-05-01,Nordeste,PE,GNV,4.82,4.44,5.45,5.41,11.14,65.57,121947,Baixo
2017,5,2017-05-01,Nordeste,PE,Diesel,6.83,6.29,7.72,4.15,2.03,88.38,29882,Crítico
2017,5,2017-05-01,Nordeste,CE,GLP,7.6,6.99,8.59,-4.87,3.85,59.86,194645,Crítico
2017,5,2017-05-01,Nordeste,CE,Etanol,3.72,3.42,4.21,-3.37,11.43,76.3,10516,Médio
2017,5,2017-05-01,Nordeste,MA,Etanol,5.65,5.2,6.39,-4.02,5.81,56.85,19956,Médio
2017,5,2017-05-01,Nordeste,PB,Diesel,6.58,6.05,7.44,6.44,4.12,105.2,237842,Baixo
2017,5,2017-05-01,Centro-Oeste,DF,Diesel,4.85,4.47,5.48,4.28,8.25,82.14,214937,Médio
2017,5,2017-05-01,Centro-Oeste,GO,Etanol,4.66,4.29,5.27,-0.46,2.07,101.31,25651,Crítico
2017,5,2017-05-01,Centro-Oeste,GO,Diesel,7.59,6.98,8.57,-3.27,10.56,108.42,120589,Baixo
2017,5,2017-05-01,Centro-Oeste,MT,Diesel,7.91,7.28,8.94,0.63,5.7,64.86,101917,Baixo
2017,5,2017-05-01,Centro-Oeste,MS,GNV,6.16,5.67,6.96,-1.97,3.73,93.09,243711,Médio
2017,5,2017-05-01,Sudeste,SP,Etanol,3.91,3.6,4.42,-0.48,7.29,67.58,212083,Médio
2017,5,2017-05-01,Sudeste,SP,Etanol,5.19,4.78,5.87,-3.83,9.78,66.69,53055,Alto
2017,5,2017-05-01,Sudeste,SP,Diesel,5.3,4.87,5.99,-5.41,10.3,62.72,12999,Alto
2017,5,2017-05-01,Sudeste,RJ,Diesel,3.67,3.37,4.14,3.26,3.85,73.99,210327,Baixo
2017,5,2017-05-01,Sudeste,RJ,Gasolina,6.02,5.54,6.8,-3.39,11.89,105.69,164612,Médio
2017,5,2017-05-01,Sudeste,RJ,GNV,3.82,3.51,4.32,-6.06,8.28,48.06,203970,Baixo
2017,5,2017-05-01,Sudeste,RJ,GNV,6.81,6.26,7.69,3.79,4.15,48.35,102321,Médio
2017,5,2017-05-01,Sudeste,MG,GNV,7.96,7.32,8.99,-3.31,6.46,96.02,7766,Crítico
2017,5,2017-05-01,Sudeste,MG,Diesel,4.64,4.27,5.24,-1.69,2.28,85.4,63860,Baixo
2017,5,2017-05-01,Sudeste,MG,Gasolina,4.76,4.38,5.38,1.23,8.9,63.53,102598,Baixo
2017,5,2017-05-01,Sudeste,ES,Etanol,7.44,6.85,8.41,-0.81,5.85,67.62,69331,Médio
2017,5,2017-05-01,Sudeste,ES,Etanol,4.28,3.94,4.83,1.08,6.69,88.08,115089,Alto
2017,5,2017-05-01,Sudeste,ES,Diesel,3.42,3.14,3.86,-7.65,3.21,48.2,10307,Baixo
2017,5,2017-05-01,Sul,PR,Gasolina,4.92,4.52,5.56,0.62,9.59,59.64,82732,Alto
2017,5,2017-05-01,Sul,PR,Etanol,4.21,3.87,4.76,4.12,9.34,66.05,32378,Médio
2017,5,2017-05-01,Sul,SC,Gasolina,4.6,4.23,5.2,3.1,2.31,57.66,82175,Alto
2017,5,2017-05-01,Sul,SC,GNV,7.17,6.59,8.1,2.77,4.5,57.63,46053,Crítico
2017,5,2017-05-01,Sul,RS,GLP,3.43,3.15,3.87,2.59,9.34,53.33,173508,Médio
2017,5,2017-05-01,Sul,RS,GNV,6.54,6.01,7.39,-2.5,9.05,87.61,64899,Médio
2017,6,2017-06-01,Norte,AM,GNV,3.02,2.78,3.41,-1.81,11.27,48.23,166184,Crítico
2017,6,2017-06-01,Norte,PA,Diesel,3.62,3.33,4.09,-3.93,9.81,49.15,14675,Baixo
2017,6,2017-06-01,Norte,PA,Diesel,4.2,3.86,4.74,2.28,5.44,72.79,80122,Crítico
2017,6,2017-06-01,Norte,RO,Etanol,3.82,3.51,4.32,3.96,8.97,91.77,7508,Crítico
2017,6,2017-06-01,Norte,TO,Diesel,4.77,4.39,5.39,-1.78,10.16,56.15,116578,Alto
2017,6,2017-06-01,Nordeste,BA,Gasolina,6.33,5.82,7.15,-1.67,7.59,63.62,21938,Baixo
2017,6,2017-06-01,Nordeste,BA,Gasolina,7.75,7.13,8.75,-1.18,9.04,92.43,200680,Médio
2017,6,2017-06-01,Nordeste,PE,Diesel,6.83,6.28,7.71,-6.24,5.71,52.47,147060,Crítico
2017,6,2017-06-01,Nordeste,PE,Gasolina,4.46,4.1,5.03,-1.52,5.59,108.23,198188,Crítico
2017,6,2017-06-01,Nordeste,CE,Diesel,7.8,7.18,8.82,7.16,2.07,45.21,186944,Baixo
2017,6,2017-06-01,Nordeste,CE,Diesel,6.6,6.07,7.45,4.97,10.46,79.23,232374,Crítico
2017,6,2017-06-01,Nordeste,MA,GLP,6.38,5.87,7.21,1.5,7.74,63.04,184503,Alto
2017,6,2017-06-01,Nordeste,PB,Diesel,5.62,5.17,6.35,-0.15,4.92,62.73,168804,Alto
2017,6,2017-06-01,Centro-Oeste,DF,Diesel,4.54,4.18,5.14,-1.51,8.69,72.02,109448,Baixo
2017,6,2017-06-01,Centro-Oeste,GO,Diesel,5.19,4.77,5.86,10.58,11.42,104.5,57129,Alto
2017,6,2017-06-01,Centro-Oeste,GO,Etanol,7.58,6.97,8.56,-0.5,9.63,80.63,214251,Alto
2017,6,2017-06-01,Centro-Oeste,MT,Diesel,3.73,3.43,4.21,-3.74,5.94,91.16,62037,Baixo
2017,6,2017-06-01,Centro-Oeste,MS,Etanol,7.9,7.27,8.93,7.23,6.85,49.8,237146,Médio
2017,6,2017-06-01,Sudeste,SP,GNV,5.93,5.45,6.7,2.4,2.55,83.51,20319,Crítico
2017,6,2017-06-01,Sudeste,SP,GNV,7.56,6.96,8.55,0.4,4.75,92.46,137133,Médio
2017,6,2017-06-01,Sudeste,SP,Etanol,3.86,3.55,4.36,0.5,2.55,83.64,115733,Médio
2017,6,2017-06-01,Sudeste,RJ,GNV,6.03,5.54,6.81,-2.99,4.4,64.59,128400,Crítico
2017,6,2017-06-01,Sudeste,RJ,Etanol,4.39,4.03,4.96,0.16,11.49,48.36,190871,Baixo
2017,6,2017-06-01,Sudeste,RJ,Gasolina,6.96,6.41,7.87,0.17,11.04,64.73,214517,Crítico
2017,6,2017-06-01,Sudeste,RJ,Etanol,5.1,4.69,5.76,1.86,10.19,78.24,215893,Alto
2017,6,2017-06-01,Sudeste,MG,Diesel,7.47,6.87,8.44,0.68,7.73,81.0,230045,Crítico
2017,6,2017-06-01,Sudeste,MG,GNV,6.95,6.4,7.86,-2.66,7.38,103.06,147381,Crítico
2017,6,2017-06-01,Sudeste,MG,GLP,3.05,2.8,3.44,-0.22,9.93,65.94,167304,Médio
2017,6,2017-06-01,Sudeste,ES,Etanol,7.1,6.54,8.03,5.49,10.51,87.97,178602,Crítico
2017,6,2017-06-01,Sudeste,ES,Gasolina,5.45,5.02,6.16,5.17,8.22,71.11,249490,Alto
2017,6,2017-06-01,Sudeste,ES,Etanol,6.99,6.43,7.89,-2.62,8.34,107.24,189395,Baixo
2017,6,2017-06-01,Sul,PR,Diesel,7.46,6.86,8.43,-1.94,8.87,100.39,12448,Médio
2017,6,2017-06-01,Sul,PR,Gasolina,5.47,5.03,6.18,-3.2,11.32,60.76,218024,Crítico
2017,6,2017-06-01,Sul,SC,GLP,7.16,6.59,8.09,1.42,6.33,102.38,60084,Alto
2017,6,2017-06-01,Sul,SC,Diesel,5.59,5.14,6.31,-0.15,2.76,64.17,14224,Baixo
2017,6,2017-06-01,Sul,RS,GNV,3.17,2.92,3.58,2.14,2.76,101.33,18461,Médio
2017,6,2017-06-01,Sul,RS,Diesel,5.29,4.87,5.98,6.48,6.43,79.72,80913,Baixo
2017,7,2017-07-01,Norte,AM,GLP,5.22,4.8,5.9,5.45,5.6,47.82,178642,Médio
2017,7,2017-07-01,Norte,PA,Diesel,7.58,6.98,8.57,0.31,11.26,79.5,111833,Médio
2017,7,2017-07-01,Norte,PA,GLP,6.34,5.83,7.16,3.79,9.56,81.74,96943,Médio
2017,7,2017-07-01,Norte,RO,GLP,7.66,7.05,8.65,1.53,6.96,98.97,15866,Baixo
2017,7,2017-07-01,Norte,TO,GLP,4.34,3.99,4.9,-0.59,2.36,55.91,9275,Médio
2017,7,2017-07-01,Nordeste,BA,GNV,5.2,4.78,5.87,-2.93,5.1,55.11,135859,Crítico
2017,7,2017-07-01,Nordeste,BA,Gasolina,7.88,7.25,8.9,-0.99,5.97,59.14,194569,Baixo
2017,7,2017-07-01,Nordeste,PE,Diesel,3.13,2.88,3.53,2.2,4.5,94.15,40921,Médio
2017,7,2017-07-01,Nordeste,PE,GNV,7.89,7.26,8.92,-3.92,3.23,64.42,166864,Médio
2017,7,2017-07-01,Nordeste,CE,GNV,3.72,3.42,4.2,-9.19,7.15,79.11,20948,Médio
2017,7,2017-07-01,Nordeste,CE,Etanol,3.64,3.34,4.11,-2.96,9.94,84.24,110162,Crítico
2017,7,2017-07-01,Nordeste,MA,GNV,6.08,5.59,6.87,-1.71,6.3,93.63,55027,Baixo
2017,7,2017-07-01,Nordeste,PB,Etanol,6.22,5.72,7.03,3.4,3.85,68.38,206323,Alto
2017,7,2017-07-01,Centro-Oeste,DF,GLP,4.76,4.38,5.38,-0.69,9.45,100.09,29015,Alto
2017,7,2017-07-01,Centro-Oeste,GO,Etanol,6.08,5.6,6.88,-3.69,3.64,97.53,35006,Baixo
2017,7,2017-07-01,Centro-Oeste,GO,Diesel,5.95,5.47,6.72,3.02,4.31,98.01,71905,Crítico
2017,7,2017-07-01,Centro-Oeste,MT,GNV,5.61,5.16,6.34,2.35,3.98,104.32,89863,Alto
2017,7,2017-07-01,Centro-Oeste,MS,Diesel,3.35,3.08,3.78,-2.28,3.07,48.87,149568,Alto
2017,7,2017-07-01,Sudeste,SP,Gasolina,6.07,5.59,6.86,1.24,4.41,73.83,125648,Baixo
2017,7,2017-07-01,Sudeste,SP,GLP,5.11,4.71,5.78,-0.72,11.97,69.67,196194,Alto
2017,7,2017-07-01,Sudeste,SP,GLP,4.51,4.15,5.09,5.19,2.08,92.03,148566,Médio
2017,7,2017-07-01,Sudeste,RJ,GNV,5.74,5.28,6.48,-5.43,4.98,92.97,29485,Médio
2017,7,2017-07-01,Sudeste,RJ,Diesel,3.27,3.01,3.7,-6.57,9.08,53.69,93653,Médio
2017,7,2017-07-01,Sudeste,RJ,GLP,6.45,5.94,7.29,1.81,10.3,53.19,7856,Alto
2017,7,2017-07-01,Sudeste,RJ,Diesel,4.9,4.51,5.54,7.99,2.1,77.78,143450,Alto
2017,7,2017-07-01,Sudeste,MG,Gasolina,6.43,5.91,7.26,2.85,7.91,74.14,106365,Médio
2017,7,2017-07-01,Sudeste,MG,GLP,6.91,6.35,7.8,-5.78,8.87,55.08,206381,Alto
2017,7,2017-07-01,Sudeste,MG,GNV,5.02,4.62,5.68,0.81,3.67,64.64,190141,Alto
2017,7,2017-07-01,Sudeste,ES,Diesel,3.98,3.66,4.5,-1.07,6.27,107.18,29873,Médio
2017,7,2017-07-01,Sudeste,ES,Diesel,4.58,4.21,5.17,0.02,7.18,64.65,30450,Baixo
2017,7,2017-07-01,Sudeste,ES,Gasolina,4.76,4.38,5.38,2.84,7.1,95.38,26760,Crítico
2017,7,2017-07-01,Sul,PR,GLP,3.63,3.34,4.1,1.9,3.95,77.98,249032,Médio
2017,7,2017-07-01,Sul,PR,Diesel,5.92,5.45,6.69,2.5,4.46,77.94,90817,Médio
2017,7,2017-07-01,Sul,SC,GLP,7.81,7.18,8.82,-1.53,4.93,58.15,41009,Baixo
2017,7,2017-07-01,Sul,SC,GNV,3.56,3.27,4.02,4.34,6.07,77.0,204090,Médio
2017,7,2017-07-01,Sul,RS,Gasolina,5.47,5.03,6.18,3.44,10.63,50.65,239042,Baixo
2017,7,2017-07-01,Sul,RS,GNV,7.45,6.85,8.42,-2.49,2.37,84.1,54602,Baixo
2017,8,2017-08-01,Norte,AM,Diesel,4.54,4.18,5.13,-1.56,4.76,73.27,65973,Crítico
2017,8,2017-08-01,Norte,PA,GLP,6.53,6.01,7.38,-2.49,4.72,67.79,181662,Crítico
2017,8,2017-08-01,Norte,PA,Diesel,3.31,3.05,3.74,6.41,9.39,101.89,184609,Crítico
2017,8,2017-08-01,Norte,RO,GLP,3.71,3.41,4.19,0.46,3.04,89.5,59014,Alto
2017,8,2017-08-01,Norte,TO,GLP,4.27,3.93,4.83,-3.1,5.5,69.36,130370,Médio
2017,8,2017-08-01,Nordeste,BA,Gasolina,6.25,5.75,7.06,6.83,7.23,75.91,198680,Médio
2017,8,2017-08-01,Nordeste,BA,GLP,5.59,5.14,6.32,2.88,5.89,70.83,29784,Alto
2017,8,2017-08-01,Nordeste,PE,GNV,4.62,4.25,5.22,-1.3,5.71,59.13,172049,Médio
2017,8,2017-08-01,Nordeste,PE,Diesel,6.2,5.71,7.01,-0.06,9.03,89.74,199118,Baixo
2017,8,2017-08-01,Nordeste,CE,GLP,3.83,3.53,4.33,3.98,5.99,79.47,133998,Alto
2017,8,2017-08-01,Nordeste,CE,GLP,6.72,6.18,7.6,-0.0,9.2,86.98,179055,Alto
2017,8,2017-08-01,Nordeste,MA,GNV,4.94,4.54,5.58,1.86,5.94,95.36,66906,Crítico
2017,8,2017-08-01,Nordeste,PB,GLP,5.28,4.86,5.97,-1.18,9.51,73.41,53563,Alto
2017,8,2017-08-01,Centro-Oeste,DF,Etanol,7.08,6.51,8.0,-0.24,10.59,68.87,18760,Alto
2017,8,2017-08-01,Centro-Oeste,GO,GNV,7.87,7.24,8.89,-4.24,3.2,79.1,108995,Médio
2017,8,2017-08-01,Centro-Oeste,GO,GNV,4.26,3.92,4.81,11.87,6.34,58.22,190392,Médio
2017,8,2017-08-01,Centro-Oeste,MT,Gasolina,6.74,6.2,7.61,0.25,8.25,107.48,28790,Alto
2017,8,2017-08-01,Centro-Oeste,MS,Gasolina,5.45,5.01,6.16,2.58,5.81,71.14,52959,Alto
2017,8,2017-08-01,Sudeste,SP,Gasolina,7.82,7.19,8.83,-4.05,6.2,82.87,183410,Alto
2017,8,2017-08-01,Sudeste,SP,GLP,7.78,7.16,8.79,8.66,5.87,105.47,182767,Crítico
2017,8,2017-08-01,Sudeste,SP,GNV,5.94,5.46,6.71,-9.88,8.29,109.11,182490,Médio
2017,8,2017-08-01,Sudeste,RJ,GLP,3.75,3.45,4.24,0.65,9.3,52.21,196158,Crítico
2017,8,2017-08-01,Sudeste,RJ,Etanol,4.36,4.01,4.92,0.29,11.46,69.64,216563,Médio
2017,8,2017-08-01,Sudeste,RJ,GLP,5.19,4.77,5.86,-1.41,6.57,99.66,167479,Crítico
2017,8,2017-08-01,Sudeste,RJ,GLP,6.53,6.01,7.38,-1.62,2.13,87.19,131078,Médio
2017,8,2017-08-01,Sudeste,MG,Etanol,4.68,4.31,5.29,0.74,8.42,65.34,15074,Médio
2017,8,2017-08-01,Sudeste,MG,Gasolina,3.52,3.24,3.98,1.69,9.43,53.74,55583,Baixo
2017,8,2017-08-01,Sudeste,MG,Gasolina,6.75,6.21,7.62,-1.04,2.6,97.6,32549,Alto
2017,8,2017-08-01,Sudeste,ES,Gasolina,6.46,5.94,7.3,-1.17,3.23,102.42,28999,Médio
2017,8,2017-08-01,Sudeste,ES,GNV,5.24,4.82,5.92,-0.47,6.54,50.74,179634,Médio
2017,8,2017-08-01,Sudeste,ES,Gasolina,7.14,6.57,8.07,4.28,6.32,76.69,68611,Baixo
2017,8,2017-08-01,Sul,PR,GLP,3.95,3.63,4.46,8.25,9.83,56.14,60162,Alto
2017,8,2017-08-01,Sul,PR,Diesel,6.88,6.33,7.78,-3.12,8.99,104.08,128984,Médio
2017,8,2017-08-01,Sul,SC,Gasolina,3.87,3.56,4.37,-2.0,2.41,76.26,50423,Médio
2017,8,2017-08-01,Sul,SC,Gasolina,3.65,3.36,4.13,5.13,11.54,85.71,26270,Baixo
2017,8,2017-08-01,Sul,RS,Etanol,3.28,3.02,3.7,-1.5,4.89,79.58,225208,Alto
2017,8,2017-08-01,Sul,RS,GLP,5.8,5.33,6.55,-3.63,3.57,45.82,219917,Alto
2017,9,2017-09-01,Norte,AM,GLP,7.85,7.22,8.87,6.48,10.77,81.62,141129,Crítico
2017,9,2017-09-01,Norte,PA,Etanol,4.25,3.91,4.8,3.45,4.15,97.69,206938,Alto
2017,9,2017-09-01,Norte,PA,Gasolina,4.47,4.12,5.06,-8.12,10.75,105.58,8618,Médio
2017,9,2017-09-01,Norte,RO,GLP,3.73,3.43,4.22,-4.33,8.14,76.99,114667,Crítico
2017,9,2017-09-01,Norte,TO,Gasolina,7.11,6.54,8.04,-6.79,10.8,101.08,104465,Crítico
2017,9,2017-09-01,Nordeste,BA,GNV,6.05,5.57,6.84,2.3,6.19,91.82,246781,Médio
2017,9,2017-09-01,Nordeste,BA,GNV,6.68,6.14,7.55,-2.57,3.99,81.58,212952,Baixo
2017,9,2017-09-01,Nordeste,PE,Etanol,3.32,3.05,3.75,-0.66,10.3,99.33,18964,Médio
2017,9,2017-09-01,Nordeste,PE,GNV,3.16,2.91,3.57,4.19,6.05,78.39,37809,Crítico
2017,9,2017-09-01,Nordeste,CE,Etanol,3.1,2.85,3.5,-2.34,2.81,47.03,205304,Crítico
2017,9,2017-09-01,Nordeste,CE,Gasolina,7.69,7.07,8.69,5.7,11.04,88.91,217463,Crítico
2017,9,2017-09-01,Nordeste,MA,Etanol,4.52,4.16,5.11,3.1,7.43,93.29,203967,Alto
2017,9,2017-09-01,Nordeste,PB,Diesel,3.09,2.84,3.49,3.07,8.38,60.09,39759,Médio
2017,9,2017-09-01,Centro-Oeste,DF,GNV,5.13,4.72,5.8,1.31,2.96,77.32,207298,Crítico
2017,9,2017-09-01,Centro-Oeste,GO,GNV,4.1,3.78,4.64,3.4,9.86,108.09,162722,Médio
2017,9,2017-09-01,Centro-Oeste,GO,Etanol,7.4,6.8,8.36,-1.55,3.11,49.68,98898,Baixo
2017,9,2017-09-01,Centro-Oeste,MT,Diesel,4.89,4.5,5.52,0.31,5.62,104.04,225888,Baixo
2017,9,2017-09-01,Centro-Oeste,MS,Gasolina,6.62,6.09,7.48,-0.25,3.27,65.21,53561,Crítico
2017,9,2017-09-01,Sudeste,SP,Etanol,6.01,5.53,6.8,-4.27,10.9,70.87,65606,Crítico
2017,9,2017-09-01,Sudeste,SP,Diesel,6.6,6.07,7.46,-0.33,3.44,67.14,223287,Baixo
2017,9,2017-09-01,Sudeste,SP,GNV,7.78,7.16,8.79,8.94,10.71,61.22,58814,Médio
2017,9,2017-09-01,Sudeste,RJ,Diesel,4.97,4.57,5.62,3.5,8.74,57.37,58975,Alto
2017,9,2017-09-01,Sudeste,RJ,GLP,5.69,5.24,6.43,4.87,4.52,103.61,91978,Baixo
2017,9,2017-09-01,Sudeste,RJ,Gasolina,7.46,6.87,8.43,0.12,4.3,64.25,61097,Alto
2017,9,2017-09-01,Sudeste,RJ,Gasolina,6.52,6.0,7.37,4.61,9.7,62.98,194965,Crítico
2017,9,2017-09-01,Sudeste,MG,Diesel,7.95,7.31,8.98,-1.36,4.79,83.16,136440,Baixo
2017,9,2017-09-01,Sudeste,MG,Etanol,7.78,7.16,8.79,1.46,9.71,49.09,93440,Médio
2017,9,2017-09-01,Sudeste,MG,Gasolina,7.34,6.75,8.29,-1.95,11.55,98.77,113202,Alto
2017,9,2017-09-01,Sudeste,ES,GNV,6.26,5.76,7.08,-2.97,5.8,91.03,212215,Baixo
2017,9,2017-09-01,Sudeste,ES,Etanol,6.23,5.73,7.04,3.92,6.24,96.98,219859,Baixo
2017,9,2017-09-01,Sudeste,ES,Etanol,4.11,3.78,4.64,1.78,11.36,78.97,70265,Baixo
2017,9,2017-09-01,Sul,PR,GNV,6.53,6.0,7.38,-6.96,9.25,60.51,185385,Baixo
2017,9,2017-09-01,Sul,PR,Diesel,6.41,5.9,7.25,-1.2,9.33,85.32,49409,Baixo
2017,9,2017-09-01,Sul,SC,Gasolina,4.59,4.22,5.18,-6.76,7.71,106.67,96154,Médio
2017,9,2017-09-01,Sul,SC,Gasolina,6.94,6.39,7.84,2.01,11.49,85.46,168911,Baixo
2017,9,2017-09-01,Sul,RS,GLP,7.58,6.97,8.56,-2.3,6.13,49.93,240752,Alto
2017,9,2017-09-01,Sul,RS,GNV,4.21,3.87,4.76,0.5,10.87,75.55,88357,Médio
2017,10,2017-10-01,Norte,AM,GNV,3.71,3.41,4.19,1.13,8.42,72.3,44309,Alto
2017,10,2017-10-01,Norte,PA,Gasolina,4.11,3.78,4.64,6.84,4.05,77.4,186948,Alto
2017,10,2017-10-01,Norte,PA,Etanol,7.33,6.74,8.28,-3.7,5.74,62.74,63938,Médio
2017,10,2017-10-01,Norte,RO,GLP,7.49,6.89,8.47,-1.9,7.87,53.54,167495,Baixo
2017,10,2017-10-01,Norte,TO,GNV,4.84,4.45,5.46,9.78,6.61,100.31,19502,Crítico
2017,10,2017-10-01,Nordeste,BA,GNV,7.02,6.46,7.93,-1.65,4.31,84.35,105557,Crítico
2017,10,2017-10-01,Nordeste,BA,Diesel,4.01,3.69,4.53,3.61,5.07,72.1,193571,Crítico
2017,10,2017-10-01,Nordeste,PE,Gasolina,7.87,7.24,8.89,-1.86,8.21,68.76,205920,Baixo
2017,10,2017-10-01,Nordeste,PE,Gasolina,7.64,7.03,8.64,-7.36,10.59,83.98,247067,Baixo
2017,10,2017-10-01,Nordeste,CE,GNV,3.07,2.83,3.47,2.02,8.37,89.3,122086,Alto
2017,10,2017-10-01,Nordeste,CE,Etanol,5.02,4.62,5.67,-3.24,10.33,61.46,79632,Baixo
2017,10,2017-10-01,Nordeste,MA,GLP,5.19,4.77,5.86,-1.05,4.65,48.08,49153,Médio
2017,10,2017-10-01,Nordeste,PB,GNV,5.42,4.98,6.12,-1.29,5.01,93.11,39171,Alto
2017,10,2017-10-01,Centro-Oeste,DF,Gasolina,3.4,3.13,3.84,3.54,9.96,47.76,244642,Médio
2017,10,2017-10-01,Centro-Oeste,GO,GNV,7.93,7.3,8.96,-0.81,7.51,106.51,155700,Crítico
2017,10,2017-10-01,Centro-Oeste,GO,GLP,5.66,5.21,6.4,1.42,2.65,54.42,123756,Alto
2017,10,2017-10-01,Centro-Oeste,MT,Gasolina,5.55,5.1,6.27,-3.05,7.97,93.97,22583,Crítico
2017,10,2017-10-01,Centro-Oeste,MS,Etanol,6.72,6.18,7.59,2.48,9.63,100.1,48122,Alto
2017,10,2017-10-01,Sudeste,SP,GLP,6.23,5.73,7.04,-4.26,6.62,91.27,109379,Baixo
2017,10,2017-10-01,Sudeste,SP,GNV,4.74,4.36,5.36,-3.47,5.29,95.9,105509,Crítico
2017,10,2017-10-01,Sudeste,SP,Diesel,4.98,4.59,5.63,-4.46,7.09,105.98,145815,Médio
2017,10,2017-10-01,Sudeste,RJ,Diesel,4.63,4.26,5.23,-2.0,2.04,107.53,101121,Médio
2017,10,2017-10-01,Sudeste,RJ,Gasolina,5.53,5.09,6.25,-1.33,8.18,105.38,127917,Baixo
2017,10,2017-10-01,Sudeste,RJ,Gasolina,3.43,3.15,3.87,7.47,4.05,105.22,64674,Baixo
2017,10,2017-10-01,Sudeste,RJ,GLP,7.01,6.45,7.93,-1.0,5.75,99.9,33964,Médio
2017,10,2017-10-01,Sudeste,MG,GLP,6.3,5.8,7.12,10.42,9.35,55.62,178501,Alto
2017,10,2017-10-01,Sudeste,MG,Diesel,7.53,6.93,8.51,3.61,11.3,45.44,226099,Baixo
2017,10,2017-10-01,Sudeste,MG,Etanol,5.14,4.72,5.8,-1.81,6.53,77.61,99601,Médio
2017,10,2017-10-01,Sudeste,ES,GNV,7.02,6.46,7.94,-4.23,6.19,72.97,168878,Alto
2017,10,2017-10-01,Sudeste,ES,GNV,3.68,3.38,4.15,5.56,3.69,109.06,113717,Baixo
2017,10,2017-10-01,Sudeste,ES,GNV,5.61,5.16,6.34,1.17,2.72,81.77,208578,Alto
2017,10,2017-10-01,Sul,PR,Gasolina,3.13,2.88,3.54,2.59,4.36,97.81,225679,Alto
2017,10,2017-10-01,Sul,PR,Diesel,7.53,6.92,8.5,5.15,3.45,69.15,237160,Baixo
2017,10,2017-10-01,Sul,SC,Gasolina,6.54,6.02,7.39,-1.36,3.17,69.9,233506,Alto
2017,10,2017-10-01,Sul,SC,Etanol,3.27,3.0,3.69,-2.76,9.18,71.08,205758,Alto
2017,10,2017-10-01,Sul,RS,Diesel,4.06,3.74,4.59,1.91,3.1,64.79,194083,Médio
2017,10,2017-10-01,Sul,RS,GLP,4.07,3.75,4.6,9.32,5.73,90.34,52413,Médio
2017,11,2017-11-01,Norte,AM,Gasolina,5.84,5.37,6.59,0.35,9.05,72.35,249147,Baixo
2017,11,2017-11-01,Norte,PA,Etanol,4.39,4.04,4.96,-4.79,7.14,68.51,50398,Baixo
2017,11,2017-11-01,Norte,PA,GLP,7.02,6.46,7.93,-1.92,2.26,60.7,215656,Baixo
2017,11,2017-11-01,Norte,RO,GNV,5.99,5.51,6.77,0.31,11.28,49.13,246009,Alto
2017,11,2017-11-01,Norte,TO,GNV,4.47,4.12,5.05,9.87,2.57,85.62,75584,Crítico
2017,11,2017-11-01,Nordeste,BA,GNV,5.84,5.37,6.6,2.2,8.31,84.48,85855,Médio
2017,11,2017-11-01,Nordeste,BA,Gasolina,6.28,5.78,7.09,7.46,11.76,67.32,21369,Baixo
2017,11,2017-11-01,Nordeste,PE,Gasolina,6.89,6.34,7.79,-0.56,8.89,84.62,74923,Baixo
2017,11,2017-11-01,Nordeste,PE,Diesel,3.96,3.65,4.48,-8.06,11.41,94.54,185194,Médio
2017,11,2017-11-01,Nordeste,CE,GNV,4.51,4.15,5.1,-4.14,11.03,64.17,71535,Crítico
2017,11,2017-11-01,Nordeste,CE,Gasolina,3.08,2.84,3.48,6.6,6.01,76.73,103385,Alto
2017,11,2017-11-01,Nordeste,MA,GLP,5.16,4.75,5.83,0.65,7.43,73.26,172918,Alto
2017,11,2017-11-01,Nordeste,PB,GNV,4.06,3.73,4.59,0.93,8.06,80.87,64801,Crítico
2017,11,2017-11-01,Centro-Oeste,DF,GNV,4.95,4.55,5.59,8.73,4.62,86.14,58550,Médio
2017,11,2017-11-01,Centro-Oeste,GO,GNV,5.44,5.0,6.14,-2.0,8.3,95.84,59071,Crítico
2017,11,2017-11-01,Centro-Oeste,GO,Diesel,3.15,2.9,3.56,-1.46,8.15,49.75,158584,Médio
2017,11,2017-11-01,Centro-Oeste,MT,Gasolina,3.44,3.17,3.89,-3.04,10.74,85.15,106030,Baixo
2017,11,2017-11-01,Centro-Oeste,MS,Gasolina,5.13,4.72,5.8,-1.94,7.94,94.63,166869,Crítico
2017,11,2017-11-01,Sudeste,SP,GNV,7.46,6.86,8.43,2.75,2.56,70.82,138110,Baixo
2017,11,2017-11-01,Sudeste,SP,Etanol,4.85,4.46,5.48,-8.8,10.47,81.39,57203,Crítico
2017,11,2017-11-01,Sudeste,SP,GNV,4.21,3.87,4.76,-2.66,11.63,51.36,212548,Alto
2017,11,2017-11-01,Sudeste,RJ,GNV,4.6,4.23,5.2,1.91,3.19,76.3,28167,Baixo
2017,11,2017-11-01,Sudeste,RJ,GLP,7.63,7.02,8.62,7.55,10.17,88.91,234127,Crítico
2017,11,2017-11-01,Sudeste,RJ,Diesel,6.86,6.31,7.75,-3.66,4.27,109.02,223902,Baixo
2017,11,2017-11-01,Sudeste,RJ,Etanol,5.3,4.88,5.99,0.07,9.73,96.62,184675,Médio
2017,11,2017-11-01,Sudeste,MG,Etanol,4.67,4.3,5.28,-5.96,3.29,63.28,242073,Baixo
2017,11,2017-11-01,Sudeste,MG,Etanol,5.99,5.51,6.77,0.82,5.04,77.1,169607,Alto
2017,11,2017-11-01,Sudeste,MG,Gasolina,7.87,7.24,8.89,2.1,5.76,98.86,119778,Crítico
2017,11,2017-11-01,Sudeste,ES,Etanol,5.43,5.0,6.14,1.18,11.0,86.14,25157,Alto
2017,11,2017-11-01,Sudeste,ES,GLP,6.67,6.13,7.53,-1.36,4.82,82.33,190957,Alto
2017,11,2017-11-01,Sudeste,ES,GLP,7.63,7.02,8.63,-5.08,6.89,79.71,219893,Alto
2017,11,2017-11-01,Sul,PR,Diesel,3.58,3.29,4.04,1.61,11.89,59.02,129335,Alto
2017,11,2017-11-01,Sul,PR,Etanol,3.7,3.41,4.19,-5.48,2.35,45.26,233365,Baixo
2017,11,2017-11-01,Sul,SC,GLP,3.12,2.87,3.52,1.52,9.46,84.88,152396,Baixo
2017,11,2017-11-01,Sul,SC,Etanol,7.33,6.74,8.28,6.12,2.31,83.88,78825,Crítico
2017,11,2017-11-01,Sul,RS,Etanol,3.34,3.07,3.77,3.1,10.77,104.88,231200,Baixo
2017,11,2017-11-01,Sul,RS,Etanol,3.15,2.9,3.56,3.2,6.54,90.66,27060,Baixo
2017,12,2017-12-01,Norte,AM,GNV,6.25,5.75,7.06,-0.47,5.92,108.18,243705,Crítico
2017,12,2017-12-01,Norte,PA,Diesel,6.18,5.68,6.98,4.16,7.43,46.29,18282,Crítico
2017,12,2017-12-01,Norte,PA,Diesel,4.84,4.45,5.47,6.74,8.42,48.66,23218,Baixo
2017,12,2017-12-01,Norte,RO,Gasolina,4.06,3.74,4.59,7.94,3.75,69.9,101446,Médio
2017,12,2017-12-01,Norte,TO,Diesel,4.92,4.53,5.56,-0.37,5.37,46.7,47128,Médio
2017,12,2017-12-01,Nordeste,BA,Etanol,5.11,4.7,5.78,3.11,6.11,71.3,212976,Alto
2017,12,2017-12-01,Nordeste,BA,GLP,6.9,6.34,7.79,2.77,11.25,93.43,35541,Crítico
2017,12,2017-12-01,Nordeste,PE,GLP,4.53,4.17,5.12,0.62,4.07,84.01,191038,Alto
2017,12,2017-12-01,Nordeste,PE,Gasolina,3.03,2.79,3.43,-1.25,6.88,78.84,13879,Alto
2017,12,2017-12-01,Nordeste,CE,Diesel,5.54,5.1,6.26,-1.3,5.0,104.5,212609,Médio
2017,12,2017-12-01,Nordeste,CE,Gasolina,5.56,5.12,6.28,4.13,5.97,99.62,175784,Crítico
2017,12,2017-12-01,Nordeste,MA,Gasolina,6.0,5.52,6.78,-0.84,11.01,74.21,145762,Baixo
2017,12,2017-12-01,Nordeste,PB,GNV,7.1,6.54,8.03,-1.79,3.47,106.54,107445,Alto
2017,12,2017-12-01,Centro-Oeste,DF,Etanol,7.14,6.57,8.07,-4.54,3.5,84.36,192985,Alto
2017,12,2017-12-01,Centro-Oeste,GO,Etanol,4.92,4.52,5.55,4.23,7.81,66.01,98469,Médio
2017,12,2017-12-01,Centro-Oeste,GO,GLP,4.51,4.15,5.1,0.31,7.44,88.62,199207,Alto
2017,12,2017-12-01,Centro-Oeste,MT,Etanol,3.54,3.26,4.0,-0.82,8.3,99.86,137760,Alto
2017,12,2017-12-01,Centro-Oeste,MS,GLP,4.46,4.1,5.04,2.0,10.57,55.74,158165,Baixo
2017,12,2017-12-01,Sudeste,SP,Gasolina,7.58,6.98,8.57,7.0,3.8,106.41,179501,Crítico
2017,12,2017-12-01,Sudeste,SP,Diesel,8.0,7.36,9.04,8.81,2.73,59.11,49987,Crítico
2017,12,2017-12-01,Sudeste,SP,GNV,3.51,3.23,3.97,1.7,7.23,70.66,136152,Médio
2017,12,2017-12-01,Sudeste,RJ,Diesel,4.67,4.29,5.28,3.01,11.52,92.12,226328,Alto
2017,12,2017-12-01,Sudeste,RJ,GLP,3.19,2.93,3.6,-0.37,11.83,70.3,122829,Crítico
2017,12,2017-12-01,Sudeste,RJ,Etanol,7.31,6.72,8.26,-1.06,5.21,55.86,91159,Médio
2017,12,2017-12-01,Sudeste,RJ,Etanol,6.61,6.08,7.47,-1.85,4.28,99.31,133016,Médio
2017,12,2017-12-01,Sudeste,MG,Etanol,4.52,4.16,5.1,2.37,11.61,83.0,32318,Crítico
2017,12,2017-12-01,Sudeste,MG,Diesel,7.36,6.77,8.31,4.47,2.93,61.42,44268,Alto
2017,12,2017-12-01,Sudeste,MG,GLP,5.74,5.28,6.49,-8.31,11.72,93.85,152099,Médio
2017,12,2017-12-01,Sudeste,ES,Diesel,4.17,3.84,4.72,-4.05,2.2,88.9,208066,Crítico
2017,12,2017-12-01,Sudeste,ES,GLP,3.62,3.33,4.09,1.66,7.75,90.76,131608,Baixo
2017,12,2017-12-01,Sudeste,ES,GLP,6.68,6.14,7.55,3.09,5.85,52.99,102923,Alto
2017,12,2017-12-01,Sul,PR,Diesel,5.77,5.31,6.52,5.39,4.92,78.62,43233,Alto
2017,12,2017-12-01,Sul,PR,Etanol,5.35,4.93,6.05,3.64,11.79,100.35,131830,Crítico
2017,12,2017-12-01,Sul,SC,GLP,6.03,5.55,6.82,3.19,9.17,59.21,78322,Baixo
2017,12,2017-12-01,Sul,SC,Diesel,7.35,6.76,8.31,0.04,2.05,104.17,67025,Alto
2017,12,2017-12-01,Sul,RS,GLP,3.12,2.87,3.53,3.83,6.94,73.77,70072,Crítico
2017,12,2017-12-01,Sul,RS,Diesel,4.58,4.21,5.17,-3.54,3.03,46.89,206084,Médio
2018,1,2018-01-01,Norte,AM,GLP,4.05,3.73,4.58,1.67,5.77,84.79,57526,Alto
2018,1,2018-01-01,Norte,PA,GLP,6.51,5.99,7.36,0.95,4.16,100.2,211974,Crítico
2018,1,2018-01-01,Norte,PA,Diesel,6.97,6.41,7.87,-2.94,10.43,58.36,153220,Alto
2018,1,2018-01-01,Norte,RO,Etanol,5.3,4.88,5.99,-3.1,10.78,107.81,28607,Baixo
2018,1,2018-01-01,Norte,TO,GNV,4.11,3.78,4.65,3.98,3.58,89.38,23607,Médio
2018,1,2018-01-01,Nordeste,BA,GLP,7.87,7.24,8.9,2.86,6.86,98.38,176647,Médio
2018,1,2018-01-01,Nordeste,BA,Gasolina,5.74,5.28,6.49,0.89,2.59,53.18,27602,Médio
2018,1,2018-01-01,Nordeste,PE,Diesel,4.99,4.59,5.64,-4.5,3.96,96.65,76769,Crítico
2018,1,2018-01-01,Nordeste,PE,GLP,5.85,5.38,6.61,-0.06,7.07,92.53,79590,Baixo
2018,1,2018-01-01,Nordeste,CE,GNV,5.44,5.0,6.14,0.78,5.05,55.25,229767,Baixo
2018,1,2018-01-01,Nordeste,CE,GLP,5.66,5.21,6.39,3.23,2.42,98.37,17244,Baixo
2018,1,2018-01-01,Nordeste,MA,Gasolina,6.79,6.25,7.67,-0.03,2.85,87.59,110251,Médio
2018,1,2018-01-01,Nordeste,PB,Etanol,3.84,3.53,4.34,5.34,10.59,67.58,140429,Crítico
2018,1,2018-01-01,Centro-Oeste,DF,Etanol,3.43,3.15,3.87,-4.58,2.09,104.07,14952,Alto
2018,1,2018-01-01,Centro-Oeste,GO,Etanol,4.72,4.35,5.34,0.87,3.73,55.61,193868,Baixo
2018,1,2018-01-01,Centro-Oeste,GO,GLP,3.64,3.35,4.12,4.38,4.78,95.17,162199,Baixo
2018,1,2018-01-01,Centro-Oeste,MT,GLP,6.15,5.66,6.95,-2.03,9.67,95.62,9169,Alto
2018,1,2018-01-01,Centro-Oeste,MS,GLP,5.73,5.27,6.47,-2.79,8.49,48.72,129754,Baixo
2018,1,2018-01-01,Sudeste,SP,Diesel,4.98,4.58,5.63,-0.74,2.36,105.9,59663,Baixo
2018,1,2018-01-01,Sudeste,SP,Etanol,6.63,6.1,7.5,0.15,5.22,73.38,81095,Baixo
2018,1,2018-01-01,Sudeste,SP,GLP,3.29,3.02,3.71,-4.38,9.1,74.09,148794,Médio
2018,1,2018-01-01,Sudeste,RJ,Gasolina,3.6,3.32,4.07,-0.82,10.92,79.12,139186,Baixo
2018,1,2018-01-01,Sudeste,RJ,GNV,6.85,6.3,7.74,-5.76,9.67,99.99,15955,Crítico
2018,1,2018-01-01,Sudeste,RJ,GNV,5.03,4.63,5.69,3.31,11.91,70.32,47459,Médio
2018,1,2018-01-01,Sudeste,RJ,GLP,6.91,6.36,7.81,-0.6,10.68,102.72,115202,Crítico
2018,1,2018-01-01,Sudeste,MG,GLP,4.26,3.92,4.82,4.23,10.01,96.29,145526,Alto
2018,1,2018-01-01,Sudeste,MG,Diesel,7.2,6.62,8.13,-2.94,9.57,62.97,111729,Médio
2018,1,2018-01-01,Sudeste,MG,GNV,7.56,6.95,8.54,1.4,6.25,75.37,106548,Alto
2018,1,2018-01-01,Sudeste,ES,Diesel,5.1,4.69,5.76,-5.72,10.69,97.3,18819,Baixo
2018,1,2018-01-01,Sudeste,ES,Gasolina,3.09,2.84,3.49,1.92,10.54,70.62,74942,Baixo
2018,1,2018-01-01,Sudeste,ES,GNV,7.75,7.13,8.76,-4.16,11.14,80.77,182806,Baixo
2018,1,2018-01-01,Sul,PR,Gasolina,4.95,4.56,5.6,4.85,4.31,87.87,31311,Crítico
2018,1,2018-01-01,Sul,PR,GLP,4.45,4.09,5.02,-5.82,2.6,106.74,54557,Crítico
2018,1,2018-01-01,Sul,SC,Gasolina,6.86,6.31,7.75,4.61,9.38,98.33,19513,Baixo
2018,1,2018-01-01,Sul,SC,Diesel,7.58,6.98,8.57,-2.55,6.24,62.19,225125,Médio
2018,1,2018-01-01,Sul,RS,GNV,5.38,4.95,6.08,-1.07,5.39,53.53,16479,Alto
2018,1,2018-01-01,Sul,RS,GNV,6.38,5.87,7.21,-2.38,10.57,55.28,146753,Alto
2018,2,2018-02-01,Norte,AM,Etanol,4.05,3.72,4.57,-2.0,3.09,101.61,51702,Alto
2018,2,2018-02-01,Norte,PA,Etanol,7.24,6.66,8.18,3.22,10.37,76.4,233350,Crítico
2018,2,2018-02-01,Norte,PA,GLP,4.03,3.71,4.55,2.19,8.54,50.84,249549,Médio
2018,2,2018-02-01,Norte,RO,Etanol,4.56,4.2,5.15,0.49,11.8,55.01,191490,Médio
2018,2,2018-02-01,Norte,TO,GLP,3.23,2.97,3.65,-5.93,8.05,94.0,43076,Médio
2018,2,2018-02-01,Nordeste,BA,GNV,4.48,4.13,5.07,-3.18,5.75,108.85,14156,Baixo
2018,2,2018-02-01,Nordeste,BA,Etanol,3.01,2.77,3.4,2.3,4.14,48.02,115691,Baixo
2018,2,2018-02-01,Nordeste,PE,GNV,6.82,6.27,7.7,0.17,10.41,67.08,63099,Médio
2018,2,2018-02-01,Nordeste,PE,Gasolina,7.32,6.73,8.27,8.05,11.65,58.32,205284,Baixo
2018,2,2018-02-01,Nordeste,CE,Etanol,7.47,6.87,8.44,5.18,2.27,46.55,232580,Médio
2018,2,2018-02-01,Nordeste,CE,GNV,3.47,3.19,3.92,3.59,10.61,69.49,212807,Crítico
2018,2,2018-02-01,Nordeste,MA,GNV,4.66,4.28,5.26,-1.77,10.72,74.18,245896,Baixo
2018,2,2018-02-01,Nordeste,PB,GLP,4.26,3.92,4.82,3.9,10.41,83.13,135734,Baixo
2018,2,2018-02-01,Centro-Oeste,DF,Diesel,7.08,6.51,8.0,-1.86,5.77,81.87,140730,Crítico
2018,2,2018-02-01,Centro-Oeste,GO,Etanol,5.0,4.6,5.65,-2.82,3.75,48.67,83665,Baixo
2018,2,2018-02-01,Centro-Oeste,GO,Diesel,7.5,6.9,8.48,-4.41,2.8,67.37,21186,Alto
2018,2,2018-02-01,Centro-Oeste,MT,GNV,6.34,5.83,7.16,1.86,3.4,106.72,54970,Crítico
2018,2,2018-02-01,Centro-Oeste,MS,Etanol,7.98,7.34,9.02,-2.42,8.42,87.01,69742,Baixo
2018,2,2018-02-01,Sudeste,SP,GLP,7.15,6.58,8.08,1.09,8.51,100.01,191957,Baixo
2018,2,2018-02-01,Sudeste,SP,Gasolina,7.31,6.72,8.26,-6.48,9.29,103.15,169346,Médio
2018,2,2018-02-01,Sudeste,SP,Etanol,5.79,5.33,6.54,-0.31,4.06,95.53,123426,Médio
2018,2,2018-02-01,Sudeste,RJ,Diesel,6.5,5.98,7.34,2.73,11.48,86.69,249552,Crítico
2018,2,2018-02-01,Sudeste,RJ,GNV,4.5,4.14,5.09,7.33,3.95,67.55,246781,Baixo
2018,2,2018-02-01,Sudeste,RJ,Gasolina,3.08,2.83,3.48,2.53,2.77,88.29,57586,Baixo
2018,2,2018-02-01,Sudeste,RJ,GLP,6.59,6.07,7.45,-2.7,10.6,107.43,19775,Alto
2018,2,2018-02-01,Sudeste,MG,GLP,4.94,4.55,5.58,9.5,5.23,70.63,235176,Médio
2018,2,2018-02-01,Sudeste,MG,GLP,4.82,4.43,5.44,-4.45,8.21,101.84,84466,Baixo
2018,2,2018-02-01,Sudeste,MG,GLP,6.64,6.11,7.51,-4.26,10.8,66.63,61471,Alto
2018,2,2018-02-01,Sudeste,ES,GLP,4.28,3.94,4.84,-0.43,3.31,53.69,32356,Crítico
2018,2,2018-02-01,Sudeste,ES,Gasolina,4.83,4.45,5.46,0.04,6.38,85.49,63639,Crítico
2018,2,2018-02-01,Sudeste,ES,Gasolina,3.62,3.33,4.09,1.8,11.62,105.1,208993,Médio
2018,2,2018-02-01,Sul,PR,Diesel,6.65,6.12,7.52,1.08,8.12,58.95,28132,Baixo
2018,2,2018-02-01,Sul,PR,GNV,4.57,4.21,5.17,-4.06,10.16,68.46,115131,Baixo
2018,2,2018-02-01,Sul,SC,Gasolina,6.65,6.12,7.52,4.03,3.98,98.88,162262,Médio
2018,2,2018-02-01,Sul,SC,Diesel,5.87,5.4,6.63,10.73,3.08,85.27,247731,Crítico
2018,2,2018-02-01,Sul,RS,GLP,7.28,6.7,8.23,-1.94,9.09,78.72,202985,Baixo
2018,2,2018-02-01,Sul,RS,GNV,3.8,3.5,4.3,-2.74,2.28,47.27,239152,Baixo
2018,3,2018-03-01,Norte,AM,GNV,6.94,6.39,7.84,-0.13,6.66,61.74,145675,Baixo
2018,3,2018-03-01,Norte,PA,Gasolina,3.54,3.25,4.0,1.35,10.23,90.01,16221,Crítico
2018,3,2018-03-01,Norte,PA,Etanol,4.48,4.12,5.06,2.12,7.85,71.85,57037,Crítico
2018,3,2018-03-01,Norte,RO,Etanol,6.78,6.24,7.67,-5.53,10.58,106.05,166638,Médio
2018,3,2018-03-01,Norte,TO,Etanol,7.74,7.12,8.75,1.15,3.01,101.19,170067,Crítico
2018,3,2018-03-01,Nordeste,BA,Etanol,4.65,4.28,5.26,-1.91,9.04,70.55,229179,Alto
2018,3,2018-03-01,Nordeste,BA,GLP,6.6,6.07,7.46,2.84,8.62,104.67,240681,Alto
2018,3,2018-03-01,Nordeste,PE,GNV,5.9,5.43,6.67,6.0,9.97,57.58,174335,Crítico
2018,3,2018-03-01,Nordeste,PE,Gasolina,3.41,3.14,3.86,9.58,11.84,78.38,105437,Médio
2018,3,2018-03-01,Nordeste,CE,Gasolina,7.67,7.05,8.66,2.48,9.42,73.88,5572,Crítico
2018,3,2018-03-01,Nordeste,CE,Diesel,6.82,6.27,7.7,-1.16,9.75,104.89,52647,Baixo
2018,3,2018-03-01,Nordeste,MA,Diesel,5.38,4.95,6.08,3.37,5.26,58.9,242026,Crítico
2018,3,2018-03-01,Nordeste,PB,GLP,3.86,3.56,4.37,4.45,11.4,92.83,245216,Baixo
2018,3,2018-03-01,Centro-Oeste,DF,GLP,5.38,4.95,6.08,1.58,6.97,47.14,202375,Crítico
2018,3,2018-03-01,Centro-Oeste,GO,GLP,3.31,3.05,3.74,6.16,11.95,87.93,96588,Crítico
2018,3,2018-03-01,Centro-Oeste,GO,Diesel,6.71,6.18,7.59,-6.63,9.33,80.74,178781,Médio
2018,3,2018-03-01,Centro-Oeste,MT,Etanol,3.6,3.31,4.06,-6.27,4.99,45.19,210390,Médio
2018,3,2018-03-01,Centro-Oeste,MS,GNV,6.42,5.91,7.26,-3.6,9.45,59.81,212873,Baixo
2018,3,2018-03-01,Sudeste,SP,GLP,7.83,7.2,8.85,1.53,6.58,51.05,216796,Alto
2018,3,2018-03-01,Sudeste,SP,Etanol,7.13,6.56,8.06,0.62,5.1,68.66,190195,Baixo
2018,3,2018-03-01,Sudeste,SP,Gasolina,7.7,7.08,8.7,-3.03,3.72,49.59,213271,Alto
2018,3,2018-03-01,Sudeste,RJ,Gasolina,5.52,5.08,6.24,-1.47,9.46,64.89,186528,Alto
2018,3,2018-03-01,Sudeste,RJ,Gasolina,6.14,5.65,6.94,-0.71,3.79,69.81,128137,Baixo
2018,3,2018-03-01,Sudeste,RJ,GLP,3.66,3.37,4.14,-6.18,6.34,98.48,99455,Crítico
2018,3,2018-03-01,Sudeste,RJ,Diesel,3.43,3.16,3.88,6.01,8.48,68.8,70676,Crítico
2018,3,2018-03-01,Sudeste,MG,GNV,5.01,4.61,5.66,-1.26,5.38,89.54,164017,Alto
2018,3,2018-03-01,Sudeste,MG,Etanol,7.92,7.29,8.95,-0.46,6.63,84.49,116002,Alto
2018,3,2018-03-01,Sudeste,MG,GLP,3.54,3.26,4.0,2.81,10.16,98.04,201880,Alto
2018,3,2018-03-01,Sudeste,ES,Etanol,6.08,5.59,6.87,6.49,11.28,69.11,27095,Alto
2018,3,2018-03-01,Sudeste,ES,Gasolina,3.49,3.21,3.95,5.5,3.78,95.09,162614,Médio
2018,3,2018-03-01,Sudeste,ES,GNV,7.5,6.9,8.47,3.18,3.67,48.33,200241,Alto
2018,3,2018-03-01,Sul,PR,GNV,3.73,3.44,4.22,-1.82,10.38,51.19,29621,Médio
2018,3,2018-03-01,Sul,PR,Diesel,5.36,4.94,6.06,1.34,5.87,102.26,38484,Baixo
2018,3,2018-03-01,Sul,SC,Gasolina,4.45,4.1,5.03,-2.04,3.66,53.38,115359,Baixo
2018,3,2018-03-01,Sul,SC,GNV,5.73,5.27,6.48,0.88,11.39,46.12,178378,Médio
2018,3,2018-03-01,Sul,RS,GNV,7.5,6.9,8.48,1.3,8.84,64.93,249215,Médio
2018,3,2018-03-01,Sul,RS,Etanol,4.71,4.33,5.32,-1.59,5.75,54.07,211679,Médio
2018,4,2018-04-01,Norte,AM,GLP,4.71,4.33,5.32,2.04,2.93,100.41,243877,Baixo
2018,4,2018-04-01,Norte,PA,Diesel,5.33,4.9,6.02,0.86,4.55,77.66,163825,Médio
2018,4,2018-04-01,Norte,PA,GNV,4.24,3.9,4.79,2.27,11.88,100.68,222765,Crítico
2018,4,2018-04-01,Norte,RO,Diesel,3.9,3.59,4.41,-5.07,7.35,93.46,182456,Crítico
2018,4,2018-04-01,Norte,TO,GNV,4.84,4.46,5.47,0.98,3.27,98.09,27345,Baixo
2018,4,2018-04-01,Nordeste,BA,Gasolina,6.6,6.07,7.46,-1.91,4.38,79.64,145002,Alto
2018,4,2018-04-01,Nordeste,BA,GLP,3.41,3.13,3.85,-0.56,9.81,46.14,228774,Alto
2018,4,2018-04-01,Nordeste,PE,Gasolina,4.58,4.21,5.17,1.08,10.24,81.54,15047,Crítico
2018,4,2018-04-01,Nordeste,PE,Etanol,7.07,6.5,7.98,-0.15,2.65,87.09,176331,Médio
2018,4,2018-04-01,Nordeste,CE,Gasolina,3.2,2.94,3.61,-5.38,6.63,95.12,224006,Crítico
2018,4,2018-04-01,Nordeste,CE,Diesel,7.02,6.46,7.94,-0.65,6.18,85.7,26174,Médio
2018,4,2018-04-01,Nordeste,MA,GLP,4.57,4.2,5.16,0.45,5.1,98.52,106957,Alto
2018,4,2018-04-01,Nordeste,PB,GNV,3.26,3.0,3.69,6.73,8.11,77.61,45557,Baixo
2018,4,2018-04-01,Centro-Oeste,DF,Etanol,6.89,6.34,7.78,-1.25,9.71,61.29,31992,Médio
2018,4,2018-04-01,Centro-Oeste,GO,GNV,3.41,3.14,3.86,-1.83,5.31,90.7,202613,Médio
2018,4,2018-04-01,Centro-Oeste,GO,GNV,5.49,5.05,6.21,-1.34,2.33,46.93,34038,Médio
2018,4,2018-04-01,Centro-Oeste,MT,Diesel,7.82,7.2,8.84,-1.19,5.97,70.11,148692,Baixo
2018,4,2018-04-01,Centro-Oeste,MS,Etanol,4.59,4.22,5.19,-1.22,6.15,55.24,63430,Baixo
2018,4,2018-04-01,Sudeste,SP,GNV,7.98,7.34,9.01,8.16,3.56,106.32,219022,Médio
2018,4,2018-04-01,Sudeste,SP,Gasolina,7.49,6.89,8.47,-2.44,10.33,51.1,236630,Alto
2018,4,2018-04-01,Sudeste,SP,Etanol,4.51,4.15,5.09,1.22,3.83,50.02,233334,Médio
2018,4,2018-04-01,Sudeste,RJ,Etanol,3.52,3.24,3.97,-0.5,3.76,81.4,177423,Alto
2018,4,2018-04-01,Sudeste,RJ,GNV,6.79,6.25,7.67,0.68,10.79,46.61,205859,Alto
2018,4,2018-04-01,Sudeste,RJ,GLP,6.69,6.16,7.57,-8.13,9.49,94.05,180815,Crítico
2018,4,2018-04-01,Sudeste,RJ,Etanol,3.46,3.18,3.91,1.53,10.18,86.18,218366,Crítico
2018,4,2018-04-01,Sudeste,MG,Etanol,5.61,5.16,6.34,-2.72,6.14,48.02,150082,Baixo
2018,4,2018-04-01,Sudeste,MG,Etanol,7.91,7.28,8.94,-0.98,4.1,51.21,223589,Baixo
2018,4,2018-04-01,Sudeste,MG,Gasolina,3.12,2.87,3.52,1.21,4.55,104.13,11258,Baixo
2018,4,2018-04-01,Sudeste,ES,Gasolina,5.47,5.03,6.18,-1.03,9.04,104.31,113750,Crítico
2018,4,2018-04-01,Sudeste,ES,GLP,5.5,5.06,6.21,-6.47,9.16,72.68,242059,Alto
2018,4,2018-04-01,Sudeste,ES,Etanol,6.62,6.09,7.48,0.8,7.28,97.55,170096,Alto
2018,4,2018-04-01,Sul,PR,Etanol,5.93,5.46,6.7,-0.47,3.89,65.71,152534,Alto
2018,4,2018-04-01,Sul,PR,Diesel,7.81,7.19,8.83,-0.86,5.14,47.32,48126,Baixo
2018,4,2018-04-01,Sul,SC,Etanol,4.92,4.53,5.56,-6.39,9.05,86.26,93474,Alto
2018,4,2018-04-01,Sul,SC,Gasolina,6.17,5.67,6.97,0.94,7.63,88.14,202400,Alto
2018,4,2018-04-01,Sul,RS,GLP,5.61,5.16,6.34,-5.46,8.28,92.83,40437,Crítico
2018,4,2018-04-01,Sul,RS,Gasolina,3.93,3.61,4.44,-1.01,8.82,106.08,192038,Crítico
2018,5,2018-05-01,Norte,AM,GNV,6.1,5.61,6.89,1.25,3.28,60.58,201186,Baixo
2018,5,2018-05-01,Norte,PA,GLP,6.96,6.4,7.86,1.08,8.33,66.73,42138,Médio
2018,5,2018-05-01,Norte,PA,Diesel,7.13,6.56,8.06,-0.65,8.87,79.99,151234,Baixo
2018,5,2018-05-01,Norte,RO,Etanol,4.33,3.99,4.9,1.2,8.24,93.01,80314,Médio
2018,5,2018-05-01,Norte,TO,Gasolina,5.48,5.04,6.19,-5.45,7.52,58.55,177342,Crítico
2018,5,2018-05-01,Nordeste,BA,GNV,4.88,4.49,5.52,-0.91,7.27,87.12,158385,Alto
2018,5,2018-05-01,Nordeste,BA,GLP,5.35,4.92,6.04,-1.94,4.08,76.56,82888,Médio
2018,5,2018-05-01,Nordeste,PE,Etanol,7.52,6.92,8.5,0.37,9.36,72.0,119813,Médio
2018,5,2018-05-01,Nordeste,PE,Etanol,7.4,6.8,8.36,-1.15,2.47,93.27,165598,Alto
2018,5,2018-05-01,Nordeste,CE,Etanol,5.21,4.8,5.89,0.65,7.22,77.25,72291,Baixo
2018,5,2018-05-01,Nordeste,CE,Diesel,5.31,4.89,6.0,-1.34,8.56,68.52,173450,Médio
2018,5,2018-05-01,Nordeste,MA,Gasolina,3.24,2.98,3.66,-0.32,9.23,101.95,57491,Alto
2018,5,2018-05-01,Nordeste,PB,GNV,6.26,5.76,7.08,-3.21,9.12,52.73,10944,Baixo
2018,5,2018-05-01,Centro-Oeste,DF,Etanol,5.51,5.07,6.23,0.14,10.88,90.41,107483,Baixo
2018,5,2018-05-01,Centro-Oeste,GO,Gasolina,3.32,3.05,3.75,7.14,4.44,101.79,72787,Alto
2018,5,2018-05-01,Centro-Oeste,GO,Etanol,5.48,5.04,6.19,-4.8,9.78,102.96,110686,Baixo
2018,5,2018-05-01,Centro-Oeste,MT,GLP,4.63,4.26,5.23,7.49,2.73,71.55,218590,Baixo
2018,5,2018-05-01,Centro-Oeste,MS,GLP,3.83,3.53,4.33,3.59,7.04,99.06,149464,Médio
2018,5,2018-05-01,Sudeste,SP,Gasolina,7.49,6.89,8.46,0.92,5.73,102.79,18226,Crítico
2018,5,2018-05-01,Sudeste,SP,Gasolina,6.13,5.64,6.93,5.41,8.84,83.03,202468,Baixo
2018,5,2018-05-01,Sudeste,SP,Diesel,3.63,3.34,4.1,1.51,3.59,85.74,153725,Crítico
2018,5,2018-05-01,Sudeste,RJ,Diesel,7.58,6.97,8.56,-0.8,6.78,72.21,102213,Médio
2018,5,2018-05-01,Sudeste,RJ,Gasolina,4.84,4.46,5.47,-1.61,6.06,86.85,51966,Crítico
2018,5,2018-05-01,Sudeste,RJ,GLP,4.68,4.31,5.29,0.12,3.35,63.63,122605,Crítico
2018,5,2018-05-01,Sudeste,RJ,Etanol,4.66,4.29,5.27,0.94,2.18,94.87,49036,Baixo
2018,5,2018-05-01,Sudeste,MG,GLP,8.0,7.36,9.04,3.75,7.77,107.92,142916,Alto
2018,5,2018-05-01,Sudeste,MG,Gasolina,3.44,3.17,3.89,1.85,5.02,97.67,164615,Alto
2018,5,2018-05-01,Sudeste,MG,GNV,4.55,4.18,5.14,-0.69,5.64,99.81,61926,Alto
2018,5,2018-05-01,Sudeste,ES,Etanol,4.4,4.05,4.97,7.02,4.76,70.89,135348,Crítico
2018,5,2018-05-01,Sudeste,ES,GLP,6.96,6.4,7.86,3.51,2.71,86.97,157735,Baixo
2018,5,2018-05-01,Sudeste,ES,GLP,3.9,3.59,4.41,-3.1,7.06,46.36,181114,Crítico
2018,5,2018-05-01,Sul,PR,Gasolina,4.53,4.17,5.12,2.28,7.71,69.32,95167,Médio
2018,5,2018-05-01,Sul,PR,Diesel,4.55,4.19,5.14,-3.1,10.97,91.41,64410,Crítico
2018,5,2018-05-01,Sul,SC,GNV,3.92,3.61,4.43,-6.19,5.8,70.04,245454,Médio
2018,5,2018-05-01,Sul,SC,Gasolina,6.47,5.95,7.31,4.42,9.13,60.72,144257,Crítico
2018,5,2018-05-01,Sul,RS,Diesel,3.6,3.31,4.07,6.03,9.42,59.91,93779,Alto
2018,5,2018-05-01,Sul,RS,Etanol,4.12,3.79,4.66,3.23,10.13,105.24,186531,Baixo
2018,6,2018-06-01,Norte,AM,Gasolina,6.05,5.57,6.84,-6.89,11.03,67.14,81121,Crítico
2018,6,2018-06-01,Norte,PA,Diesel,4.11,3.78,4.64,2.12,4.6,47.28,197163,Médio
2018,6,2018-06-01,Norte,PA,GLP,6.19,5.69,6.99,-6.57,2.58,73.09,88410,Crítico
2018,6,2018-06-01,Norte,RO,Diesel,3.3,3.04,3.73,5.38,9.59,108.07,187923,Crítico
2018,6,2018-06-01,Norte,TO,GNV,4.65,4.28,5.25,2.16,6.61,93.8,23424,Médio
2018,6,2018-06-01,Nordeste,BA,GLP,3.82,3.52,4.32,-0.88,7.88,95.23,36427,Alto
2018,6,2018-06-01,Nordeste,BA,Gasolina,3.53,3.25,3.99,0.77,9.68,75.84,235352,Médio
2018,6,2018-06-01,Nordeste,PE,Gasolina,6.41,5.9,7.24,-5.15,5.36,81.05,234947,Médio
2018,6,2018-06-01,Nordeste,PE,Gasolina,6.61,6.08,7.47,4.8,6.76,79.03,102286,Crítico
2018,6,2018-06-01,Nordeste,CE,GLP,4.03,3.71,4.56,0.19,3.69,46.61,51035,Médio
2018,6,2018-06-01,Nordeste,CE,Etanol,5.15,4.74,5.82,-1.54,10.24,81.66,245085,Alto
2018,6,2018-06-01,Nordeste,MA,Diesel,6.24,5.74,7.05,1.44,9.05,58.86,154488,Médio
2018,6,2018-06-01,Nordeste,PB,Diesel,4.8,4.42,5.43,-2.94,11.35,57.45,74543,Alto
2018,6,2018-06-01,Centro-Oeste,DF,Gasolina,6.14,5.65,6.94,-5.88,8.07,59.99,188735,Crítico
2018,6,2018-06-01,Centro-Oeste,GO,GNV,7.04,6.47,7.95,3.38,3.4,71.88,59068,Baixo
2018,6,2018-06-01,Centro-Oeste,GO,GNV,3.69,3.39,4.16,3.08,10.91,84.0,173833,Alto
2018,6,2018-06-01,Centro-Oeste,MT,Gasolina,6.11,5.63,6.91,0.17,7.15,63.78,138047,Alto
2018,6,2018-06-01,Centro-Oeste,MS,Etanol,6.09,5.61,6.89,-5.53,7.58,105.69,43863,Crítico
2018,6,2018-06-01,Sudeste,SP,GNV,7.13,6.56,8.06,-4.11,4.42,109.85,18477,Crítico
2018,6,2018-06-01,Sudeste,SP,GNV,3.9,3.59,4.41,5.32,3.52,102.15,149185,Baixo
2018,6,2018-06-01,Sudeste,SP,Etanol,3.74,3.44,4.23,5.05,4.86,62.97,17638,Baixo
2018,6,2018-06-01,Sudeste,RJ,GLP,6.23,5.73,7.04,0.93,6.92,98.52,130700,Alto
2018,6,2018-06-01,Sudeste,RJ,Diesel,5.14,4.73,5.81,-0.11,10.14,100.09,194896,Alto
2018,6,2018-06-01,Sudeste,RJ,GLP,5.71,5.25,6.45,-0.35,2.58,71.07,75716,Alto
2018,6,2018-06-01,Sudeste,RJ,Diesel,4.78,4.39,5.4,0.24,11.79,105.72,145366,Crítico
2018,6,2018-06-01,Sudeste,MG,Gasolina,6.41,5.89,7.24,0.32,2.62,46.2,82425,Alto
2018,6,2018-06-01,Sudeste,MG,GLP,6.2,5.71,7.01,2.9,7.05,74.86,70842,Baixo
2018,6,2018-06-01,Sudeste,MG,Etanol,6.39,5.88,7.22,0.92,3.05,96.64,206580,Baixo
2018,6,2018-06-01,Sudeste,ES,GNV,4.91,4.51,5.54,10.13,6.28,57.96,9115,Alto
2018,6,2018-06-01,Sudeste,ES,GNV,6.17,5.68,6.97,0.4,4.89,89.71,88294,Alto
2018,6,2018-06-01,Sudeste,ES,GNV,4.95,4.55,5.59,5.74,8.55,84.84,180029,Alto
2018,6,2018-06-01,Sul,PR,Diesel,3.55,3.26,4.01,2.2,5.52,75.91,164114,Médio
2018,6,2018-06-01,Sul,PR,GNV,5.76,5.3,6.5,8.72,6.94,75.96,231883,Médio
2018,6,2018-06-01,Sul,SC,Gasolina,7.45,6.85,8.41,5.85,4.26,103.46,144104,Alto
2018,6,2018-06-01,Sul,SC,Gasolina,3.73,3.43,4.22,3.63,9.33,102.79,79321,Alto
2018,6,2018-06-01,Sul,RS,Diesel,6.16,5.67,6.96,3.48,3.13,78.31,225261,Médio
2018,6,2018-06-01,Sul,RS,Etanol,6.16,5.66,6.96,2.22,3.79,69.43,213147,Médio
2018,7,2018-07-01,Norte,AM,Gasolina,6.13,5.64,6.93,2.72,7.01,95.62,165279,Alto
2018,7,2018-07-01,Norte,PA,GNV,4.97,4.57,5.61,-8.52,3.83,93.66,119644,Médio
2018,7,2018-07-01,Norte,PA,Diesel,6.0,5.52,6.79,-5.37,2.01,88.52,120834,Baixo
2018,7,2018-07-01,Norte,RO,Gasolina,5.19,4.78,5.87,-0.66,11.73,101.54,82097,Alto
2018,7,2018-07-01,Norte,TO,GNV,4.42,4.07,5.0,3.87,9.08,51.95,43641,Alto
2018,7,2018-07-01,Nordeste,BA,Etanol,7.92,7.29,8.95,2.13,3.19,94.18,23385,Baixo
2018,7,2018-07-01,Nordeste,BA,Gasolina,6.65,6.12,7.52,-3.27,6.44,55.67,71147,Baixo
2018,7,2018-07-01,Nordeste,PE,Gasolina,3.3,3.03,3.73,-3.99,2.05,46.64,129027,Alto
2018,7,2018-07-01,Nordeste,PE,Etanol,4.79,4.41,5.41,-3.01,6.13,56.31,48024,Crítico
2018,7,2018-07-01,Nordeste,CE,Diesel,6.82,6.28,7.71,-4.99,6.37,65.72,189348,Crítico
2018,7,2018-07-01,Nordeste,CE,GLP,5.47,5.03,6.18,0.26,7.63,107.13,219911,Crítico
2018,7,2018-07-01,Nordeste,MA,GLP,5.23,4.81,5.91,-4.48,8.37,94.26,108130,Baixo
2018,7,2018-07-01,Nordeste,PB,Etanol,7.02,6.46,7.93,0.01,10.45,80.85,29882,Crítico
2018,7,2018-07-01,Centro-Oeste,DF,Diesel,3.66,3.37,4.14,2.54,11.74,67.18,215941,Alto
2018,7,2018-07-01,Centro-Oeste,GO,Gasolina,6.85,6.3,7.74,0.5,10.52,77.88,224139,Alto
2018,7,2018-07-01,Centro-Oeste,GO,GLP,7.71,7.1,8.72,-6.26,9.09,107.85,89590,Médio
2018,7,2018-07-01,Centro-Oeste,MT,Diesel,4.89,4.5,5.53,-8.08,8.82,48.15,170412,Baixo
2018,7,2018-07-01,Centro-Oeste,MS,Diesel,4.17,3.83,4.71,2.03,6.57,45.95,234983,Médio
2018,7,2018-07-01,Sudeste,SP,Etanol,4.13,3.8,4.67,-3.79,8.43,99.91,32689,Crítico
2018,7,2018-07-01,Sudeste,SP,GLP,7.08,6.52,8.0,-5.3,3.79,68.33,140191,Alto
2018,7,2018-07-01,Sudeste,SP,GLP,3.2,2.95,3.62,4.0,3.95,53.84,201679,Alto
2018,7,2018-07-01,Sudeste,RJ,GLP,4.17,3.84,4.71,-1.04,2.59,50.82,12536,Baixo
2018,7,2018-07-01,Sudeste,RJ,Etanol,5.44,5.0,6.14,-2.02,4.49,72.06,153563,Médio
2018,7,2018-07-01,Sudeste,RJ,Etanol,6.09,5.61,6.88,-0.73,3.91,72.81,33195,Baixo
2018,7,2018-07-01,Sudeste,RJ,Gasolina,7.02,6.46,7.94,-0.78,3.99,59.26,101561,Crítico
2018,7,2018-07-01,Sudeste,MG,GLP,7.55,6.95,8.53,0.85,8.24,80.99,130900,Baixo
2018,7,2018-07-01,Sudeste,MG,Etanol,5.37,4.94,6.06,6.28,7.07,45.37,20789,Alto
2018,7,2018-07-01,Sudeste,MG,Etanol,3.31,3.05,3.74,-1.06,9.22,91.78,159896,Baixo
2018,7,2018-07-01,Sudeste,ES,GLP,6.23,5.73,7.04,4.04,3.95,82.81,92440,Alto
2018,7,2018-07-01,Sudeste,ES,Etanol,5.59,5.14,6.32,-2.86,5.67,74.86,202417,Crítico
2018,7,2018-07-01,Sudeste,ES,Etanol,5.07,4.66,5.73,-7.6,5.95,63.3,129636,Alto
2018,7,2018-07-01,Sul,PR,GLP,7.57,6.96,8.55,5.26,7.73,63.21,15762,Alto
2018,7,2018-07-01,Sul,PR,Diesel,7.3,6.71,8.24,-0.64,2.98,103.62,35423,Médio
2018,7,2018-07-01,Sul,SC,Etanol,3.47,3.19,3.92,-4.97,4.53,71.65,210446,Crítico
2018,7,2018-07-01,Sul,SC,Diesel,3.03,2.79,3.43,0.31,9.53,87.24,26802,Médio
2018,7,2018-07-01,Sul,RS,Diesel,7.34,6.75,8.29,2.43,10.93,72.72,93564,Médio
2018,7,2018-07-01,Sul,RS,Etanol,4.85,4.46,5.48,0.26,6.27,102.69,89242,Médio
2018,8,2018-08-01,Norte,AM,Diesel,5.41,4.98,6.11,8.11,7.84,92.99,80042,Crítico
2018,8,2018-08-01,Norte,PA,GNV,5.43,5.0,6.14,-10.71,3.0,63.28,49016,Médio
2018,8,2018-08-01,Norte,PA,Etanol,4.71,4.34,5.33,6.08,4.11,52.43,20022,Alto
2018,8,2018-08-01,Norte,RO,Diesel,5.64,5.19,6.38,11.31,4.31,80.67,222071,Alto
2018,8,2018-08-01,Norte,TO,Etanol,7.35,6.76,8.31,2.39,5.8,74.47,208628,Alto
2018,8,2018-08-01,Nordeste,BA,GLP,6.25,5.75,7.06,-2.69,9.18,92.05,82534,Médio
2018,8,2018-08-01,Nordeste,BA,Diesel,3.46,3.18,3.91,5.48,2.5,77.39,169722,Crítico
2018,8,2018-08-01,Nordeste,PE,Gasolina,6.18,5.69,6.98,-6.16,5.95,48.49,11436,Médio
2018,8,2018-08-01,Nordeste,PE,GLP,7.82,7.19,8.84,1.26,5.0,95.81,78396,Crítico
2018,8,2018-08-01,Nordeste,CE,Gasolina,6.4,5.88,7.23,-3.55,9.35,91.88,183350,Alto
2018,8,2018-08-01,Nordeste,CE,Etanol,3.6,3.31,4.06,8.48,10.31,68.47,143183,Médio
2018,8,2018-08-01,Nordeste,MA,Diesel,3.14,2.89,3.55,6.37,5.47,96.58,163412,Médio
2018,8,2018-08-01,Nordeste,PB,Diesel,4.72,4.34,5.33,1.99,5.96,79.41,29908,Crítico
2018,8,2018-08-01,Centro-Oeste,DF,Etanol,3.7,3.41,4.18,0.05,7.02,83.22,117358,Crítico
2018,8,2018-08-01,Centro-Oeste,GO,GLP,4.72,4.35,5.34,-1.79,9.92,107.57,140690,Baixo
2018,8,2018-08-01,Centro-Oeste,GO,Diesel,4.92,4.53,5.56,-2.12,3.06,105.65,206876,Alto
2018,8,2018-08-01,Centro-Oeste,MT,Gasolina,3.34,3.07,3.78,-4.12,2.17,103.81,217452,Alto
2018,8,2018-08-01,Centro-Oeste,MS,GNV,6.49,5.97,7.34,0.22,8.73,58.5,31897,Médio
2018,8,2018-08-01,Sudeste,SP,GNV,7.9,7.27,8.93,0.9,10.39,75.29,46209,Alto
2018,8,2018-08-01,Sudeste,SP,GNV,7.18,6.61,8.12,4.26,5.76,66.26,80558,Crítico
2018,8,2018-08-01,Sudeste,SP,Etanol,7.02,6.46,7.94,-3.05,2.69,74.52,109068,Médio
2018,8,2018-08-01,Sudeste,RJ,Etanol,3.44,3.16,3.88,1.11,8.65,62.28,203980,Médio
2018,8,2018-08-01,Sudeste,RJ,GLP,7.58,6.97,8.57,4.42,8.79,84.38,57796,Médio
2018,8,2018-08-01,Sudeste,RJ,Diesel,4.28,3.94,4.84,1.18,11.74,102.39,189351,Crítico
2018,8,2018-08-01,Sudeste,RJ,Diesel,4.06,3.74,4.59,3.74,6.14,63.77,179157,Médio
2018,8,2018-08-01,Sudeste,MG,Etanol,7.64,7.03,8.64,2.87,7.15,81.38,122152,Médio
2018,8,2018-08-01,Sudeste,MG,GNV,7.56,6.96,8.55,3.21,3.05,107.83,111125,Alto
2018,8,2018-08-01,Sudeste,MG,GNV,6.74,6.2,7.62,2.77,2.25,85.42,105002,Médio
2018,8,2018-08-01,Sudeste,ES,Diesel,5.33,4.9,6.02,-4.04,4.81,85.77,210534,Alto
2018,8,2018-08-01,Sudeste,ES,Etanol,5.82,5.36,6.58,-0.61,7.17,92.45,119588,Alto
2018,8,2018-08-01,Sudeste,ES,Diesel,3.46,3.19,3.91,-4.15,8.8,109.65,45735,Alto
2018,8,2018-08-01,Sul,PR,GNV,6.19,5.7,7.0,-0.85,4.85,64.85,168719,Crítico
2018,8,2018-08-01,Sul,PR,Etanol,6.75,6.21,7.63,2.86,5.33,104.99,134132,Médio
2018,8,2018-08-01,Sul,SC,Diesel,6.44,5.93,7.28,4.32,7.01,56.92,188832,Alto
2018,8,2018-08-01,Sul,SC,GLP,5.19,4.77,5.86,-1.61,8.94,96.43,38291,Baixo
2018,8,2018-08-01,Sul,RS,Diesel,7.69,7.07,8.69,2.47,7.6,67.91,124334,Alto
2018,8,2018-08-01,Sul,RS,GLP,5.98,5.5,6.75,-1.49,11.42,71.78,64632,Baixo
2018,9,2018-09-01,Norte,AM,GLP,3.86,3.55,4.36,-0.83,11.4,49.88,126394,Alto
2018,9,2018-09-01,Norte,PA,Diesel,5.18,4.77,5.85,-1.35,6.27,85.29,78501,Alto
2018,9,2018-09-01,Norte,PA,GNV,3.85,3.54,4.35,3.45,6.62,84.51,199776,Crítico
2018,9,2018-09-01,Norte,RO,GNV,4.12,3.79,4.66,4.69,8.83,80.33,24790,Médio
2018,9,2018-09-01,Norte,TO,Etanol,4.18,3.84,4.72,2.95,6.81,92.04,140319,Médio
2018,9,2018-09-01,Nordeste,BA,GLP,5.23,4.81,5.91,4.68,9.9,106.31,241305,Crítico
2018,9,2018-09-01,Nordeste,BA,GNV,4.64,4.27,5.25,-2.43,3.06,57.9,35575,Alto
2018,9,2018-09-01,Nordeste,PE,Etanol,6.53,6.01,7.38,0.43,5.0,71.73,239336,Baixo
2018,9,2018-09-01,Nordeste,PE,GLP,7.46,6.86,8.43,-1.16,6.21,107.22,247574,Médio
2018,9,2018-09-01,Nordeste,CE,Etanol,7.78,7.16,8.79,2.7,9.59,89.39,186147,Alto
2018,9,2018-09-01,Nordeste,CE,Etanol,7.1,6.53,8.02,-2.33,11.36,105.33,245925,Médio
2018,9,2018-09-01,Nordeste,MA,Diesel,7.03,6.47,7.95,-6.57,5.89,102.0,40748,Crítico
2018,9,2018-09-01,Nordeste,PB,GLP,4.66,4.29,5.27,-3.42,7.37,68.55,32490,Crítico
2018,9,2018-09-01,Centro-Oeste,DF,Diesel,4.53,4.17,5.12,3.0,8.46,84.64,77015,Baixo
2018,9,2018-09-01,Centro-Oeste,GO,GNV,6.17,5.67,6.97,-3.12,11.05,90.57,74711,Crítico
2018,9,2018-09-01,Centro-Oeste,GO,Gasolina,5.09,4.68,5.75,-2.31,10.53,87.34,164336,Baixo
2018,9,2018-09-01,Centro-Oeste,MT,Diesel,4.71,4.34,5.33,-2.83,6.3,64.04,69710,Crítico
2018,9,2018-09-01,Centro-Oeste,MS,GLP,7.5,6.9,8.48,-6.23,2.77,56.98,140056,Baixo
2018,9,2018-09-01,Sudeste,SP,Etanol,6.61,6.08,7.47,3.78,10.59,92.02,177621,Alto
2018,9,2018-09-01,Sudeste,SP,Gasolina,6.6,6.08,7.46,5.15,10.2,58.32,118730,Médio
2018,9,2018-09-01,Sudeste,SP,GNV,4.41,4.06,4.99,-1.92,7.46,72.02,69350,Alto
2018,9,2018-09-01,Sudeste,RJ,GNV,7.03,6.47,7.94,4.87,11.4,95.94,235768,Médio
2018,9,2018-09-01,Sudeste,RJ,Diesel,7.79,7.16,8.8,5.44,11.53,55.8,47836,Baixo
2018,9,2018-09-01,Sudeste,RJ,GNV,7.79,7.17,8.81,-2.24,5.86,59.6,216232,Baixo
2018,9,2018-09-01,Sudeste,RJ,Diesel,5.81,5.34,6.56,9.52,3.2,69.42,69481,Alto
2018,9,2018-09-01,Sudeste,MG,GNV,6.22,5.72,7.03,2.78,4.53,83.77,69259,Crítico
2018,9,2018-09-01,Sudeste,MG,GNV,5.16,4.75,5.83,2.74,5.16,104.95,147475,Crítico
2018,9,2018-09-01,Sudeste,MG,Gasolina,7.07,6.5,7.99,-6.62,9.93,57.62,172806,Baixo
2018,9,2018-09-01,Sudeste,ES,Etanol,4.8,4.42,5.43,1.41,8.63,89.53,53288,Alto
2018,9,2018-09-01,Sudeste,ES,Gasolina,5.86,5.39,6.62,4.34,9.95,101.01,175538,Crítico
2018,9,2018-09-01,Sudeste,ES,Etanol,5.06,4.65,5.71,3.19,3.79,85.81,8456,Médio
2018,9,2018-09-01,Sul,PR,GNV,7.84,7.21,8.86,2.84,2.7,85.52,186034,Alto
2018,9,2018-09-01,Sul,PR,Etanol,3.45,3.17,3.89,-1.63,5.7,52.22,77807,Crítico
2018,9,2018-09-01,Sul,SC,Gasolina,6.41,5.9,7.25,3.66,6.31,45.73,202419,Crítico
2018,9,2018-09-01,Sul,SC,Gasolina,7.7,7.09,8.7,-3.96,5.49,77.21,98025,Alto
2018,9,2018-09-01,Sul,RS,GNV,3.28,3.02,3.71,-4.5,4.06,101.82,88922,Alto
2018,9,2018-09-01,Sul,RS,Gasolina,5.8,5.34,6.56,-0.56,2.77,62.07,135690,Alto
2018,10,2018-10-01,Norte,AM,Gasolina,4.74,4.36,5.36,2.32,9.61,66.38,237516,Médio
2018,10,2018-10-01,Norte,PA,GNV,7.84,7.21,8.86,-7.36,8.52,74.76,72667,Médio
2018,10,2018-10-01,Norte,PA,Etanol,7.2,6.63,8.14,7.98,7.35,46.26,235097,Alto
2018,10,2018-10-01,Norte,RO,GLP,4.78,4.39,5.4,-4.39,8.2,100.47,110851,Baixo
2018,10,2018-10-01,Norte,TO,GLP,5.18,4.77,5.85,4.2,5.07,52.74,37530,Médio
2018,10,2018-10-01,Nordeste,BA,Gasolina,3.29,3.03,3.72,0.12,6.43,61.07,44746,Baixo
2018,10,2018-10-01,Nordeste,BA,GLP,5.38,4.95,6.08,2.86,4.84,98.69,215689,Alto
2018,10,2018-10-01,Nordeste,PE,GNV,6.25,5.75,7.06,1.23,7.83,58.47,62498,Alto
2018,10,2018-10-01,Nordeste,PE,GNV,7.49,6.89,8.47,3.0,11.59,49.73,13464,Médio
2018,10,2018-10-01,Nordeste,CE,Etanol,4.98,4.58,5.63,-2.27,2.28,56.52,13445,Baixo
2018,10,2018-10-01,Nordeste,CE,GLP,7.42,6.82,8.38,3.9,10.96,85.76,7381,Alto
2018,10,2018-10-01,Nordeste,MA,GNV,3.64,3.35,4.11,-0.92,5.55,66.05,98551,Baixo
2018,10,2018-10-01,Nordeste,PB,Gasolina,6.09,5.61,6.89,4.75,7.01,47.75,24790,Médio
2018,10,2018-10-01,Centro-Oeste,DF,GNV,6.79,6.24,7.67,1.14,7.9,79.86,218016,Médio
2018,10,2018-10-01,Centro-Oeste,GO,GLP,6.81,6.26,7.69,5.35,2.89,98.77,123535,Alto
2018,10,2018-10-01,Centro-Oeste,GO,Etanol,5.05,4.65,5.71,-3.81,10.35,92.28,38839,Baixo
2018,10,2018-10-01,Centro-Oeste,MT,GLP,5.15,4.74,5.82,3.63,8.65,56.51,229964,Médio
2018,10,2018-10-01,Centro-Oeste,MS,GNV,6.09,5.6,6.88,-6.85,7.22,108.51,45078,Crítico
2018,10,2018-10-01,Sudeste,SP,Gasolina,3.46,3.18,3.9,0.1,2.55,94.58,53384,Baixo
2018,10,2018-10-01,Sudeste,SP,Diesel,5.73,5.27,6.47,1.65,9.32,107.67,192645,Crítico
2018,10,2018-10-01,Sudeste,SP,GLP,4.99,4.59,5.64,-1.44,10.72,65.47,162231,Alto
2018,10,2018-10-01,Sudeste,RJ,GLP,5.56,5.12,6.28,-1.27,6.25,93.93,157545,Médio
2018,10,2018-10-01,Sudeste,RJ,Diesel,4.13,3.8,4.66,0.05,5.2,45.4,62331,Médio
2018,10,2018-10-01,Sudeste,RJ,Gasolina,4.71,4.33,5.32,-2.41,9.27,76.04,107982,Baixo
2018,10,2018-10-01,Sudeste,RJ,Diesel,4.31,3.97,4.87,-0.39,3.9,61.04,177753,Crítico
2018,10,2018-10-01,Sudeste,MG,Etanol,4.14,3.81,4.68,3.36,3.43,45.74,95305,Crítico
2018,10,2018-10-01,Sudeste,MG,Gasolina,6.33,5.82,7.15,2.3,10.69,99.98,226805,Médio
2018,10,2018-10-01,Sudeste,MG,GNV,5.36,4.93,6.05,4.83,6.45,73.05,58066,Baixo
2018,10,2018-10-01,Sudeste,ES,GLP,7.27,6.69,8.21,-7.69,11.83,76.17,91139,Médio
2018,10,2018-10-01,Sudeste,ES,Diesel,6.88,6.33,7.78,-2.59,6.09,83.88,140101,Médio
2018,10,2018-10-01,Sudeste,ES,Etanol,5.94,5.47,6.72,4.42,3.75,77.52,167955,Baixo
2018,10,2018-10-01,Sul,PR,GLP,3.96,3.65,4.48,-3.87,5.7,108.68,34022,Médio
2018,10,2018-10-01,Sul,PR,GLP,3.77,3.47,4.26,9.81,4.99,85.29,89357,Alto
2018,10,2018-10-01,Sul,SC,Gasolina,7.53,6.92,8.51,-4.07,5.27,66.8,63383,Crítico
2018,10,2018-10-01,Sul,SC,GNV,6.76,6.22,7.63,-1.91,5.02,91.16,8290,Médio
2018,10,2018-10-01,Sul,RS,Gasolina,6.29,5.78,7.11,-5.88,5.24,103.82,109138,Crítico
2018,10,2018-10-01,Sul,RS,Etanol,5.68,5.23,6.42,3.35,10.1,107.13,41329,Baixo
2018,11,2018-11-01,Norte,AM,GLP,7.63,7.02,8.62,-0.46,8.15,102.16,199331,Crítico
2018,11,2018-11-01,Norte,PA,GLP,3.73,3.43,4.21,-2.85,8.21,67.21,17594,Médio
2018,11,2018-11-01,Norte,PA,Gasolina,8.0,7.36,9.03,-5.32,6.34,85.01,8234,Baixo
2018,11,2018-11-01,Norte,RO,GLP,7.14,6.57,8.07,-1.35,8.06,76.34,195667,Crítico
2018,11,2018-11-01,Norte,TO,Etanol,6.0,5.52,6.78,2.89,11.55,66.04,221167,Médio
2018,11,2018-11-01,Nordeste,BA,Gasolina,7.31,6.73,8.26,-1.52,7.3,107.39,119998,Baixo
2018,11,2018-11-01,Nordeste,BA,GLP,5.47,5.03,6.18,4.97,8.64,51.12,22415,Baixo
2018,11,2018-11-01,Nordeste,PE,Etanol,3.79,3.48,4.28,5.38,6.1,89.17,240601,Alto
2018,11,2018-11-01,Nordeste,PE,GLP,3.58,3.29,4.04,2.45,10.24,49.87,133606,Alto
2018,11,2018-11-01,Nordeste,CE,GNV,3.32,3.06,3.76,2.64,8.95,49.09,34634,Crítico
2018,11,2018-11-01,Nordeste,CE,Etanol,3.89,3.58,4.39,3.08,9.94,48.5,133155,Médio
2018,11,2018-11-01,Nordeste,MA,Etanol,5.12,4.71,5.78,4.97,9.21,108.64,179593,Alto
2018,11,2018-11-01,Nordeste,PB,Diesel,6.71,6.18,7.59,5.93,4.33,97.2,106812,Baixo
2018,11,2018-11-01,Centro-Oeste,DF,GLP,3.08,2.83,3.48,-0.44,6.86,109.8,190004,Baixo
2018,11,2018-11-01,Centro-Oeste,GO,GLP,3.92,3.61,4.43,4.57,2.28,87.56,150177,Alto
2018,11,2018-11-01,Centro-Oeste,GO,Etanol,6.7,6.17,7.57,1.66,10.74,54.03,129739,Crítico
2018,11,2018-11-01,Centro-Oeste,MT,GLP,3.5,3.22,3.95,1.63,2.73,65.14,69743,Médio
2018,11,2018-11-01,Centro-Oeste,MS,Etanol,4.71,4.33,5.32,-4.02,7.15,98.79,160356,Médio
2018,11,2018-11-01,Sudeste,SP,Diesel,5.34,4.91,6.03,8.04,3.14,48.81,17462,Baixo
2018,11,2018-11-01,Sudeste,SP,Diesel,3.38,3.11,3.82,-7.83,3.88,64.94,215175,Alto
2018,11,2018-11-01,Sudeste,SP,GLP,5.27,4.85,5.96,-5.87,5.62,87.31,47532,Crítico
2018,11,2018-11-01,Sudeste,RJ,GNV,3.74,3.44,4.23,6.02,11.86,108.7,243573,Médio
2018,11,2018-11-01,Sudeste,RJ,Gasolina,4.77,4.39,5.39,-3.29,6.11,89.42,215379,Crítico
2018,11,2018-11-01,Sudeste,RJ,GLP,3.31,3.04,3.74,-2.22,2.49,57.65,39049,Crítico
2018,11,2018-11-01,Sudeste,RJ,GLP,7.68,7.07,8.68,-1.77,2.66,55.29,243985,Baixo
2018,11,2018-11-01,Sudeste,MG,GNV,4.47,4.11,5.05,4.43,11.57,79.12,130906,Médio
2018,11,2018-11-01,Sudeste,MG,Diesel,3.57,3.28,4.03,0.78,9.62,79.76,49591,Crítico
2018,11,2018-11-01,Sudeste,MG,GLP,3.52,3.24,3.97,-2.76,8.5,62.67,106711,Baixo
2018,11,2018-11-01,Sudeste,ES,Gasolina,6.35,5.84,7.18,-0.4,8.15,65.76,138656,Crítico
2018,11,2018-11-01,Sudeste,ES,Etanol,3.58,3.3,4.05,2.02,11.71,78.75,164093,Médio
2018,11,2018-11-01,Sudeste,ES,Gasolina,6.97,6.42,7.88,0.25,9.75,66.2,75707,Baixo
2018,11,2018-11-01,Sul,PR,GLP,7.13,6.56,8.06,4.09,9.93,104.91,198622,Crítico
2018,11,2018-11-01,Sul,PR,Diesel,6.6,6.07,7.46,2.96,3.61,78.01,192776,Alto
2018,11,2018-11-01,Sul,SC,Etanol,7.37,6.78,8.33,-7.67,2.53,55.92,107894,Médio
2018,11,2018-11-01,Sul,SC,Etanol,4.84,4.45,5.47,7.79,4.28,93.56,191071,Baixo
2018,11,2018-11-01,Sul,RS,Etanol,7.92,7.29,8.95,-2.98,9.65,90.61,76479,Médio
2018,11,2018-11-01,Sul,RS,Gasolina,7.21,6.63,8.14,-4.01,4.9,48.57,21199,Médio
2018,12,2018-12-01,Norte,AM,GLP,4.62,4.25,5.22,5.21,9.69,54.91,187964,Crítico
2018,12,2018-12-01,Norte,PA,Etanol,6.34,5.84,7.17,1.15,2.02,80.87,99151,Crítico
2018,12,2018-12-01,Norte,PA,Etanol,6.28,5.78,7.1,-2.71,8.68,68.52,207948,Baixo
2018,12,2018-12-01,Norte,RO,GLP,4.55,4.18,5.14,5.67,9.89,47.35,37818,Médio
2018,12,2018-12-01,Norte,TO,GLP,4.84,4.45,5.47,-2.23,7.86,56.95,153457,Crítico
2018,12,2018-12-01,Nordeste,BA,Etanol,7.15,6.58,8.08,-8.26,9.46,75.14,39718,Médio
2018,12,2018-12-01,Nordeste,BA,GNV,3.08,2.83,3.48,3.65,7.65,97.1,203487,Baixo
2018,12,2018-12-01,Nordeste,PE,GNV,5.07,4.67,5.73,-3.01,7.99,79.01,242360,Baixo
2018,12,2018-12-01,Nordeste,PE,GLP,4.09,3.76,4.62,-1.85,10.69,85.81,162508,Baixo
2018,12,2018-12-01,Nordeste,CE,Gasolina,5.44,5.0,6.14,-2.57,3.66,63.18,14597,Alto
2018,12,2018-12-01,Nordeste,CE,Gasolina,7.91,7.27,8.93,5.45,8.23,48.0,123129,Médio
2018,12,2018-12-01,Nordeste,MA,Etanol,5.42,4.99,6.13,1.87,10.49,95.87,118581,Médio
2018,12,2018-12-01,Nordeste,PB,GLP,7.65,7.04,8.65,1.24,8.48,108.86,193931,Crítico
2018,12,2018-12-01,Centro-Oeste,DF,Diesel,6.31,5.8,7.13,-3.51,2.36,49.12,208241,Crítico
2018,12,2018-12-01,Centro-Oeste,GO,Diesel,3.78,3.47,4.27,-0.79,2.95,71.81,156999,Crítico
2018,12,2018-12-01,Centro-Oeste,GO,Gasolina,4.07,3.74,4.59,4.12,10.32,65.41,180971,Baixo
2018,12,2018-12-01,Centro-Oeste,MT,GNV,3.15,2.9,3.56,1.86,11.96,93.19,213740,Médio
2018,12,2018-12-01,Centro-Oeste,MS,Gasolina,6.53,6.01,7.38,-6.01,2.34,56.76,53377,Crítico
2018,12,2018-12-01,Sudeste,SP,Gasolina,6.76,6.22,7.64,5.77,9.32,107.8,18543,Crítico
2018,12,2018-12-01,Sudeste,SP,Gasolina,6.73,6.19,7.6,-5.17,8.51,69.63,68408,Alto
2018,12,2018-12-01,Sudeste,SP,GNV,4.69,4.31,5.3,-0.22,7.27,47.28,156392,Médio
2018,12,2018-12-01,Sudeste,RJ,Etanol,3.45,3.17,3.9,8.43,3.18,100.65,154110,Médio
2018,12,2018-12-01,Sudeste,RJ,Etanol,6.06,5.58,6.85,0.64,4.64,50.69,96111,Médio
2018,12,2018-12-01,Sudeste,RJ,Diesel,3.82,3.52,4.32,7.65,6.17,45.32,55472,Crítico
2018,12,2018-12-01,Sudeste,RJ,Etanol,7.61,7.0,8.59,2.43,10.47,77.48,211216,Médio
2018,12,2018-12-01,Sudeste,MG,Gasolina,4.05,3.72,4.57,0.21,10.53,106.81,29164,Baixo
2018,12,2018-12-01,Sudeste,MG,Etanol,3.03,2.79,3.42,3.07,3.74,49.91,218772,Médio
2018,12,2018-12-01,Sudeste,MG,GLP,4.22,3.88,4.77,-2.96,2.29,106.85,120483,Crítico
2018,12,2018-12-01,Sudeste,ES,Gasolina,5.1,4.69,5.76,-0.95,11.39,58.95,166567,Alto
2018,12,2018-12-01,Sudeste,ES,Etanol,7.24,6.66,8.18,-1.31,2.54,55.48,86151,Alto
2018,12,2018-12-01,Sudeste,ES,GLP,7.83,7.2,8.85,0.6,3.55,54.21,246282,Crítico
2018,12,2018-12-01,Sul,PR,GNV,4.3,3.95,4.86,-3.95,11.34,72.45,206250,Médio
2018,12,2018-12-01,Sul,PR,GNV,4.88,4.49,5.52,-5.71,6.53,90.69,128494,Médio
2018,12,2018-12-01,Sul,SC,Gasolina,7.93,7.29,8.96,-3.46,4.88,49.1,237747,Médio
2018,12,2018-12-01,Sul,SC,Gasolina,5.9,5.43,6.66,6.72,2.57,85.23,71181,Médio
2018,12,2018-12-01,Sul,RS,GLP,5.46,5.02,6.17,-8.71,7.27,108.69,11986,Alto
2018,12,2018-12-01,Sul,RS,GLP,6.7,6.17,7.57,0.09,8.45,52.17,40637,Baixo
2019,1,2019-01-01,Norte,AM,Etanol,4.05,3.72,4.57,-4.62,6.58,101.51,178919,Crítico
2019,1,2019-01-01,Norte,PA,GNV,4.65,4.28,5.25,4.69,3.96,107.82,98215,Alto
2019,1,2019-01-01,Norte,PA,GLP,5.38,4.95,6.08,-0.71,5.85,93.8,189932,Baixo
2019,1,2019-01-01,Norte,RO,Etanol,3.75,3.45,4.24,-2.23,6.4,67.39,114428,Médio
2019,1,2019-01-01,Norte,TO,GLP,6.58,6.06,7.44,-1.0,10.9,99.02,95112,Crítico
2019,1,2019-01-01,Nordeste,BA,Diesel,6.68,6.15,7.55,-4.7,8.27,89.76,75605,Alto
2019,1,2019-01-01,Nordeste,BA,Diesel,4.58,4.21,5.17,-0.19,4.2,91.0,89536,Baixo
2019,1,2019-01-01,Nordeste,PE,Diesel,4.27,3.93,4.83,-0.29,7.6,50.98,91582,Alto
2019,1,2019-01-01,Nordeste,PE,Diesel,6.92,6.36,7.81,2.67,10.78,108.15,156043,Baixo
2019,1,2019-01-01,Nordeste,CE,Gasolina,6.06,5.58,6.85,4.71,5.35,83.53,57668,Baixo
2019,1,2019-01-01,Nordeste,CE,GNV,6.1,5.61,6.89,-4.49,9.12,60.46,137957,Crítico
2019,1,2019-01-01,Nordeste,MA,GLP,7.66,7.05,8.65,-5.71,11.4,68.88,238986,Baixo
2019,1,2019-01-01,Nordeste,PB,Gasolina,6.74,6.2,7.61,-1.98,10.01,86.06,127473,Médio
2019,1,2019-01-01,Centro-Oeste,DF,GLP,3.78,3.48,4.28,-3.87,10.7,100.71,195867,Médio
2019,1,2019-01-01,Centro-Oeste,GO,Gasolina,4.81,4.42,5.43,3.65,6.7,77.7,50536,Crítico
2019,1,2019-01-01,Centro-Oeste,GO,GLP,6.6,6.07,7.46,4.08,4.22,101.77,117550,Médio
2019,1,2019-01-01,Centro-Oeste,MT,Etanol,4.97,4.58,5.62,0.6,10.66,75.25,226991,Crítico
2019,1,2019-01-01,Centro-Oeste,MS,Etanol,4.71,4.33,5.32,-0.57,3.18,45.88,204360,Médio
2019,1,2019-01-01,Sudeste,SP,Diesel,6.44,5.92,7.27,-2.59,10.44,104.81,21205,Alto
2019,1,2019-01-01,Sudeste,SP,GLP,3.06,2.81,3.46,-0.5,11.35,83.81,165727,Médio
2019,1,2019-01-01,Sudeste,SP,GNV,5.3,4.87,5.99,-0.66,5.55,70.25,140616,Alto
2019,1,2019-01-01,Sudeste,RJ,GLP,3.37,3.1,3.81,7.03,11.05,60.57,207575,Alto
2019,1,2019-01-01,Sudeste,RJ,Gasolina,5.36,4.94,6.06,4.76,11.42,80.77,204069,Alto
2019,1,2019-01-01,Sudeste,RJ,Etanol,4.6,4.24,5.2,3.59,4.29,108.59,182910,Baixo
2019,1,2019-01-01,Sudeste,RJ,Diesel,4.19,3.86,4.74,-8.07,2.96,55.66,172225,Crítico
2019,1,2019-01-01,Sudeste,MG,Diesel,6.23,5.73,7.04,-1.83,8.58,101.27,65032,Médio
2019,1,2019-01-01,Sudeste,MG,Diesel,5.03,4.63,5.68,1.31,8.54,47.04,27843,Alto
2019,1,2019-01-01,Sudeste,MG,GLP,7.26,6.68,8.2,4.15,7.43,83.61,171439,Baixo
2019,1,2019-01-01,Sudeste,ES,GLP,4.97,4.57,5.62,-0.99,3.7,68.21,174373,Crítico
2019,1,2019-01-01,Sudeste,ES,Gasolina,5.59,5.14,6.32,-6.88,9.35,94.8,87946,Médio
2019,1,2019-01-01,Sudeste,ES,GNV,5.17,4.75,5.84,1.81,8.34,75.71,97593,Baixo
2019,1,2019-01-01,Sul,PR,Gasolina,4.0,3.68,4.52,3.97,8.06,97.96,199534,Alto
2019,1,2019-01-01,Sul,PR,GLP,7.85,7.23,8.88,1.84,3.39,61.67,205110,Crítico
2019,1,2019-01-01,Sul,SC,Diesel,3.23,2.97,3.64,0.49,9.91,104.6,39680,Baixo
2019,1,2019-01-01,Sul,SC,Diesel,3.23,2.97,3.65,-7.05,6.22,90.24,39021,Crítico
2019,1,2019-01-01,Sul,RS,GLP,7.45,6.85,8.42,-2.5,5.44,73.77,63831,Alto
2019,1,2019-01-01,Sul,RS,GNV,4.72,4.34,5.34,-0.24,6.51,45.73,135678,Médio
2019,2,2019-02-01,Norte,AM,GLP,3.25,2.99,3.68,-3.9,4.03,69.96,123828,Médio
2019,2,2019-02-01,Norte,PA,Gasolina,3.27,3.01,3.69,2.44,5.46,62.51,121787,Médio
2019,2,2019-02-01,Norte,PA,Etanol,6.77,6.23,7.65,0.46,2.95,81.32,193974,Médio
2019,2,2019-02-01,Norte,RO,GNV,3.62,3.33,4.09,2.07,9.84,63.61,7588,Alto
2019,2,2019-02-01,Norte,TO,Gasolina,7.0,6.44,7.91,3.28,9.79,63.0,242807,Baixo
2019,2,2019-02-01,Nordeste,BA,Gasolina,6.87,6.32,7.76,5.5,4.88,74.03,64200,Crítico
2019,2,2019-02-01,Nordeste,BA,Etanol,6.04,5.56,6.83,1.0,9.03,56.46,97997,Médio
2019,2,2019-02-01,Nordeste,PE,GLP,4.25,3.91,4.8,2.42,2.03,73.39,164701,Alto
2019,2,2019-02-01,Nordeste,PE,Diesel,4.94,4.55,5.59,6.13,11.7,80.3,185748,Médio
2019,2,2019-02-01,Nordeste,CE,Etanol,6.15,5.66,6.95,3.03,3.71,85.16,79093,Alto
2019,2,2019-02-01,Nordeste,CE,GNV,5.45,5.02,6.16,-4.11,10.49,100.87,236397,Médio
2019,2,2019-02-01,Nordeste,MA,GLP,4.32,3.98,4.88,1.36,2.37,99.25,176764,Alto
2019,2,2019-02-01,Nordeste,PB,Diesel,5.65,5.2,6.39,4.02,7.35,48.36,41281,Alto
2019,2,2019-02-01,Centro-Oeste,DF,Diesel,4.26,3.92,4.82,4.19,8.7,108.94,48112,Médio
2019,2,2019-02-01,Centro-Oeste,GO,GLP,7.13,6.56,8.05,-2.58,8.99,91.53,216799,Alto
2019,2,2019-02-01,Centro-Oeste,GO,Gasolina,3.82,3.51,4.32,-0.13,7.62,86.88,93659,Baixo
2019,2,2019-02-01,Centro-Oeste,MT,Gasolina,4.47,4.12,5.05,0.7,9.49,58.64,36068,Médio
2019,2,2019-02-01,Centro-Oeste,MS,Gasolina,4.35,4.0,4.92,-1.25,9.85,57.29,197946,Baixo
2019,2,2019-02-01,Sudeste,SP,GLP,6.21,5.71,7.01,4.74,2.13,72.58,60190,Médio
2019,2,2019-02-01,Sudeste,SP,Etanol,4.39,4.04,4.97,11.4,4.36,96.92,237293,Alto
2019,2,2019-02-01,Sudeste,SP,GNV,7.78,7.16,8.79,-2.5,10.51,78.4,50612,Crítico
2019,2,2019-02-01,Sudeste,RJ,Etanol,6.78,6.24,7.66,2.41,10.24,53.51,183223,Médio
2019,2,2019-02-01,Sudeste,RJ,Diesel,6.75,6.21,7.63,1.43,9.64,90.1,135806,Médio
2019,2,2019-02-01,Sudeste,RJ,GLP,7.41,6.82,8.38,0.73,5.75,50.02,239582,Baixo
2019,2,2019-02-01,Sudeste,RJ,Gasolina,6.13,5.64,6.92,-4.21,2.91,46.7,234354,Alto
2019,2,2019-02-01,Sudeste,MG,Etanol,4.58,4.22,5.18,3.67,8.99,82.06,11639,Alto
2019,2,2019-02-01,Sudeste,MG,Gasolina,5.53,5.09,6.25,3.3,2.44,94.32,192669,Alto
2019,2,2019-02-01,Sudeste,MG,Diesel,3.5,3.22,3.95,8.22,5.93,91.27,62721,Crítico
2019,2,2019-02-01,Sudeste,ES,GLP,4.21,3.87,4.76,-4.66,10.27,71.03,82301,Baixo
2019,2,2019-02-01,Sudeste,ES,Diesel,7.62,7.01,8.61,1.7,11.82,66.09,219220,Crítico
2019,2,2019-02-01,Sudeste,ES,Etanol,3.48,3.2,3.93,-0.21,2.29,61.82,132857,Alto
2019,2,2019-02-01,Sul,PR,Etanol,4.52,4.16,5.1,-1.36,4.29,47.28,136772,Médio
2019,2,2019-02-01,Sul,PR,Gasolina,5.9,5.43,6.67,-3.47,8.91,86.55,135404,Alto
2019,2,2019-02-01,Sul,SC,Gasolina,6.74,6.2,7.62,1.79,2.81,86.0,101746,Baixo
2019,2,2019-02-01,Sul,SC,Diesel,5.98,5.5,6.75,1.22,8.6,59.66,67580,Alto
2019,2,2019-02-01,Sul,RS,Diesel,6.21,5.72,7.02,3.53,11.85,84.39,84878,Baixo
2019,2,2019-02-01,Sul,RS,GLP,7.76,7.14,8.77,3.08,2.21,93.14,12218,Crítico
2019,3,2019-03-01,Norte,AM,Gasolina,5.95,5.48,6.73,4.4,7.35,60.66,157197,Médio
2019,3,2019-03-01,Norte,PA,Gasolina,6.1,5.61,6.89,6.5,11.39,74.76,133642,Crítico
2019,3,2019-03-01,Norte,PA,Etanol,4.75,4.37,5.37,0.16,10.26,59.19,15637,Crítico
2019,3,2019-03-01,Norte,RO,GLP,3.2,2.94,3.62,5.31,4.14,72.7,56155,Baixo
2019,3,2019-03-01,Norte,TO,Diesel,3.43,3.16,3.88,-0.57,7.1,88.86,136228,Baixo
2019,3,2019-03-01,Nordeste,BA,Gasolina,4.11,3.78,4.64,-7.16,6.12,107.82,74385,Baixo
2019,3,2019-03-01,Nordeste,BA,Gasolina,7.68,7.07,8.68,1.62,8.86,86.4,98010,Médio
2019,3,2019-03-01,Nordeste,PE,GLP,3.67,3.38,4.15,-11.28,8.7,52.17,138986,Baixo
2019,3,2019-03-01,Nordeste,PE,GLP,5.4,4.97,6.1,-1.12,5.72,61.51,13774,Alto
2019,3,2019-03-01,Nordeste,CE,GNV,7.07,6.51,7.99,1.44,7.01,96.77,66852,Médio
2019,3,2019-03-01,Nordeste,CE,Diesel,3.46,3.18,3.91,2.4,9.63,65.25,75123,Alto
2019,3,2019-03-01,Nordeste,MA,GLP,7.5,6.9,8.48,1.97,8.55,107.39,136092,Baixo
2019,3,2019-03-01,Nordeste,PB,GNV,4.41,4.06,4.98,-1.56,6.64,89.37,205451,Médio
2019,3,2019-03-01,Centro-Oeste,DF,Gasolina,4.11,3.79,4.65,-1.78,11.24,76.91,89252,Baixo
2019,3,2019-03-01,Centro-Oeste,GO,GNV,7.17,6.59,8.1,-1.32,6.36,79.04,66017,Médio
2019,3,2019-03-01,Centro-Oeste,GO,GLP,3.06,2.82,3.46,-0.02,4.36,68.35,29482,Médio
2019,3,2019-03-01,Centro-Oeste,MT,GNV,4.14,3.81,4.68,-0.93,6.79,97.99,191882,Alto
2019,3,2019-03-01,Centro-Oeste,MS,Etanol,4.01,3.69,4.53,3.76,10.71,87.64,35364,Baixo
2019,3,2019-03-01,Sudeste,SP,Diesel,5.07,4.66,5.73,2.85,9.92,78.56,234838,Alto
2019,3,2019-03-01,Sudeste,SP,Etanol,6.3,5.8,7.12,-6.34,8.78,62.02,134645,Alto
2019,3,2019-03-01,Sudeste,SP,GLP,3.17,2.91,3.58,-3.62,8.82,97.38,48424,Baixo
2019,3,2019-03-01,Sudeste,RJ,Etanol,4.83,4.44,5.46,-0.42,4.67,87.66,143173,Médio
2019,3,2019-03-01,Sudeste,RJ,GLP,6.33,5.82,7.15,10.02,10.23,90.24,86589,Médio
2019,3,2019-03-01,Sudeste,RJ,GNV,5.52,5.08,6.24,-6.46,3.23,84.77,137147,Alto
2019,3,2019-03-01,Sudeste,RJ,GNV,5.1,4.69,5.76,0.21,3.38,98.51,127602,Crítico
2019,3,2019-03-01,Sudeste,MG,Diesel,6.59,6.06,7.45,1.4,9.24,75.14,155579,Alto
2019,3,2019-03-01,Sudeste,MG,GNV,3.77,3.47,4.26,-6.65,2.65,89.38,119757,Crítico
2019,3,2019-03-01,Sudeste,MG,GNV,3.62,3.33,4.09,-0.94,10.32,71.62,216554,Baixo
2019,3,2019-03-01,Sudeste,ES,Diesel,3.87,3.56,4.38,1.92,7.12,45.63,191921,Médio
2019,3,2019-03-01,Sudeste,ES,Etanol,5.12,4.71,5.79,0.72,9.27,55.71,101108,Médio
2019,3,2019-03-01,Sudeste,ES,GLP,6.87,6.32,7.76,4.18,2.81,106.73,73331,Médio
2019,3,2019-03-01,Sul,PR,GLP,6.92,6.36,7.82,1.16,7.96,70.99,221535,Baixo
2019,3,2019-03-01,Sul,PR,Diesel,3.68,3.39,4.16,1.18,3.94,97.52,132318,Crítico
2019,3,2019-03-01,Sul,SC,Diesel,7.74,7.12,8.75,-0.97,9.46,94.49,24628,Alto
2019,3,2019-03-01,Sul,SC,GLP,3.82,3.52,4.32,-2.46,8.83,89.69,208943,Médio
2019,3,2019-03-01,Sul,RS,Gasolina,6.69,6.16,7.56,-7.36,6.16,104.22,185241,Médio
2019,3,2019-03-01,Sul,RS,GNV,6.24,5.74,7.05,-2.89,8.95,82.24,237587,Médio
2019,4,2019-04-01,Norte,AM,GNV,5.61,5.16,6.34,-0.71,5.91,88.38,135574,Alto
2019,4,2019-04-01,Norte,PA,Diesel,6.13,5.64,6.93,4.67,9.88,93.16,41290,Médio
2019,4,2019-04-01,Norte,PA,GLP,4.97,4.57,5.62,-9.07,2.09,92.04,220905,Crítico
2019,4,2019-04-01,Norte,RO,Etanol,7.91,7.27,8.93,2.66,3.82,75.52,111455,Alto
2019,4,2019-04-01,Norte,TO,GNV,6.35,5.84,7.17,-4.21,6.38,74.56,97806,Alto
2019,4,2019-04-01,Nordeste,BA,GLP,3.61,3.32,4.08,3.55,6.88,57.34,74824,Baixo
2019,4,2019-04-01,Nordeste,BA,GLP,5.82,5.35,6.57,-5.61,2.59,82.13,91270,Crítico
2019,4,2019-04-01,Nordeste,PE,Diesel,3.14,2.89,3.55,-0.03,10.16,76.25,21190,Crítico
2019,4,2019-04-01,Nordeste,PE,Etanol,7.27,6.69,8.21,4.9,9.4,95.24,163242,Crítico
2019,4,2019-04-01,Nordeste,CE,GLP,7.74,7.12,8.75,-1.59,8.8,81.71,8820,Alto
2019,4,2019-04-01,Nordeste,CE,GLP,6.77,6.22,7.65,2.33,8.74,78.15,161435,Alto
2019,4,2019-04-01,Nordeste,MA,Gasolina,3.44,3.17,3.89,11.52,7.59,83.28,159766,Médio
2019,4,2019-04-01,Nordeste,PB,GNV,7.97,7.33,9.01,1.94,4.02,45.42,152251,Médio
2019,4,2019-04-01,Centro-Oeste,DF,GNV,4.04,3.72,4.57,4.03,11.85,75.61,138692,Crítico
2019,4,2019-04-01,Centro-Oeste,GO,Diesel,7.14,6.57,8.07,3.28,2.58,76.21,170152,Médio
2019,4,2019-04-01,Centro-Oeste,GO,GLP,6.43,5.91,7.26,-0.72,5.95,70.43,79085,Crítico
2019,4,2019-04-01,Centro-Oeste,MT,Gasolina,7.07,6.51,7.99,-0.27,11.45,70.85,131881,Baixo
2019,4,2019-04-01,Centro-Oeste,MS,Etanol,5.33,4.9,6.02,-1.68,2.6,63.45,190385,Crítico
2019,4,2019-04-01,Sudeste,SP,Gasolina,5.44,5.0,6.14,5.19,4.56,89.4,176883,Baixo
2019,4,2019-04-01,Sudeste,SP,Gasolina,4.7,4.32,5.31,4.43,3.24,80.97,5605,Alto
2019,4,2019-04-01,Sudeste,SP,Etanol,5.01,4.61,5.66,3.22,7.47,47.6,236853,Baixo
2019,4,2019-04-01,Sudeste,RJ,Gasolina,7.11,6.54,8.03,0.66,5.41,101.15,228363,Baixo
2019,4,2019-04-01,Sudeste,RJ,GLP,7.45,6.86,8.42,-0.63,10.92,58.7,203013,Médio
2019,4,2019-04-01,Sudeste,RJ,GNV,6.39,5.88,7.22,-0.78,3.35,81.44,215532,Baixo
2019,4,2019-04-01,Sudeste,RJ,Etanol,7.87,7.24,8.89,3.76,6.43,80.82,75152,Médio
2019,4,2019-04-01,Sudeste,MG,GNV,4.19,3.86,4.74,0.26,10.76,75.11,108543,Crítico
2019,4,2019-04-01,Sudeste,MG,Diesel,5.49,5.05,6.2,6.12,5.59,80.04,116758,Médio
2019,4,2019-04-01,Sudeste,MG,Gasolina,4.52,4.16,5.11,5.09,10.51,95.59,169777,Médio
2019,4,2019-04-01,Sudeste,ES,Diesel,5.24,4.82,5.92,-6.71,10.49,73.82,112455,Médio
2019,4,2019-04-01,Sudeste,ES,GNV,3.47,3.19,3.92,1.46,11.33,87.43,120751,Crítico
2019,4,2019-04-01,Sudeste,ES,GNV,6.19,5.7,7.0,9.45,10.66,85.65,232259,Baixo
2019,4,2019-04-01,Sul,PR,Gasolina,6.97,6.41,7.87,-3.85,2.52,45.73,120653,Baixo
2019,4,2019-04-01,Sul,PR,Etanol,6.35,5.85,7.18,-4.43,8.52,59.11,156446,Alto
2019,4,2019-04-01,Sul,SC,GNV,5.3,4.88,5.99,5.23,9.83,105.27,191727,Alto
2019,4,2019-04-01,Sul,SC,Gasolina,6.94,6.38,7.84,-1.35,2.95,47.97,110477,Baixo
2019,4,2019-04-01,Sul,RS,GLP,3.38,3.11,3.81,2.33,5.87,51.45,20763,Médio
2019,4,2019-04-01,Sul,RS,Diesel,7.18,6.61,8.12,1.39,10.76,63.8,180291,Crítico
2019,5,2019-05-01,Norte,AM,GLP,3.57,3.28,4.03,7.39,2.01,59.22,125579,Médio
2019,5,2019-05-01,Norte,PA,GLP,3.64,3.35,4.12,-0.54,8.84,86.74,214588,Alto
2019,5,2019-05-01,Norte,PA,GLP,5.48,5.04,6.2,-0.18,9.86,47.84,209630,Médio
2019,5,2019-05-01,Norte,RO,Gasolina,5.65,5.2,6.38,-4.48,11.18,69.58,78242,Alto
2019,5,2019-05-01,Norte,TO,GLP,6.74,6.2,7.62,1.37,6.66,94.36,201894,Crítico
2019,5,2019-05-01,Nordeste,BA,Diesel,4.79,4.41,5.42,1.7,10.41,97.08,30842,Crítico
2019,5,2019-05-01,Nordeste,BA,GLP,5.43,5.0,6.14,1.03,9.21,93.41,100266,Baixo
2019,5,2019-05-01,Nordeste,PE,GNV,4.62,4.25,5.22,3.07,8.24,72.86,201297,Crítico
2019,5,2019-05-01,Nordeste,PE,GNV,3.0,2.76,3.39,9.44,9.52,82.73,206109,Baixo
2019,5,2019-05-01,Nordeste,CE,Diesel,3.09,2.84,3.49,6.97,7.2,97.53,83924,Médio
2019,5,2019-05-01,Nordeste,CE,GNV,4.73,4.35,5.34,-5.08,6.38,73.16,68897,Alto
2019,5,2019-05-01,Nordeste,MA,Gasolina,6.58,6.06,7.44,-1.57,10.76,99.07,8646,Crítico
2019,5,2019-05-01,Nordeste,PB,Diesel,3.6,3.31,4.06,0.19,7.18,83.14,89766,Médio
2019,5,2019-05-01,Centro-Oeste,DF,Etanol,4.59,4.22,5.18,-1.52,6.96,94.55,228112,Alto
2019,5,2019-05-01,Centro-Oeste,GO,Etanol,4.01,3.69,4.54,9.69,10.09,104.53,32070,Crítico
2019,5,2019-05-01,Centro-Oeste,GO,GNV,7.06,6.5,7.98,6.47,8.93,91.86,39666,Alto
2019,5,2019-05-01,Centro-Oeste,MT,Etanol,6.69,6.15,7.56,4.26,5.56,108.47,158869,Alto
2019,5,2019-05-01,Centro-Oeste,MS,GLP,6.5,5.98,7.35,4.05,6.97,53.35,110695,Baixo
2019,5,2019-05-01,Sudeste,SP,Gasolina,7.97,7.33,9.01,-5.57,3.98,101.03,172282,Médio
2019,5,2019-05-01,Sudeste,SP,Diesel,4.37,4.02,4.93,0.31,11.2,80.27,237754,Crítico
2019,5,2019-05-01,Sudeste,SP,GLP,4.61,4.24,5.21,1.08,8.5,46.39,139471,Crítico
2019,5,2019-05-01,Sudeste,RJ,GNV,4.06,3.74,4.59,-3.4,2.83,83.88,215040,Médio
2019,5,2019-05-01,Sudeste,RJ,GLP,5.08,4.68,5.74,8.07,7.28,78.08,96823,Médio
2019,5,2019-05-01,Sudeste,RJ,Diesel,7.1,6.53,8.02,-0.59,3.24,53.37,194829,Crítico
2019,5,2019-05-01,Sudeste,RJ,GNV,7.48,6.88,8.46,-1.46,6.04,52.76,61782,Crítico
2019,5,2019-05-01,Sudeste,MG,Etanol,4.19,3.85,4.73,3.46,11.42,75.03,73763,Alto
2019,5,2019-05-01,Sudeste,MG,GNV,6.27,5.77,7.08,0.35,2.47,75.65,95370,Alto
2019,5,2019-05-01,Sudeste,MG,GNV,4.84,4.45,5.47,1.67,3.87,79.65,225719,Médio
2019,5,2019-05-01,Sudeste,ES,GLP,7.16,6.58,8.09,3.85,11.26,78.95,205951,Médio
2019,5,2019-05-01,Sudeste,ES,GLP,3.85,3.54,4.35,-3.5,7.75,91.19,15843,Crítico
2019,5,2019-05-01,Sudeste,ES,Diesel,3.23,2.97,3.65,-2.71,2.82,50.36,99916,Baixo
2019,5,2019-05-01,Sul,PR,Diesel,6.37,5.86,7.19,-3.3,11.55,65.72,59120,Alto
2019,5,2019-05-01,Sul,PR,Diesel,3.88,3.57,4.38,-1.53,11.52,75.41,30168,Médio
2019,5,2019-05-01,Sul,SC,Gasolina,3.76,3.46,4.25,2.15,5.49,79.32,238784,Baixo
2019,5,2019-05-01,Sul,SC,Etanol,7.77,7.15,8.78,-3.84,4.28,93.7,196978,Crítico
2019,5,2019-05-01,Sul,RS,Gasolina,6.47,5.95,7.31,1.62,4.17,83.43,78286,Crítico
2019,5,2019-05-01,Sul,RS,Gasolina,6.28,5.78,7.09,-5.4,9.7,75.84,111863,Crítico
2019,6,2019-06-01,Norte,AM,Diesel,4.01,3.69,4.53,-1.33,3.76,48.44,198427,Crítico
2019,6,2019-06-01,Norte,PA,Diesel,7.02,6.46,7.93,5.82,7.78,46.74,101608,Alto
2019,6,2019-06-01,Norte,PA,GNV,3.03,2.78,3.42,-0.98,3.69,82.23,217027,Médio
2019,6,2019-06-01,Norte,RO,GLP,3.75,3.45,4.24,5.11,9.55,73.65,116422,Baixo
2019,6,2019-06-01,Norte,TO,Etanol,6.81,6.27,7.7,10.46,4.95,74.42,26735,Baixo
2019,6,2019-06-01,Nordeste,BA,Diesel,5.83,5.36,6.59,0.36,5.17,59.98,159408,Baixo
2019,6,2019-06-01,Nordeste,BA,Gasolina,6.81,6.26,7.69,-0.45,4.47,88.27,12524,Baixo
2019,6,2019-06-01,Nordeste,PE,Gasolina,3.16,2.91,3.57,4.3,11.56,95.38,44716,Crítico
2019,6,2019-06-01,Nordeste,PE,Diesel,7.82,7.19,8.84,2.13,4.84,65.29,87035,Médio
2019,6,2019-06-01,Nordeste,CE,Gasolina,4.05,3.73,4.58,-1.97,6.67,72.12,223863,Crítico
2019,6,2019-06-01,Nordeste,CE,GNV,4.66,4.29,5.26,-3.3,7.82,73.47,72642,Crítico
2019,6,2019-06-01,Nordeste,MA,Diesel,6.24,5.74,7.05,0.44,9.5,106.99,186541,Alto
2019,6,2019-06-01,Nordeste,PB,GNV,5.29,4.86,5.97,0.46,4.09,87.93,244230,Baixo
2019,6,2019-06-01,Centro-Oeste,DF,Gasolina,3.12,2.87,3.53,-0.29,8.43,58.09,50841,Baixo
2019,6,2019-06-01,Centro-Oeste,GO,Diesel,3.02,2.78,3.42,-4.15,4.73,74.53,137926,Alto
2019,6,2019-06-01,Centro-Oeste,GO,Diesel,6.66,6.13,7.53,6.44,3.02,87.94,88495,Crítico
2019,6,2019-06-01,Centro-Oeste,MT,Diesel,6.63,6.1,7.5,-3.16,9.2,68.11,82446,Médio
2019,6,2019-06-01,Centro-Oeste,MS,Etanol,6.61,6.08,7.47,0.92,7.58,53.23,244953,Médio
2019,6,2019-06-01,Sudeste,SP,Gasolina,6.71,6.17,7.58,3.32,6.42,81.33,115048,Médio
2019,6,2019-06-01,Sudeste,SP,GNV,5.94,5.46,6.71,-4.58,11.82,47.48,242611,Alto
2019,6,2019-06-01,Sudeste,SP,Etanol,5.93,5.46,6.7,4.72,9.85,86.28,211653,Baixo
2019,6,2019-06-01,Sudeste,RJ,GNV,5.72,5.27,6.47,3.39,11.22,107.0,240021,Alto
2019,6,2019-06-01,Sudeste,RJ,Etanol,5.0,4.6,5.65,-3.49,5.88,98.68,232524,Alto
2019,6,2019-06-01,Sudeste,RJ,Diesel,5.66,5.21,6.4,1.05,3.37,78.24,90398,Médio
2019,6,2019-06-01,Sudeste,RJ,Diesel,6.56,6.03,7.41,8.07,8.44,85.07,48736,Baixo
2019,6,2019-06-01,Sudeste,MG,Diesel,5.16,4.75,5.84,-3.68,8.1,108.96,30875,Médio
2019,6,2019-06-01,Sudeste,MG,GLP,4.8,4.41,5.42,2.73,7.55,50.36,191454,Médio
2019,6,2019-06-01,Sudeste,MG,GNV,5.21,4.8,5.89,-4.36,6.77,79.86,75326,Alto
2019,6,2019-06-01,Sudeste,ES,Diesel,7.59,6.98,8.57,-9.01,7.94,90.02,59567,Médio
2019,6,2019-06-01,Sudeste,ES,Diesel,3.65,3.36,4.13,3.14,6.49,82.81,36621,Médio
2019,6,2019-06-01,Sudeste,ES,GLP,7.38,6.79,8.34,-3.58,4.11,52.58,124049,Alto
2019,6,2019-06-01,Sul,PR,GNV,7.94,7.3,8.97,-1.62,3.15,59.54,179797,Alto
2019,6,2019-06-01,Sul,PR,GNV,4.71,4.33,5.32,-1.38,5.67,47.49,147748,Crítico
2019,6,2019-06-01,Sul,SC,Diesel,6.27,5.77,7.09,3.96,5.51,77.87,194837,Alto
2019,6,2019-06-01,Sul,SC,Etanol,5.94,5.47,6.71,9.85,7.45,78.27,24680,Crítico
2019,6,2019-06-01,Sul,RS,Gasolina,7.98,7.34,9.02,-0.39,6.92,75.81,127421,Baixo
2019,6,2019-06-01,Sul,RS,Diesel,6.39,5.88,7.22,-3.74,9.07,65.56,167068,Baixo
2019,7,2019-07-01,Norte,AM,GNV,5.66,5.2,6.39,4.49,11.7,59.49,242359,Médio
2019,7,2019-07-01,Norte,PA,GNV,4.62,4.25,5.22,-1.82,8.02,53.78,106239,Alto
2019,7,2019-07-01,Norte,PA,GLP,3.43,3.16,3.88,3.57,10.61,69.36,65648,Alto
2019,7,2019-07-01,Norte,RO,Etanol,5.05,4.65,5.71,-12.08,2.3,80.07,39975,Baixo
2019,7,2019-07-01,Norte,TO,GNV,7.42,6.83,8.38,-6.67,9.97,48.77,104825,Crítico
2019,7,2019-07-01,Nordeste,BA,Gasolina,6.68,6.14,7.54,-1.24,3.8,94.18,22682,Crítico
2019,7,2019-07-01,Nordeste,BA,GLP,5.28,4.86,5.97,5.17,11.25,51.53,51292,Crítico
2019,7,2019-07-01,Nordeste,PE,Gasolina,3.68,3.39,4.16,-7.23,8.55,70.77,105090,Médio
2019,7,2019-07-01,Nordeste,PE,Gasolina,3.24,2.98,3.66,-0.65,2.43,86.45,29257,Médio
2019,7,2019-07-01,Nordeste,CE,Diesel,7.2,6.62,8.13,-1.82,2.9,93.79,47692,Alto
2019,7,2019-07-01,Nordeste,CE,Gasolina,6.9,6.35,7.8,3.68,7.7,52.87,162998,Crítico
2019,7,2019-07-01,Nordeste,MA,Diesel,7.88,7.25,8.9,9.67,7.06,87.86,168879,Médio
2019,7,2019-07-01,Nordeste,PB,GLP,5.78,5.31,6.53,0.2,6.18,85.34,215237,Médio
2019,7,2019-07-01,Centro-Oeste,DF,Diesel,4.24,3.9,4.8,5.91,10.22,52.27,10532,Crítico
2019,7,2019-07-01,Centro-Oeste,GO,Etanol,3.83,3.53,4.33,3.0,5.24,86.74,141097,Médio
2019,7,2019-07-01,Centro-Oeste,GO,GLP,4.7,4.33,5.31,1.32,11.58,61.48,148271,Médio
2019,7,2019-07-01,Centro-Oeste,MT,Etanol,3.96,3.64,4.47,-2.58,7.3,60.05,22533,Crítico
2019,7,2019-07-01,Centro-Oeste,MS,Gasolina,5.84,5.37,6.6,-5.52,3.99,57.25,136422,Crítico
2019,7,2019-07-01,Sudeste,SP,Gasolina,4.33,3.99,4.9,-0.36,11.36,56.33,228290,Alto
2019,7,2019-07-01,Sudeste,SP,Etanol,7.02,6.46,7.93,3.82,3.28,84.11,26694,Médio
2019,7,2019-07-01,Sudeste,SP,GNV,4.0,3.68,4.53,2.66,3.57,99.0,60447,Baixo
2019,7,2019-07-01,Sudeste,RJ,GNV,4.27,3.93,4.82,-2.54,7.56,48.73,170856,Médio
2019,7,2019-07-01,Sudeste,RJ,Diesel,3.82,3.52,4.32,0.31,5.21,84.59,164754,Crítico
2019,7,2019-07-01,Sudeste,RJ,GNV,3.05,2.8,3.44,0.76,6.91,57.96,10706,Baixo
2019,7,2019-07-01,Sudeste,RJ,Etanol,5.34,4.92,6.04,-5.26,9.98,70.79,230455,Médio
2019,7,2019-07-01,Sudeste,MG,GNV,7.01,6.45,7.92,1.7,4.58,104.5,101778,Crítico
2019,7,2019-07-01,Sudeste,MG,Gasolina,3.59,3.3,4.05,-5.08,3.1,55.65,136538,Baixo
2019,7,2019-07-01,Sudeste,MG,Etanol,4.12,3.79,4.65,1.98,4.61,53.98,160583,Alto
2019,7,2019-07-01,Sudeste,ES,Etanol,3.22,2.97,3.64,-0.25,5.56,89.72,12889,Alto
2019,7,2019-07-01,Sudeste,ES,GNV,6.79,6.24,7.67,-5.15,11.31,93.43,209669,Crítico
2019,7,2019-07-01,Sudeste,ES,GLP,3.91,3.6,4.42,-2.77,11.39,100.24,249502,Médio
2019,7,2019-07-01,Sul,PR,GNV,5.19,4.77,5.86,6.54,7.51,100.78,174207,Alto
2019,7,2019-07-01,Sul,PR,Diesel,3.01,2.76,3.4,-1.92,8.02,45.08,231088,Alto
2019,7,2019-07-01,Sul,SC,GNV,4.04,3.72,4.57,3.68,11.41,70.15,149390,Crítico
2019,7,2019-07-01,Sul,SC,GNV,5.98,5.5,6.76,-2.06,7.94,77.35,78568,Médio
2019,7,2019-07-01,Sul,RS,Gasolina,5.63,5.18,6.36,2.22,4.8,99.27,178438,Crítico
2019,7,2019-07-01,Sul,RS,GNV,3.87,3.56,4.37,4.59,9.76,105.15,5907,Médio
2019,8,2019-08-01,Norte,AM,GLP,7.08,6.51,8.0,5.38,7.17,109.08,30443,Baixo
2019,8,2019-08-01,Norte,PA,Gasolina,6.96,6.41,7.87,1.5,6.03,91.64,170370,Médio
2019,8,2019-08-01,Norte,PA,GLP,4.72,4.34,5.33,-1.23,8.11,68.82,38902,Crítico
2019,8,2019-08-01,Norte,RO,Diesel,7.87,7.24,8.9,2.09,3.9,65.92,157232,Baixo
2019,8,2019-08-01,Norte,TO,Etanol,4.17,3.83,4.71,5.76,5.41,96.47,77372,Médio
2019,8,2019-08-01,Nordeste,BA,Diesel,4.59,4.23,5.19,6.01,3.87,95.1,202836,Crítico
2019,8,2019-08-01,Nordeste,BA,Etanol,6.11,5.62,6.91,-4.63,9.53,65.92,122432,Alto
2019,8,2019-08-01,Nordeste,PE,Diesel,6.71,6.17,7.58,0.34,10.99,93.61,217309,Médio
2019,8,2019-08-01,Nordeste,PE,Etanol,3.23,2.97,3.65,0.42,5.59,53.61,162803,Crítico
2019,8,2019-08-01,Nordeste,CE,Etanol,7.58,6.98,8.57,6.45,3.75,62.92,97382,Médio
2019,8,2019-08-01,Nordeste,CE,Diesel,4.51,4.15,5.1,-2.82,10.97,82.48,24951,Alto
2019,8,2019-08-01,Nordeste,MA,GNV,6.17,5.67,6.97,-1.86,3.74,102.83,176529,Baixo
2019,8,2019-08-01,Nordeste,PB,Etanol,5.33,4.91,6.03,-0.92,4.61,85.0,28241,Alto
2019,8,2019-08-01,Centro-Oeste,DF,Gasolina,3.25,2.99,3.68,-0.33,7.4,109.51,46914,Alto
2019,8,2019-08-01,Centro-Oeste,GO,Diesel,6.51,5.99,7.35,-1.46,7.12,48.91,80675,Crítico
2019,8,2019-08-01,Centro-Oeste,GO,GNV,5.75,5.29,6.49,-0.19,5.78,106.53,184731,Médio
2019,8,2019-08-01,Centro-Oeste,MT,GNV,6.42,5.91,7.26,3.57,6.41,107.85,96320,Médio
2019,8,2019-08-01,Centro-Oeste,MS,GLP,4.94,4.55,5.59,-4.97,10.82,50.64,106081,Médio
2019,8,2019-08-01,Sudeste,SP,Gasolina,7.08,6.51,8.0,-0.1,2.38,82.79,41875,Crítico
2019,8,2019-08-01,Sudeste,SP,GNV,4.4,4.05,4.97,-5.19,5.36,76.91,122419,Alto
2019,8,2019-08-01,Sudeste,SP,GNV,6.35,5.84,7.18,0.97,4.05,50.86,224552,Baixo
2019,8,2019-08-01,Sudeste,RJ,Etanol,5.88,5.41,6.64,0.67,8.51,85.5,216521,Médio
2019,8,2019-08-01,Sudeste,RJ,Etanol,7.55,6.94,8.53,6.42,6.17,108.97,231751,Crítico
2019,8,2019-08-01,Sudeste,RJ,GNV,7.28,6.7,8.23,2.08,4.38,50.16,87372,Alto
2019,8,2019-08-01,Sudeste,RJ,GNV,4.36,4.01,4.92,-7.48,5.5,45.58,71015,Baixo
2019,8,2019-08-01,Sudeste,MG,GLP,5.73,5.27,6.47,2.2,11.21,91.73,39878,Alto
2019,8,2019-08-01,Sudeste,MG,Gasolina,6.16,5.66,6.96,1.82,9.62,103.82,10514,Alto
2019,8,2019-08-01,Sudeste,MG,GLP,6.81,6.27,7.7,-6.41,7.13,107.46,104828,Alto
2019,8,2019-08-01,Sudeste,ES,GLP,7.06,6.5,7.98,-2.16,11.44,59.18,94617,Alto
2019,8,2019-08-01,Sudeste,ES,GNV,7.18,6.6,8.11,-3.9,8.67,50.53,221519,Médio
2019,8,2019-08-01,Sudeste,ES,GNV,3.49,3.21,3.95,-0.24,4.57,106.27,107868,Baixo
2019,8,2019-08-01,Sul,PR,GLP,7.4,6.81,8.36,2.72,2.11,89.96,214944,Alto
2019,8,2019-08-01,Sul,PR,Etanol,4.87,4.48,5.5,-2.77,9.63,96.95,119009,Médio
2019,8,2019-08-01,Sul,SC,Gasolina,4.3,3.96,4.86,-4.81,7.21,59.57,19412,Crítico
2019,8,2019-08-01,Sul,SC,Etanol,3.01,2.77,3.4,-1.19,9.3,109.53,249236,Baixo
2019,8,2019-08-01,Sul,RS,Gasolina,7.82,7.2,8.84,-1.02,8.76,105.09,148026,Baixo
2019,8,2019-08-01,Sul,RS,GLP,5.8,5.34,6.56,-2.24,6.33,102.13,237288,Alto
2019,9,2019-09-01,Norte,AM,GNV,4.19,3.85,4.73,0.75,4.59,88.51,117489,Médio
2019,9,2019-09-01,Norte,PA,GNV,3.82,3.51,4.31,-1.52,4.02,105.89,130065,Médio
2019,9,2019-09-01,Norte,PA,GLP,7.88,7.25,8.9,0.12,11.71,92.37,51134,Alto
2019,9,2019-09-01,Norte,RO,GNV,3.84,3.53,4.34,-2.6,6.57,87.53,176683,Médio
2019,9,2019-09-01,Norte,TO,Diesel,3.41,3.14,3.86,-0.02,8.79,99.69,225892,Alto
2019,9,2019-09-01,Nordeste,BA,GLP,7.61,7.0,8.6,-8.58,7.9,52.49,27453,Baixo
2019,9,2019-09-01,Nordeste,BA,GNV,4.43,4.07,5.0,4.76,10.23,78.97,122249,Alto
2019,9,2019-09-01,Nordeste,PE,GNV,3.19,2.94,3.61,10.14,4.26,101.39,149539,Médio
2019,9,2019-09-01,Nordeste,PE,GLP,5.68,5.23,6.42,0.8,10.41,80.45,31582,Alto
2019,9,2019-09-01,Nordeste,CE,GLP,6.21,5.71,7.02,0.58,5.4,100.42,45966,Alto
2019,9,2019-09-01,Nordeste,CE,Etanol,5.55,5.11,6.28,8.06,5.56,86.77,33418,Crítico
2019,9,2019-09-01,Nordeste,MA,Gasolina,7.33,6.74,8.28,-5.41,7.0,75.11,155835,Médio
2019,9,2019-09-01,Nordeste,PB,Diesel,6.86,6.31,7.75,-0.98,8.15,99.73,196899,Alto
2019,9,2019-09-01,Centro-Oeste,DF,Gasolina,5.62,5.17,6.35,3.82,6.09,55.14,235968,Médio
2019,9,2019-09-01,Centro-Oeste,GO,Etanol,7.25,6.67,8.19,3.61,3.0,56.31,139524,Médio
2019,9,2019-09-01,Centro-Oeste,GO,Diesel,4.96,4.57,5.61,-7.83,7.31,56.84,10784,Crítico
2019,9,2019-09-01,Centro-Oeste,MT,Etanol,3.25,2.99,3.67,-1.82,9.53,74.52,5013,Médio
2019,9,2019-09-01,Centro-Oeste,MS,GLP,5.97,5.49,6.74,-0.46,4.57,107.49,167988,Médio
2019,9,2019-09-01,Sudeste,SP,Diesel,3.83,3.52,4.33,7.04,5.52,81.82,182222,Crítico
2019,9,2019-09-01,Sudeste,SP,GNV,4.19,3.86,4.74,2.3,7.05,100.46,119362,Alto
2019,9,2019-09-01,Sudeste,SP,GLP,7.33,6.75,8.29,-3.08,5.16,62.82,124091,Alto
2019,9,2019-09-01,Sudeste,RJ,Gasolina,6.36,5.86,7.19,-4.44,5.86,82.64,158774,Alto
2019,9,2019-09-01,Sudeste,RJ,Gasolina,4.38,4.03,4.95,-6.42,5.25,63.38,19101,Crítico
2019,9,2019-09-01,Sudeste,RJ,Gasolina,4.94,4.54,5.58,8.99,7.32,62.03,189490,Crítico
2019,9,2019-09-01,Sudeste,RJ,GLP,3.19,2.93,3.6,3.22,4.52,76.61,145341,Médio
2019,9,2019-09-01,Sudeste,MG,Diesel,6.96,6.4,7.86,13.14,11.09,88.82,237880,Médio
2019,9,2019-09-01,Sudeste,MG,GLP,6.49,5.97,7.33,5.39,3.31,86.57,120929,Alto
2019,9,2019-09-01,Sudeste,MG,Etanol,5.01,4.61,5.66,-0.34,8.31,107.11,80577,Crítico
2019,9,2019-09-01,Sudeste,ES,GLP,4.34,3.99,4.9,1.67,11.44,90.92,242883,Médio
2019,9,2019-09-01,Sudeste,ES,Etanol,7.04,6.48,7.95,2.13,8.59,80.24,136253,Baixo
2019,9,2019-09-01,Sudeste,ES,Etanol,5.46,5.03,6.17,-1.89,3.21,109.71,92420,Crítico
2019,9,2019-09-01,Sul,PR,GLP,4.24,3.9,4.79,3.84,6.84,66.75,184857,Baixo
2019,9,2019-09-01,Sul,PR,GLP,3.63,3.34,4.1,-3.76,8.56,84.79,59025,Crítico
2019,9,2019-09-01,Sul,SC,GLP,7.39,6.8,8.35,4.6,11.82,79.94,180135,Alto
2019,9,2019-09-01,Sul,SC,Gasolina,6.89,6.33,7.78,6.37,5.36,62.62,52635,Alto
2019,9,2019-09-01,Sul,RS,Diesel,3.84,3.54,4.34,1.31,2.47,57.6,69592,Alto
2019,9,2019-09-01,Sul,RS,Etanol,3.48,3.2,3.93,3.89,4.51,95.71,22217,Médio
2019,10,2019-10-01,Norte,AM,Etanol,7.74,7.12,8.74,-2.06,3.9,105.51,95975,Alto
2019,10,2019-10-01,Norte,PA,GLP,3.87,3.56,4.38,-2.14,5.04,106.62,118347,Médio
2019,10,2019-10-01,Norte,PA,GLP,4.89,4.49,5.52,0.53,2.05,45.19,226248,Crítico
2019,10,2019-10-01,Norte,RO,GLP,6.59,6.06,7.44,-0.05,7.27,96.3,242447,Médio
2019,10,2019-10-01,Norte,TO,Diesel,5.18,4.76,5.85,1.38,9.93,83.17,135298,Médio
2019,10,2019-10-01,Nordeste,BA,GNV,3.64,3.35,4.11,6.96,9.19,89.93,56636,Crítico
2019,10,2019-10-01,Nordeste,BA,Diesel,3.67,3.37,4.15,-2.61,11.16,55.06,200746,Baixo
2019,10,2019-10-01,Nordeste,PE,GNV,4.2,3.86,4.74,-0.65,5.88,50.54,68856,Crítico
2019,10,2019-10-01,Nordeste,PE,GNV,5.63,5.18,6.36,5.27,9.2,57.7,175704,Médio
2019,10,2019-10-01,Nordeste,CE,Diesel,5.91,5.44,6.68,-1.32,6.95,48.49,119333,Médio
2019,10,2019-10-01,Nordeste,CE,GLP,3.02,2.78,3.42,5.05,3.38,62.52,160670,Crítico
2019,10,2019-10-01,Nordeste,MA,GNV,4.2,3.87,4.75,4.35,10.42,57.27,15023,Médio
2019,10,2019-10-01,Nordeste,PB,Gasolina,5.25,4.83,5.94,-1.52,2.5,77.71,217007,Crítico
2019,10,2019-10-01,Centro-Oeste,DF,GNV,6.11,5.63,6.91,3.9,11.72,89.05,144606,Alto
2019,10,2019-10-01,Centro-Oeste,GO,GNV,3.17,2.91,3.58,3.08,6.48,93.36,107314,Baixo
2019,10,2019-10-01,Centro-Oeste,GO,Gasolina,3.73,3.43,4.21,-2.74,11.13,48.04,118381,Crítico
2019,10,2019-10-01,Centro-Oeste,MT,GNV,7.12,6.55,8.05,0.7,5.03,88.33,85564,Baixo
2019,10,2019-10-01,Centro-Oeste,MS,Etanol,4.77,4.39,5.39,2.92,7.33,92.96,135492,Crítico
2019,10,2019-10-01,Sudeste,SP,GNV,5.05,4.64,5.7,3.89,9.34,64.61,144365,Crítico
2019,10,2019-10-01,Sudeste,SP,GLP,6.91,6.35,7.8,-0.73,7.47,64.9,197563,Médio
2019,10,2019-10-01,Sudeste,SP,Etanol,4.15,3.82,4.69,-0.56,7.95,101.49,12913,Baixo
2019,10,2019-10-01,Sudeste,RJ,GLP,6.23,5.73,7.04,3.12,3.9,68.93,105070,Crítico
2019,10,2019-10-01,Sudeste,RJ,GNV,7.0,6.44,7.9,1.91,6.58,69.84,208992,Alto
2019,10,2019-10-01,Sudeste,RJ,Etanol,6.77,6.23,7.65,6.01,4.58,102.22,193963,Alto
2019,10,2019-10-01,Sudeste,RJ,GLP,7.58,6.98,8.57,7.23,6.21,107.79,85002,Crítico
2019,10,2019-10-01,Sudeste,MG,Etanol,7.48,6.88,8.45,-3.23,3.49,85.43,120997,Baixo
2019,10,2019-10-01,Sudeste,MG,Etanol,3.16,2.91,3.57,4.79,8.6,71.78,234949,Baixo
2019,10,2019-10-01,Sudeste,MG,Etanol,3.94,3.62,4.45,5.05,4.63,83.14,123659,Baixo
2019,10,2019-10-01,Sudeste,ES,Etanol,4.99,4.59,5.64,-1.53,2.18,88.29,238118,Crítico
2019,10,2019-10-01,Sudeste,ES,GNV,6.02,5.54,6.81,1.95,2.4,58.15,55387,Alto
2019,10,2019-10-01,Sudeste,ES,Etanol,4.44,4.09,5.02,2.56,5.36,50.61,74668,Alto
2019,10,2019-10-01,Sul,PR,GLP,7.1,6.53,8.02,-6.46,5.49,62.87,22897,Baixo
2019,10,2019-10-01,Sul,PR,GLP,4.11,3.78,4.65,-1.83,2.14,86.31,172845,Crítico
2019,10,2019-10-01,Sul,SC,GLP,5.75,5.29,6.5,3.87,4.69,84.92,38988,Baixo
2019,10,2019-10-01,Sul,SC,Etanol,7.86,7.23,8.88,-0.61,12.0,65.08,171767,Alto
2019,10,2019-10-01,Sul,RS,Gasolina,5.42,4.99,6.13,2.12,4.96,100.35,49834,Médio
2019,10,2019-10-01,Sul,RS,Gasolina,7.26,6.68,8.2,1.98,11.04,46.96,202358,Médio
2019,11,2019-11-01,Norte,AM,GNV,5.15,4.74,5.82,4.7,7.87,57.98,125518,Médio
2019,11,2019-11-01,Norte,PA,GNV,6.15,5.65,6.95,3.94,11.06,55.64,164112,Baixo
2019,11,2019-11-01,Norte,PA,GLP,4.6,4.23,5.19,4.08,8.6,74.76,200595,Crítico
2019,11,2019-11-01,Norte,RO,GLP,3.18,2.93,3.59,4.86,4.91,97.69,31397,Alto
2019,11,2019-11-01,Norte,TO,Etanol,7.52,6.92,8.5,-2.61,8.7,55.58,176790,Alto
2019,11,2019-11-01,Nordeste,BA,Gasolina,7.2,6.62,8.13,7.05,5.96,108.57,51989,Alto
2019,11,2019-11-01,Nordeste,BA,Etanol,3.01,2.77,3.4,-0.91,7.84,88.0,95438,Crítico
2019,11,2019-11-01,Nordeste,PE,Etanol,3.41,3.13,3.85,4.99,2.45,68.17,56712,Baixo
2019,11,2019-11-01,Nordeste,PE,GLP,4.12,3.79,4.65,1.44,3.98,78.27,28323,Crítico
2019,11,2019-11-01,Nordeste,CE,GLP,3.65,3.36,4.13,-3.36,6.6,47.12,172492,Baixo
2019,11,2019-11-01,Nordeste,CE,GNV,6.16,5.66,6.96,-1.43,8.58,74.36,185182,Crítico
2019,11,2019-11-01,Nordeste,MA,GNV,4.86,4.47,5.5,1.78,11.0,49.55,92837,Crítico
2019,11,2019-11-01,Nordeste,PB,Diesel,4.27,3.93,4.83,5.51,11.67,106.59,40028,Baixo
2019,11,2019-11-01,Centro-Oeste,DF,Etanol,5.56,5.12,6.29,2.91,5.48,50.39,247402,Baixo
2019,11,2019-11-01,Centro-Oeste,GO,GNV,5.81,5.34,6.56,2.1,4.79,72.41,139289,Baixo
2019,11,2019-11-01,Centro-Oeste,GO,Gasolina,3.88,3.57,4.38,5.61,6.81,58.05,234631,Médio
2019,11,2019-11-01,Centro-Oeste,MT,Diesel,4.36,4.01,4.92,1.75,6.55,47.61,222353,Baixo
2019,11,2019-11-01,Centro-Oeste,MS,GNV,7.25,6.67,8.19,-0.2,5.56,109.44,67748,Baixo
2019,11,2019-11-01,Sudeste,SP,Etanol,7.98,7.34,9.02,4.18,10.25,96.96,62912,Alto
2019,11,2019-11-01,Sudeste,SP,Gasolina,3.8,3.49,4.29,1.62,3.13,73.2,110084,Médio
2019,11,2019-11-01,Sudeste,SP,Gasolina,5.83,5.37,6.59,-1.29,3.97,90.34,200326,Alto
2019,11,2019-11-01,Sudeste,RJ,GNV,7.09,6.52,8.01,4.27,9.28,71.32,234996,Crítico
2019,11,2019-11-01,Sudeste,RJ,Diesel,5.55,5.1,6.27,2.69,9.28,99.12,245850,Alto
2019,11,2019-11-01,Sudeste,RJ,Etanol,3.3,3.03,3.72,3.37,2.88,51.27,5059,Baixo
2019,11,2019-11-01,Sudeste,RJ,GLP,3.87,3.56,4.38,-3.17,4.8,60.08,239632,Baixo
2019,11,2019-11-01,Sudeste,MG,Diesel,6.21,5.72,7.02,-2.68,7.95,59.3,14327,Médio
2019,11,2019-11-01,Sudeste,MG,Etanol,4.15,3.82,4.69,1.58,4.47,61.28,177942,Baixo
2019,11,2019-11-01,Sudeste,MG,Etanol,7.36,6.77,8.31,2.46,11.54,65.44,235388,Alto
2019,11,2019-11-01,Sudeste,ES,Etanol,5.61,5.17,6.34,1.73,4.43,97.86,55566,Baixo
2019,11,2019-11-01,Sudeste,ES,GNV,4.26,3.92,4.82,-3.55,10.75,105.08,125625,Alto
2019,11,2019-11-01,Sudeste,ES,Etanol,3.7,3.4,4.18,-5.57,4.75,81.89,235030,Crítico
2019,11,2019-11-01,Sul,PR,GNV,3.4,3.13,3.84,2.58,7.54,45.38,92514,Crítico
2019,11,2019-11-01,Sul,PR,Gasolina,6.37,5.86,7.2,3.16,8.28,106.51,52473,Médio
2019,11,2019-11-01,Sul,SC,GNV,7.15,6.58,8.08,2.16,11.5,101.69,147779,Baixo
2019,11,2019-11-01,Sul,SC,Diesel,5.17,4.75,5.84,6.34,5.36,49.44,222129,Alto
2019,11,2019-11-01,Sul,RS,Diesel,7.62,7.01,8.61,-3.18,6.59,103.6,187400,Médio
2019,11,2019-11-01,Sul,RS,GNV,3.07,2.83,3.47,2.27,5.44,49.63,167322,Baixo
2019,12,2019-12-01,Norte,AM,Diesel,4.41,4.05,4.98,-0.23,6.01,45.16,110256,Médio
2019,12,2019-12-01,Norte,PA,GLP,4.06,3.73,4.58,-4.72,7.19,52.32,206321,Alto
2019,12,2019-12-01,Norte,PA,Diesel,5.05,4.64,5.7,5.65,9.29,57.08,194380,Crítico
2019,12,2019-12-01,Norte,RO,GNV,3.18,2.93,3.6,-2.62,7.16,89.35,60560,Crítico
2019,12,2019-12-01,Norte,TO,Gasolina,5.89,5.42,6.65,1.72,4.55,67.18,182867,Baixo
2019,12,2019-12-01,Nordeste,BA,GLP,3.38,3.11,3.82,-2.05,9.15,60.68,185466,Baixo
2019,12,2019-12-01,Nordeste,BA,Diesel,4.39,4.04,4.97,5.48,8.63,52.98,19207,Crítico
2019,12,2019-12-01,Nordeste,PE,GNV,6.73,6.19,7.61,1.53,4.09,77.99,235595,Crítico
2019,12,2019-12-01,Nordeste,PE,Etanol,6.07,5.58,6.85,3.04,10.47,93.34,92433,Baixo
2019,12,2019-12-01,Nordeste,CE,GNV,7.24,6.66,8.18,-2.17,3.14,56.27,136873,Médio
2019,12,2019-12-01,Nordeste,CE,Diesel,4.33,3.98,4.89,9.91,8.5,76.67,183420,Alto
2019,12,2019-12-01,Nordeste,MA,GNV,4.34,3.99,4.9,3.66,2.51,109.55,166053,Baixo
2019,12,2019-12-01,Nordeste,PB,Gasolina,6.89,6.34,7.78,-4.66,5.31,74.82,246656,Baixo
2019,12,2019-12-01,Centro-Oeste,DF,Gasolina,3.93,3.62,4.45,1.3,5.94,47.2,72252,Alto
2019,12,2019-12-01,Centro-Oeste,GO,Gasolina,5.6,5.16,6.33,0.16,10.62,89.34,181749,Baixo
2019,12,2019-12-01,Centro-Oeste,GO,GLP,6.02,5.54,6.8,8.43,3.67,90.41,217849,Médio
2019,12,2019-12-01,Centro-Oeste,MT,Gasolina,3.83,3.52,4.32,0.43,10.77,86.43,18246,Médio
2019,12,2019-12-01,Centro-Oeste,MS,GNV,3.41,3.13,3.85,0.39,4.93,61.76,168814,Crítico
2019,12,2019-12-01,Sudeste,SP,Etanol,4.34,3.99,4.9,6.96,4.1,71.23,104478,Baixo
2019,12,2019-12-01,Sudeste,SP,GLP,5.47,5.04,6.19,-11.3,9.33,95.2,207828,Médio
2019,12,2019-12-01,Sudeste,SP,GLP,3.29,3.03,3.72,6.59,3.59,75.11,42312,Baixo
2019,12,2019-12-01,Sudeste,RJ,Diesel,3.88,3.57,4.39,3.55,10.25,95.94,241298,Médio
2019,12,2019-12-01,Sudeste,RJ,Gasolina,7.01,6.45,7.93,0.72,7.71,92.41,119836,Alto
2019,12,2019-12-01,Sudeste,RJ,Gasolina,3.39,3.12,3.83,-0.02,11.6,45.14,94283,Crítico
2019,12,2019-12-01,Sudeste,RJ,GNV,6.05,5.56,6.83,0.51,11.74,97.48,71212,Crítico
2019,12,2019-12-01,Sudeste,MG,Etanol,4.86,4.47,5.49,-0.89,9.04,59.78,8972,Baixo
2019,12,2019-12-01,Sudeste,MG,Etanol,7.35,6.76,8.31,-1.58,3.91,94.17,211355,Crítico
2019,12,2019-12-01,Sudeste,MG,GNV,6.29,5.79,7.11,-5.88,10.79,94.15,200331,Crítico
2019,12,2019-12-01,Sudeste,ES,GNV,7.66,7.04,8.65,-6.24,4.26,81.48,27553,Baixo
2019,12,2019-12-01,Sudeste,ES,Gasolina,7.68,7.07,8.68,1.93,4.06,101.76,144863,Crítico
2019,12,2019-12-01,Sudeste,ES,Gasolina,6.92,6.37,7.82,-3.69,11.51,83.18,241988,Crítico
2019,12,2019-12-01,Sul,PR,GNV,7.44,6.84,8.4,-4.03,8.7,76.42,248960,Crítico
2019,12,2019-12-01,Sul,PR,GNV,4.98,4.58,5.62,3.83,7.65,94.32,206575,Baixo
2019,12,2019-12-01,Sul,SC,Diesel,5.38,4.95,6.08,5.1,6.27,85.97,80093,Baixo
2019,12,2019-12-01,Sul,SC,Diesel,5.8,5.34,6.56,2.16,2.36,105.29,47773,Alto
2019,12,2019-12-01,Sul,RS,GNV,7.94,7.31,8.97,5.35,2.15,61.58,120235,Médio
2019,12,2019-12-01,Sul,RS,GLP,5.89,5.42,6.66,-0.94,8.33,53.98,21641,Médio
2020,1,2020-01-01,Norte,AM,GLP,7.74,7.12,8.75,3.08,2.19,105.38,217770,Baixo
2020,1,2020-01-01,Norte,PA,GLP,7.57,6.96,8.55,0.76,12.0,106.17,191974,Alto
2020,1,2020-01-01,Norte,PA,Gasolina,4.27,3.93,4.82,-2.95,11.4,84.03,142055,Crítico
2020,1,2020-01-01,Norte,RO,Diesel,3.79,3.49,4.29,2.51,6.55,82.49,229825,Crítico
2020,1,2020-01-01,Norte,TO,Gasolina,5.55,5.11,6.28,4.63,6.66,86.33,43360,Médio
2020,1,2020-01-01,Nordeste,BA,GLP,6.84,6.29,7.73,0.86,3.26,53.3,212419,Baixo
2020,1,2020-01-01,Nordeste,BA,Etanol,5.6,5.15,6.32,4.89,10.44,53.6,66777,Crítico
2020,1,2020-01-01,Nordeste,PE,GNV,6.21,5.72,7.02,-5.94,8.72,70.58,138866,Baixo
2020,1,2020-01-01,Nordeste,PE,Etanol,6.3,5.79,7.11,4.44,11.63,58.45,118898,Alto
2020,1,2020-01-01,Nordeste,CE,Etanol,6.43,5.92,7.27,9.35,2.5,49.93,148445,Alto
2020,1,2020-01-01,Nordeste,CE,GLP,6.37,5.86,7.2,3.7,10.47,96.92,162765,Médio
2020,1,2020-01-01,Nordeste,MA,Gasolina,5.22,4.8,5.9,1.97,9.98,107.83,202812,Alto
2020,1,2020-01-01,Nordeste,PB,Gasolina,4.79,4.4,5.41,-3.43,9.19,100.77,152925,Baixo
2020,1,2020-01-01,Centro-Oeste,DF,GNV,6.07,5.58,6.86,-8.07,11.55,96.5,12046,Alto
2020,1,2020-01-01,Centro-Oeste,GO,Etanol,6.31,5.8,7.12,4.38,7.87,79.3,116820,Baixo
2020,1,2020-01-01,Centro-Oeste,GO,Diesel,5.16,4.75,5.83,0.03,3.47,59.38,224382,Baixo
2020,1,2020-01-01,Centro-Oeste,MT,Diesel,3.4,3.13,3.84,0.19,9.92,57.51,47980,Crítico
2020,1,2020-01-01,Centro-Oeste,MS,Gasolina,6.68,6.15,7.55,-8.56,10.29,66.71,28003,Alto
2020,1,2020-01-01,Sudeste,SP,GNV,4.25,3.91,4.8,-5.64,10.9,84.13,109024,Alto
2020,1,2020-01-01,Sudeste,SP,GLP,5.54,5.1,6.26,1.38,8.5,88.47,244151,Médio
2020,1,2020-01-01,Sudeste,SP,Diesel,3.29,3.02,3.71,-0.7,3.72,96.06,117405,Baixo
2020,1,2020-01-01,Sudeste,RJ,GLP,6.11,5.62,6.9,-1.08,5.4,46.53,194664,Crítico
2020,1,2020-01-01,Sudeste,RJ,GNV,5.35,4.92,6.04,5.89,8.62,82.61,27070,Crítico
2020,1,2020-01-01,Sudeste,RJ,GNV,3.75,3.45,4.24,5.31,9.91,70.28,64944,Alto
2020,1,2020-01-01,Sudeste,RJ,GNV,3.08,2.83,3.48,-0.4,11.48,101.74,55939,Médio
2020,1,2020-01-01,Sudeste,MG,GNV,4.09,3.77,4.63,-0.77,8.46,74.96,204620,Médio
2020,1,2020-01-01,Sudeste,MG,Etanol,4.33,3.98,4.89,4.58,11.35,87.64,197579,Alto
2020,1,2020-01-01,Sudeste,MG,Etanol,4.85,4.46,5.48,0.81,3.72,91.5,193961,Crítico
2020,1,2020-01-01,Sudeste,ES,Gasolina,4.81,4.43,5.44,0.77,11.56,103.26,112091,Médio
2020,1,2020-01-01,Sudeste,ES,Diesel,3.29,3.03,3.72,3.81,5.68,46.31,132860,Médio
2020,1,2020-01-01,Sudeste,ES,Etanol,5.01,4.61,5.66,-5.94,6.29,56.29,210701,Médio
2020,1,2020-01-01,Sul,PR,Etanol,4.17,3.83,4.71,1.95,5.97,59.34,91483,Alto
2020,1,2020-01-01,Sul,PR,Gasolina,3.19,2.93,3.6,4.41,5.82,51.37,43837,Crítico
2020,1,2020-01-01,Sul,SC,GLP,7.99,7.35,9.03,5.29,7.75,76.93,166146,Baixo
2020,1,2020-01-01,Sul,SC,Etanol,4.94,4.54,5.58,1.09,6.92,107.49,140030,Alto
2020,1,2020-01-01,Sul,RS,GNV,6.63,6.1,7.5,7.96,2.26,57.55,146300,Alto
2020,1,2020-01-01,Sul,RS,GLP,7.05,6.48,7.96,2.06,7.91,69.38,164381,Médio
2020,2,2020-02-01,Norte,AM,Gasolina,4.24,3.9,4.79,6.71,7.96,58.17,173608,Baixo
2020,2,2020-02-01,Norte,PA,GLP,4.82,4.44,5.45,-4.35,2.03,80.65,45049,Crítico
2020,2,2020-02-01,Norte,PA,GLP,7.85,7.23,8.87,2.16,10.65,80.48,76685,Baixo
2020,2,2020-02-01,Norte,RO,Etanol,7.78,7.16,8.79,-1.84,7.83,68.48,166909,Médio
2020,2,2020-02-01,Norte,TO,GLP,7.43,6.83,8.39,-1.47,6.61,92.97,193303,Médio
2020,2,2020-02-01,Nordeste,BA,GNV,6.02,5.54,6.8,-2.72,7.17,95.73,37589,Baixo
2020,2,2020-02-01,Nordeste,BA,GNV,3.85,3.54,4.35,-0.48,11.91,102.84,183238,Médio
2020,2,2020-02-01,Nordeste,PE,Etanol,6.78,6.24,7.66,-4.06,4.1,92.1,217535,Médio
2020,2,2020-02-01,Nordeste,PE,Etanol,6.17,5.68,6.97,-6.99,2.26,98.75,73192,Alto
2020,2,2020-02-01,Nordeste,CE,GNV,5.75,5.29,6.49,5.7,5.34,72.33,140593,Médio
2020,2,2020-02-01,Nordeste,CE,GNV,3.04,2.8,3.44,5.75,3.43,76.11,72230,Crítico
2020,2,2020-02-01,Nordeste,MA,Diesel,4.5,4.14,5.09,4.28,10.15,92.94,106250,Médio
2020,2,2020-02-01,Nordeste,PB,Diesel,5.13,4.72,5.8,-0.28,9.04,90.59,12757,Alto
2020,2,2020-02-01,Centro-Oeste,DF,Gasolina,5.48,5.04,6.19,9.13,10.69,55.47,205955,Médio
2020,2,2020-02-01,Centro-Oeste,GO,Gasolina,5.14,4.73,5.81,0.17,2.6,66.23,103622,Alto
2020,2,2020-02-01,Centro-Oeste,GO,Diesel,4.53,4.17,5.12,2.9,2.96,71.42,144984,Baixo
2020,2,2020-02-01,Centro-Oeste,MT,Diesel,7.7,7.09,8.7,4.51,9.2,100.98,122569,Baixo
2020,2,2020-02-01,Centro-Oeste,MS,GNV,6.69,6.15,7.56,2.24,7.89,81.25,126217,Baixo
2020,2,2020-02-01,Sudeste,SP,GNV,7.14,6.57,8.07,0.5,2.85,81.39,105172,Crítico
2020,2,2020-02-01,Sudeste,SP,Gasolina,3.42,3.15,3.86,2.11,3.41,52.9,83903,Crítico
2020,2,2020-02-01,Sudeste,SP,Gasolina,7.99,7.35,9.03,-3.7,5.51,56.65,245888,Alto
2020,2,2020-02-01,Sudeste,RJ,Diesel,7.17,6.6,8.1,-7.02,2.99,62.02,152492,Crítico
2020,2,2020-02-01,Sudeste,RJ,Gasolina,6.38,5.87,7.21,0.52,11.27,66.48,55975,Baixo
2020,2,2020-02-01,Sudeste,RJ,Diesel,3.58,3.29,4.04,-3.94,6.7,78.97,73261,Crítico
2020,2,2020-02-01,Sudeste,RJ,GNV,6.39,5.88,7.22,-5.95,4.54,104.89,103099,Médio
2020,2,2020-02-01,Sudeste,MG,Etanol,5.41,4.97,6.11,0.09,9.88,69.49,229345,Crítico
2020,2,2020-02-01,Sudeste,MG,Diesel,7.45,6.86,8.42,0.65,2.21,67.92,5829,Baixo
2020,2,2020-02-01,Sudeste,MG,Diesel,3.09,2.84,3.49,2.06,6.62,86.62,139173,Baixo
2020,2,2020-02-01,Sudeste,ES,Gasolina,3.42,3.15,3.86,3.97,2.59,78.67,131654,Crítico
2020,2,2020-02-01,Sudeste,ES,Diesel,6.03,5.54,6.81,-1.98,7.18,109.87,7836,Alto
2020,2,2020-02-01,Sudeste,ES,GLP,5.11,4.7,5.78,1.22,3.6,52.43,133792,Alto
2020,2,2020-02-01,Sul,PR,Diesel,5.23,4.81,5.91,-10.3,6.58,54.08,81668,Crítico
2020,2,2020-02-01,Sul,PR,Diesel,4.59,4.22,5.18,-1.43,10.07,90.8,196221,Médio
2020,2,2020-02-01,Sul,SC,GLP,5.36,4.93,6.05,4.44,11.63,95.23,59209,Baixo
2020,2,2020-02-01,Sul,SC,Gasolina,4.08,3.75,4.61,-2.78,4.7,60.21,196585,Baixo
2020,2,2020-02-01,Sul,RS,GLP,7.91,7.28,8.94,2.24,2.51,95.45,141324,Médio
2020,2,2020-02-01,Sul,RS,Gasolina,5.2,4.78,5.88,-2.8,4.3,77.28,25664,Médio
2020,3,2020-03-01,Norte,AM,Etanol,6.44,5.93,7.28,2.27,8.39,66.65,30453,Crítico
2020,3,2020-03-01,Norte,PA,GLP,5.27,4.85,5.96,0.26,6.52,56.34,173742,Alto
2020,3,2020-03-01,Norte,PA,Etanol,3.73,3.43,4.21,3.77,6.35,75.49,71732,Baixo
2020,3,2020-03-01,Norte,RO,Etanol,3.36,3.09,3.8,-6.49,4.88,88.97,146322,Crítico
2020,3,2020-03-01,Norte,TO,Gasolina,3.23,2.98,3.65,-0.08,9.72,97.54,240852,Médio
2020,3,2020-03-01,Nordeste,BA,Diesel,5.17,4.76,5.85,-1.62,10.08,102.28,26435,Crítico
2020,3,2020-03-01,Nordeste,BA,GNV,6.55,6.02,7.4,0.59,4.29,51.93,239130,Baixo
2020,3,2020-03-01,Nordeste,PE,GNV,4.68,4.3,5.29,-1.79,8.89,72.19,80435,Baixo
2020,3,2020-03-01,Nordeste,PE,Diesel,5.82,5.35,6.58,-2.68,9.82,82.38,32246,Crítico
2020,3,2020-03-01,Nordeste,CE,Diesel,5.4,4.97,6.1,3.87,4.87,88.19,38100,Médio
2020,3,2020-03-01,Nordeste,CE,GNV,7.14,6.57,8.06,0.21,7.49,95.59,77395,Alto
2020,3,2020-03-01,Nordeste,MA,Etanol,5.7,5.25,6.45,1.35,6.89,86.87,220490,Médio
2020,3,2020-03-01,Nordeste,PB,GNV,5.29,4.86,5.97,-3.77,9.97,63.12,220607,Alto
2020,3,2020-03-01,Centro-Oeste,DF,Diesel,3.56,3.27,4.02,0.6,8.75,105.51,244985,Alto
2020,3,2020-03-01,Centro-Oeste,GO,Gasolina,6.17,5.68,6.98,5.38,3.62,87.5,143924,Alto
2020,3,2020-03-01,Centro-Oeste,GO,Etanol,4.45,4.09,5.03,-1.12,11.32,71.42,136363,Médio
2020,3,2020-03-01,Centro-Oeste,MT,Etanol,6.29,5.79,7.11,3.87,4.47,66.69,120765,Baixo
2020,3,2020-03-01,Centro-Oeste,MS,Gasolina,6.76,6.22,7.64,0.23,8.66,63.43,191356,Médio
2020,3,2020-03-01,Sudeste,SP,Etanol,4.43,4.08,5.01,1.94,4.21,85.54,141962,Médio
2020,3,2020-03-01,Sudeste,SP,Etanol,6.12,5.63,6.91,0.03,8.15,74.87,195862,Médio
2020,3,2020-03-01,Sudeste,SP,Gasolina,7.78,7.16,8.79,-3.0,9.15,45.63,193745,Alto
2020,3,2020-03-01,Sudeste,RJ,Gasolina,6.22,5.72,7.03,0.78,9.32,86.09,106767,Alto
2020,3,2020-03-01,Sudeste,RJ,Etanol,5.53,5.08,6.24,-4.14,11.11,67.56,176398,Alto
2020,3,2020-03-01,Sudeste,RJ,GLP,7.39,6.8,8.35,0.37,3.49,66.19,194994,Alto
2020,3,2020-03-01,Sudeste,RJ,GNV,6.1,5.62,6.9,-3.87,4.64,58.07,179801,Médio
2020,3,2020-03-01,Sudeste,MG,Etanol,7.94,7.31,8.97,-5.94,11.31,81.04,11849,Alto
2020,3,2020-03-01,Sudeste,MG,Etanol,7.81,7.19,8.83,-2.75,4.88,55.7,46199,Alto
2020,3,2020-03-01,Sudeste,MG,GLP,4.34,3.99,4.9,1.06,4.47,68.04,55424,Crítico
2020,3,2020-03-01,Sudeste,ES,GNV,5.04,4.63,5.69,4.15,6.26,47.69,191065,Baixo
2020,3,2020-03-01,Sudeste,ES,Etanol,4.44,4.09,5.02,6.85,5.63,103.83,217652,Médio
2020,3,2020-03-01,Sudeste,ES,Gasolina,3.81,3.5,4.3,-4.54,11.96,46.26,55818,Médio
2020,3,2020-03-01,Sul,PR,GNV,7.63,7.02,8.62,-3.38,11.6,97.74,23642,Crítico
2020,3,2020-03-01,Sul,PR,Gasolina,6.57,6.04,7.42,-3.78,3.58,75.03,242023,Baixo
2020,3,2020-03-01,Sul,SC,GNV,6.72,6.18,7.59,2.39,9.6,100.81,91651,Médio
2020,3,2020-03-01,Sul,SC,Gasolina,7.94,7.3,8.97,0.5,6.93,88.97,53249,Crítico
2020,3,2020-03-01,Sul,RS,GNV,7.56,6.95,8.54,-2.74,2.66,60.72,56977,Crítico
2020,3,2020-03-01,Sul,RS,Gasolina,3.39,3.12,3.83,-2.45,6.89,80.81,212399,Crítico
2020,4,2020-04-01,Norte,AM,GNV,6.76,6.22,7.64,-3.46,8.4,65.21,85072,Baixo
2020,4,2020-04-01,Norte,PA,GLP,4.74,4.36,5.36,-3.38,11.14,81.09,160521,Crítico
2020,4,2020-04-01,Norte,PA,Diesel,4.89,4.5,5.53,-0.83,3.98,87.92,244560,Alto
2020,4,2020-04-01,Norte,RO,GLP,7.81,7.18,8.82,-1.6,11.26,86.0,153740,Alto
2020,4,2020-04-01,Norte,TO,Diesel,5.53,5.08,6.24,0.31,11.0,71.62,86864,Médio
2020,4,2020-04-01,Nordeste,BA,GLP,4.65,4.27,5.25,-1.73,3.46,46.71,9664,Baixo
2020,4,2020-04-01,Nordeste,BA,GNV,6.34,5.83,7.16,2.87,5.36,80.83,20901,Médio
2020,4,2020-04-01,Nordeste,PE,GNV,4.44,4.09,5.02,-0.44,4.5,71.54,228950,Alto
2020,4,2020-04-01,Nordeste,PE,Gasolina,5.68,5.22,6.42,1.11,7.2,64.14,184652,Alto
2020,4,2020-04-01,Nordeste,CE,Diesel,3.99,3.67,4.5,-1.41,3.32,80.28,197055,Médio
2020,4,2020-04-01,Nordeste,CE,Diesel,4.33,3.98,4.89,-0.46,3.73,81.26,25982,Baixo
2020,4,2020-04-01,Nordeste,MA,Gasolina,5.95,5.47,6.72,2.2,4.49,91.08,164925,Crítico
2020,4,2020-04-01,Nordeste,PB,GNV,5.28,4.86,5.97,2.48,3.91,54.48,32573,Alto
2020,4,2020-04-01,Centro-Oeste,DF,GLP,7.94,7.31,8.98,1.26,9.29,82.24,146515,Alto
2020,4,2020-04-01,Centro-Oeste,GO,GNV,6.43,5.91,7.26,-3.19,4.87,51.22,119745,Alto
2020,4,2020-04-01,Centro-Oeste,GO,Etanol,5.21,4.8,5.89,3.06,5.28,91.77,127602,Crítico
2020,4,2020-04-01,Centro-Oeste,MT,Etanol,4.88,4.49,5.51,-3.01,2.44,45.74,138930,Alto
2020,4,2020-04-01,Centro-Oeste,MS,Etanol,3.17,2.92,3.59,0.85,8.4,59.26,136298,Alto
2020,4,2020-04-01,Sudeste,SP,Diesel,4.24,3.9,4.79,1.67,4.78,66.93,238667,Alto
2020,4,2020-04-01,Sudeste,SP,GLP,6.29,5.78,7.1,0.95,3.42,85.86,151687,Alto
2020,4,2020-04-01,Sudeste,SP,Diesel,6.19,5.7,7.0,4.02,3.13,52.35,58979,Alto
2020,4,2020-04-01,Sudeste,RJ,Diesel,5.2,4.78,5.87,-1.17,5.79,80.23,147466,Alto
2020,4,2020-04-01,Sudeste,RJ,Gasolina,3.92,3.61,4.43,-1.92,3.86,89.91,61057,Crítico
2020,4,2020-04-01,Sudeste,RJ,Etanol,7.16,6.59,8.09,-2.0,3.7,80.11,106442,Médio
2020,4,2020-04-01,Sudeste,RJ,Etanol,3.16,2.9,3.57,-2.31,8.75,63.8,158834,Médio
2020,4,2020-04-01,Sudeste,MG,GNV,4.99,4.59,5.64,3.93,5.42,81.6,241350,Alto
2020,4,2020-04-01,Sudeste,MG,Diesel,6.63,6.1,7.49,2.82,2.83,53.3,148934,Baixo
2020,4,2020-04-01,Sudeste,MG,GLP,5.27,4.85,5.96,3.75,6.61,70.28,21256,Alto
2020,4,2020-04-01,Sudeste,ES,GLP,6.74,6.2,7.62,4.15,2.87,52.15,25127,Baixo
2020,4,2020-04-01,Sudeste,ES,GNV,3.48,3.2,3.93,-2.37,3.1,83.31,123351,Alto
2020,4,2020-04-01,Sudeste,ES,Etanol,7.26,6.68,8.21,1.32,4.21,107.56,114618,Baixo
2020,4,2020-04-01,Sul,PR,Diesel,5.99,5.51,6.76,-4.3,3.2,46.01,100075,Médio
2020,4,2020-04-01,Sul,PR,Diesel,6.49,5.97,7.33,3.99,4.41,56.01,133478,Alto
2020,4,2020-04-01,Sul,SC,GNV,7.67,7.06,8.67,5.59,6.1,69.96,96184,Crítico
2020,4,2020-04-01,Sul,SC,Diesel,6.99,6.43,7.9,5.81,7.81,58.97,132373,Crítico
2020,4,2020-04-01,Sul,RS,GNV,5.16,4.75,5.83,6.77,10.34,90.26,42525,Alto
2020,4,2020-04-01,Sul,RS,GNV,3.2,2.94,3.61,-3.05,5.23,61.52,41738,Baixo
2020,5,2020-05-01,Norte,AM,Gasolina,5.34,4.91,6.03,-0.03,2.99,86.43,86225,Alto
2020,5,2020-05-01,Norte,PA,GLP,4.95,4.56,5.6,3.02,10.53,96.27,41656,Alto
2020,5,2020-05-01,Norte,PA,Etanol,3.24,2.98,3.66,2.83,4.32,76.38,167664,Baixo
2020,5,2020-05-01,Norte,RO,Diesel,3.66,3.37,4.14,9.77,10.05,89.95,242152,Médio
2020,5,2020-05-01,Norte,TO,Etanol,3.81,3.5,4.3,3.52,5.96,65.54,125529,Baixo
2020,5,2020-05-01,Nordeste,BA,Diesel,3.23,2.97,3.65,5.74,6.33,54.92,69701,Baixo
2020,5,2020-05-01,Nordeste,BA,Etanol,6.13,5.64,6.92,3.16,5.54,58.79,183477,Médio
2020,5,2020-05-01,Nordeste,PE,Gasolina,6.12,5.63,6.92,-0.8,11.36,63.09,220473,Baixo
2020,5,2020-05-01,Nordeste,PE,GLP,4.3,3.96,4.86,-9.41,7.07,106.91,105678,Médio
2020,5,2020-05-01,Nordeste,CE,Gasolina,5.65,5.2,6.39,4.57,9.06,88.02,241982,Alto
2020,5,2020-05-01,Nordeste,CE,GLP,5.31,4.88,6.0,-1.27,7.9,105.11,119626,Médio
2020,5,2020-05-01,Nordeste,MA,GNV,5.55,5.1,6.27,5.49,8.48,87.19,82896,Alto
2020,5,2020-05-01,Nordeste,PB,GNV,7.77,7.15,8.78,-4.52,6.81,89.01,238233,Crítico
2020,5,2020-05-01,Centro-Oeste,DF,GNV,6.6,6.08,7.46,1.9,2.05,107.78,222757,Crítico
2020,5,2020-05-01,Centro-Oeste,GO,Etanol,7.14,6.57,8.07,-2.71,5.43,48.98,95619,Médio
2020,5,2020-05-01,Centro-Oeste,GO,GNV,5.16,4.75,5.84,-4.65,4.93,54.23,23592,Baixo
2020,5,2020-05-01,Centro-Oeste,MT,GNV,7.48,6.88,8.45,-1.42,9.52,67.36,105622,Médio
2020,5,2020-05-01,Centro-Oeste,MS,GNV,7.75,7.13,8.76,0.07,11.44,91.0,18223,Baixo
2020,5,2020-05-01,Sudeste,SP,GLP,5.91,5.44,6.68,-1.1,2.37,77.85,99096,Baixo
2020,5,2020-05-01,Sudeste,SP,GLP,6.02,5.54,6.8,1.34,6.71,52.52,73275,Crítico
2020,5,2020-05-01,Sudeste,SP,GLP,6.86,6.31,7.75,-5.04,5.16,93.18,192345,Médio
2020,5,2020-05-01,Sudeste,RJ,Diesel,7.5,6.9,8.47,2.97,10.74,107.91,36947,Baixo
2020,5,2020-05-01,Sudeste,RJ,Diesel,6.97,6.41,7.87,2.14,5.23,88.5,164127,Alto
2020,5,2020-05-01,Sudeste,RJ,Gasolina,6.61,6.08,7.47,-4.8,3.57,104.88,159698,Alto
2020,5,2020-05-01,Sudeste,RJ,Etanol,5.24,4.82,5.92,1.35,6.28,65.14,249727,Baixo
2020,5,2020-05-01,Sudeste,MG,Gasolina,4.33,3.98,4.89,-4.04,3.98,92.21,205278,Médio
2020,5,2020-05-01,Sudeste,MG,Etanol,4.47,4.12,5.06,-5.48,8.39,54.51,133601,Crítico
2020,5,2020-05-01,Sudeste,MG,Etanol,7.97,7.33,9.01,9.37,8.02,85.06,207362,Crítico
2020,5,2020-05-01,Sudeste,ES,GLP,4.04,3.72,4.57,1.1,7.15,71.93,215803,Médio
2020,5,2020-05-01,Sudeste,ES,Diesel,4.31,3.97,4.87,-5.08,7.97,88.05,127717,Médio
2020,5,2020-05-01,Sudeste,ES,Diesel,6.23,5.74,7.04,0.48,5.0,67.02,56979,Crítico
2020,5,2020-05-01,Sul,PR,Diesel,5.05,4.65,5.71,3.57,7.62,45.93,180632,Baixo
2020,5,2020-05-01,Sul,PR,GLP,4.04,3.71,4.56,-8.26,8.5,72.74,248666,Baixo
2020,5,2020-05-01,Sul,SC,Etanol,3.93,3.61,4.44,0.96,7.64,59.63,106366,Médio
2020,5,2020-05-01,Sul,SC,Etanol,3.65,3.36,4.13,2.75,5.23,89.34,137427,Médio
2020,5,2020-05-01,Sul,RS,Diesel,6.97,6.41,7.87,1.2,11.78,53.94,71445,Alto
2020,5,2020-05-01,Sul,RS,Diesel,7.14,6.57,8.06,3.65,8.18,94.24,118210,Alto
2020,6,2020-06-01,Norte,AM,Gasolina,6.22,5.72,7.02,0.68,3.68,101.22,92070,Baixo
2020,6,2020-06-01,Norte,PA,GLP,7.13,6.56,8.06,6.68,9.13,79.79,184505,Médio
2020,6,2020-06-01,Norte,PA,Diesel,3.49,3.21,3.94,3.82,7.29,78.41,228419,Crítico
2020,6,2020-06-01,Norte,RO,GLP,6.6,6.07,7.45,-2.39,2.27,77.01,193156,Médio
2020,6,2020-06-01,Norte,TO,Diesel,6.26,5.76,7.08,-0.11,7.13,64.81,88852,Baixo
2020,6,2020-06-01,Nordeste,BA,Etanol,7.34,6.75,8.29,5.34,3.99,57.92,162500,Baixo
2020,6,2020-06-01,Nordeste,BA,Diesel,7.96,7.33,9.0,-4.92,6.7,91.42,161992,Crítico
2020,6,2020-06-01,Nordeste,PE,GLP,7.88,7.25,8.91,1.02,11.39,92.83,182075,Médio
2020,6,2020-06-01,Nordeste,PE,Gasolina,7.96,7.32,8.99,-0.37,11.54,76.97,243069,Alto
2020,6,2020-06-01,Nordeste,CE,Gasolina,6.76,6.22,7.64,-2.76,10.37,65.37,206196,Médio
2020,6,2020-06-01,Nordeste,CE,Gasolina,4.94,4.55,5.58,2.92,7.27,109.86,113138,Baixo
2020,6,2020-06-01,Nordeste,MA,GNV,5.88,5.41,6.65,-4.71,3.31,107.75,38273,Alto
2020,6,2020-06-01,Nordeste,PB,Gasolina,7.1,6.53,8.03,4.42,8.65,52.77,166722,Baixo
2020,6,2020-06-01,Centro-Oeste,DF,Diesel,7.3,6.72,8.25,0.05,4.38,67.08,30785,Médio
2020,6,2020-06-01,Centro-Oeste,GO,Etanol,4.73,4.35,5.35,-3.97,11.06,67.31,129112,Crítico
2020,6,2020-06-01,Centro-Oeste,GO,GNV,7.63,7.02,8.63,2.52,11.53,93.53,207472,Médio
2020,6,2020-06-01,Centro-Oeste,MT,Diesel,3.66,3.36,4.13,-1.9,4.15,109.75,152215,Médio
2020,6,2020-06-01,Centro-Oeste,MS,GNV,6.81,6.26,7.69,-7.27,2.18,76.63,158286,Alto
2020,6,2020-06-01,Sudeste,SP,Gasolina,7.67,7.06,8.67,-1.97,8.37,51.77,133462,Alto
2020,6,2020-06-01,Sudeste,SP,Etanol,4.28,3.94,4.83,-3.98,7.36,52.79,104420,Alto
2020,6,2020-06-01,Sudeste,SP,Gasolina,7.2,6.63,8.14,5.4,10.64,78.23,195908,Crítico
2020,6,2020-06-01,Sudeste,RJ,GNV,5.33,4.91,6.03,1.56,9.21,60.05,197058,Baixo
2020,6,2020-06-01,Sudeste,RJ,GNV,7.41,6.81,8.37,-0.04,4.23,48.34,99180,Crítico
2020,6,2020-06-01,Sudeste,RJ,Etanol,7.52,6.91,8.49,4.48,7.78,51.47,96547,Crítico
2020,6,2020-06-01,Sudeste,RJ,Diesel,3.37,3.1,3.8,1.24,8.95,84.86,157359,Médio
2020,6,2020-06-01,Sudeste,MG,GLP,4.32,3.97,4.88,4.44,9.43,87.2,163736,Baixo
2020,6,2020-06-01,Sudeste,MG,GLP,3.16,2.91,3.57,-2.87,7.23,52.55,249615,Baixo
2020,6,2020-06-01,Sudeste,MG,GLP,5.68,5.23,6.42,1.55,4.41,54.93,100906,Baixo
2020,6,2020-06-01,Sudeste,ES,Etanol,4.91,4.51,5.54,3.49,8.18,55.04,38180,Médio
2020,6,2020-06-01,Sudeste,ES,Gasolina,6.25,5.75,7.06,5.8,11.97,69.31,72509,Crítico
2020,6,2020-06-01,Sudeste,ES,Diesel,3.32,3.05,3.75,-6.79,9.25,58.94,77456,Crítico
2020,6,2020-06-01,Sul,PR,GLP,7.63,7.02,8.63,-2.98,4.5,80.37,246452,Baixo
2020,6,2020-06-01,Sul,PR,Diesel,6.3,5.8,7.12,-2.37,9.24,49.94,192350,Baixo
2020,6,2020-06-01,Sul,SC,Etanol,6.41,5.9,7.24,-2.13,6.8,57.34,125366,Baixo
2020,6,2020-06-01,Sul,SC,GLP,4.82,4.43,5.44,2.43,11.35,47.4,234164,Médio
2020,6,2020-06-01,Sul,RS,Etanol,3.24,2.98,3.66,5.93,3.52,93.51,211267,Crítico
2020,6,2020-06-01,Sul,RS,Etanol,4.84,4.46,5.47,-1.0,5.04,71.31,163508,Alto
2020,7,2020-07-01,Norte,AM,Diesel,7.59,6.99,8.58,-0.83,4.96,45.32,19562,Alto
2020,7,2020-07-01,Norte,PA,GNV,5.7,5.25,6.45,4.44,9.49,78.26,135707,Médio
2020,7,2020-07-01,Norte,PA,Gasolina,6.17,5.68,6.97,-3.83,11.98,54.7,193458,Alto
2020,7,2020-07-01,Norte,RO,Diesel,5.52,5.07,6.23,-0.17,2.6,58.64,104704,Médio
2020,7,2020-07-01,Norte,TO,Diesel,7.75,7.13,8.76,-1.72,8.69,48.0,193382,Alto
2020,7,2020-07-01,Nordeste,BA,Etanol,7.16,6.59,8.09,-4.71,3.88,54.54,243472,Baixo
2020,7,2020-07-01,Nordeste,BA,Gasolina,5.66,5.21,6.4,-0.75,11.57,72.01,68665,Baixo
2020,7,2020-07-01,Nordeste,PE,GLP,4.8,4.42,5.43,0.1,3.31,91.11,220349,Alto
2020,7,2020-07-01,Nordeste,PE,Diesel,7.0,6.44,7.91,0.06,11.8,65.16,208669,Alto
2020,7,2020-07-01,Nordeste,CE,Gasolina,3.38,3.11,3.82,-1.7,5.8,80.72,88147,Médio
2020,7,2020-07-01,Nordeste,CE,GLP,4.99,4.59,5.64,0.88,3.12,63.24,221158,Baixo
2020,7,2020-07-01,Nordeste,MA,GLP,4.57,4.21,5.17,4.24,4.51,46.08,88906,Crítico
2020,7,2020-07-01,Nordeste,PB,Diesel,3.99,3.67,4.51,-0.55,5.24,73.67,155028,Baixo
2020,7,2020-07-01,Centro-Oeste,DF,GNV,5.29,4.87,5.98,-4.82,11.99,101.31,142360,Baixo
2020,7,2020-07-01,Centro-Oeste,GO,GLP,3.95,3.63,4.46,-4.31,10.23,71.08,31253,Médio
2020,7,2020-07-01,Centro-Oeste,GO,Etanol,4.42,4.06,4.99,3.24,7.93,65.57,105351,Baixo
2020,7,2020-07-01,Centro-Oeste,MT,Gasolina,7.75,7.13,8.76,0.37,4.11,109.06,38145,Baixo
2020,7,2020-07-01,Centro-Oeste,MS,Gasolina,7.67,7.06,8.67,-0.8,8.17,72.54,225762,Alto
2020,7,2020-07-01,Sudeste,SP,Etanol,6.24,5.74,7.05,1.79,5.33,82.06,200218,Alto
2020,7,2020-07-01,Sudeste,SP,Diesel,4.29,3.94,4.84,5.24,2.99,79.99,160073,Médio
2020,7,2020-07-01,Sudeste,SP,Diesel,3.53,3.24,3.98,5.1,10.09,109.77,160166,Médio
2020,7,2020-07-01,Sudeste,RJ,Gasolina,3.09,2.84,3.49,-0.45,4.94,47.75,105345,Baixo
2020,7,2020-07-01,Sudeste,RJ,Diesel,3.41,3.14,3.85,2.02,5.91,91.32,134473,Médio
2020,7,2020-07-01,Sudeste,RJ,GLP,7.74,7.12,8.74,-6.24,11.05,77.95,28229,Alto
2020,7,2020-07-01,Sudeste,RJ,Diesel,7.91,7.28,8.94,3.23,9.65,46.34,90294,Crítico
2020,7,2020-07-01,Sudeste,MG,Gasolina,3.48,3.2,3.93,-4.39,7.38,79.84,177185,Alto
2020,7,2020-07-01,Sudeste,MG,Diesel,5.41,4.98,6.11,0.24,9.34,104.32,66968,Baixo
2020,7,2020-07-01,Sudeste,MG,Etanol,7.0,6.44,7.91,-7.61,10.54,67.61,41639,Crítico
2020,7,2020-07-01,Sudeste,ES,GLP,7.74,7.12,8.74,1.46,11.93,101.56,222577,Médio
2020,7,2020-07-01,Sudeste,ES,Gasolina,4.79,4.4,5.41,-1.76,5.62,99.27,84525,Crítico
2020,7,2020-07-01,Sudeste,ES,GNV,5.26,4.84,5.95,6.66,4.8,96.4,35548,Alto
2020,7,2020-07-01,Sul,PR,Etanol,7.77,7.15,8.78,-0.82,5.5,74.26,80539,Alto
2020,7,2020-07-01,Sul,PR,GLP,6.82,6.27,7.7,4.79,4.76,49.69,246663,Alto
2020,7,2020-07-01,Sul,SC,Diesel,7.41,6.82,8.38,1.68,9.58,84.22,210738,Crítico
2020,7,2020-07-01,Sul,SC,Diesel,5.95,5.47,6.72,-1.47,7.63,86.51,28347,Baixo
2020,7,2020-07-01,Sul,RS,GNV,4.28,3.94,4.83,10.45,11.21,76.88,23088,Crítico
2020,7,2020-07-01,Sul,RS,Etanol,7.44,6.85,8.41,-6.11,6.79,64.95,176876,Crítico
2020,8,2020-08-01,Norte,AM,Gasolina,4.68,4.31,5.29,2.21,8.69,69.56,170279,Baixo
2020,8,2020-08-01,Norte,PA,Gasolina,4.37,4.02,4.94,-6.45,5.25,72.31,234156,Crítico
2020,8,2020-08-01,Norte,PA,GLP,3.25,2.99,3.68,6.29,9.85,45.13,237138,Médio
2020,8,2020-08-01,Norte,RO,Gasolina,4.1,3.77,4.63,3.36,5.72,88.09,17745,Baixo
2020,8,2020-08-01,Norte,TO,GLP,3.95,3.64,4.47,-2.76,5.0,65.57,181254,Médio
2020,8,2020-08-01,Nordeste,BA,GNV,6.35,5.84,7.18,3.82,6.61,49.93,131340,Crítico
2020,8,2020-08-01,Nordeste,BA,Diesel,5.33,4.91,6.03,5.75,10.31,59.64,197898,Alto
2020,8,2020-08-01,Nordeste,PE,Etanol,7.78,7.16,8.79,-7.3,7.29,84.66,95707,Alto
2020,8,2020-08-01,Nordeste,PE,Diesel,5.3,4.88,5.99,-7.18,4.0,56.98,177722,Crítico
2020,8,2020-08-01,Nordeste,CE,Gasolina,7.59,6.99,8.58,2.02,11.85,106.57,111864,Baixo
2020,8,2020-08-01,Nordeste,CE,GNV,5.05,4.65,5.71,7.05,8.35,109.69,171642,Alto
2020,8,2020-08-01,Nordeste,MA,Diesel,4.36,4.01,4.93,-6.43,8.29,58.52,34995,Baixo
2020,8,2020-08-01,Nordeste,PB,Etanol,5.64,5.19,6.37,-4.68,8.17,59.04,241953,Médio
2020,8,2020-08-01,Centro-Oeste,DF,GLP,7.76,7.14,8.76,-1.31,5.08,75.03,62803,Médio
2020,8,2020-08-01,Centro-Oeste,GO,GLP,6.32,5.81,7.14,1.55,7.6,106.31,125052,Crítico
2020,8,2020-08-01,Centro-Oeste,GO,GLP,5.44,5.0,6.15,6.74,9.71,101.06,8279,Crítico
2020,8,2020-08-01,Centro-Oeste,MT,GNV,5.83,5.36,6.58,4.64,11.86,94.24,119013,Crítico
2020,8,2020-08-01,Centro-Oeste,MS,GLP,3.67,3.38,4.15,-0.92,5.64,49.1,68911,Baixo
2020,8,2020-08-01,Sudeste,SP,Etanol,5.58,5.14,6.31,2.66,5.1,99.64,180224,Médio
2020,8,2020-08-01,Sudeste,SP,Etanol,3.65,3.35,4.12,-0.5,10.5,72.24,150985,Crítico
2020,8,2020-08-01,Sudeste,SP,Diesel,3.61,3.32,4.08,1.32,7.02,102.82,123585,Baixo
2020,8,2020-08-01,Sudeste,RJ,Gasolina,5.47,5.03,6.18,-0.99,3.33,62.57,131410,Baixo
2020,8,2020-08-01,Sudeste,RJ,GLP,7.71,7.09,8.71,6.56,3.08,93.36,125265,Médio
2020,8,2020-08-01,Sudeste,RJ,GLP,5.98,5.5,6.76,3.46,11.52,85.54,190156,Crítico
2020,8,2020-08-01,Sudeste,RJ,GLP,4.61,4.24,5.21,5.82,8.03,97.56,108303,Alto
2020,8,2020-08-01,Sudeste,MG,Diesel,6.38,5.87,7.21,-3.97,10.17,47.75,153438,Alto
2020,8,2020-08-01,Sudeste,MG,GLP,3.44,3.16,3.88,-0.07,9.04,76.81,171753,Alto
2020,8,2020-08-01,Sudeste,MG,Gasolina,7.44,6.84,8.41,-2.56,5.88,89.15,132058,Alto
2020,8,2020-08-01,Sudeste,ES,Diesel,7.51,6.91,8.49,1.38,10.54,74.25,240098,Crítico
2020,8,2020-08-01,Sudeste,ES,Diesel,4.91,4.52,5.55,4.2,8.83,100.02,12808,Alto
2020,8,2020-08-01,Sudeste,ES,GNV,4.71,4.34,5.33,-4.39,8.03,76.89,37859,Crítico
2020,8,2020-08-01,Sul,PR,GNV,4.24,3.9,4.79,7.07,2.64,101.95,184743,Crítico
2020,8,2020-08-01,Sul,PR,GLP,3.98,3.67,4.5,-2.79,7.56,62.08,213260,Baixo
2020,8,2020-08-01,Sul,SC,Etanol,4.12,3.79,4.66,1.09,7.27,107.0,168678,Alto
2020,8,2020-08-01,Sul,SC,Gasolina,5.39,4.96,6.09,0.31,3.45,96.44,16483,Crítico
2020,8,2020-08-01,Sul,RS,Gasolina,3.81,3.51,4.31,-3.51,10.56,46.88,198024,Baixo
2020,8,2020-08-01,Sul,RS,Etanol,3.96,3.64,4.48,-3.96,11.08,89.46,87247,Médio
2020,9,2020-09-01,Norte,AM,Diesel,4.21,3.88,4.76,3.61,4.19,93.12,148702,Crítico
2020,9,2020-09-01,Norte,PA,GLP,4.92,4.52,5.56,-7.43,6.48,105.19,239656,Crítico
2020,9,2020-09-01,Norte,PA,GNV,5.33,4.91,6.03,-1.61,4.01,87.03,182608,Médio
2020,9,2020-09-01,Norte,RO,GNV,3.36,3.09,3.79,-1.53,2.93,80.85,237597,Alto
2020,9,2020-09-01,Norte,TO,Etanol,6.29,5.78,7.1,1.16,5.85,94.15,120318,Crítico
2020,9,2020-09-01,Nordeste,BA,Gasolina,6.1,5.61,6.89,-5.83,8.12,64.46,88720,Alto
2020,9,2020-09-01,Nordeste,BA,Diesel,3.95,3.64,4.47,-2.34,4.86,59.03,15431,Crítico
2020,9,2020-09-01,Nordeste,PE,GLP,7.17,6.6,8.1,4.14,3.26,47.01,18056,Baixo
2020,9,2020-09-01,Nordeste,PE,GLP,6.87,6.32,7.77,0.21,9.53,108.75,145278,Alto
2020,9,2020-09-01,Nordeste,CE,Etanol,6.44,5.92,7.28,3.96,5.23,58.03,213758,Médio
2020,9,2020-09-01,Nordeste,CE,Etanol,7.22,6.65,8.16,5.39,9.48,92.51,141481,Alto
2020,9,2020-09-01,Nordeste,MA,Gasolina,5.67,5.21,6.4,1.67,4.65,104.96,11873,Alto
2020,9,2020-09-01,Nordeste,PB,Diesel,6.14,5.65,6.94,0.34,7.6,85.98,41552,Baixo
2020,9,2020-09-01,Centro-Oeste,DF,Diesel,5.88,5.41,6.64,0.23,5.51,72.01,124785,Alto
2020,9,2020-09-01,Centro-Oeste,GO,GLP,5.77,5.31,6.52,4.04,9.17,51.08,25445,Crítico
2020,9,2020-09-01,Centro-Oeste,GO,GNV,6.29,5.79,7.11,3.47,3.49,56.49,170190,Crítico
2020,9,2020-09-01,Centro-Oeste,MT,GLP,5.94,5.46,6.71,1.76,11.78,48.91,237623,Crítico
2020,9,2020-09-01,Centro-Oeste,MS,Gasolina,3.41,3.13,3.85,1.2,10.59,100.46,167405,Médio
2020,9,2020-09-01,Sudeste,SP,GNV,3.86,3.55,4.36,5.07,5.84,102.97,85795,Baixo
2020,9,2020-09-01,Sudeste,SP,Diesel,7.73,7.11,8.73,-2.09,5.01,107.51,205500,Alto
2020,9,2020-09-01,Sudeste,SP,GNV,4.13,3.8,4.66,2.08,10.99,93.34,17169,Médio
2020,9,2020-09-01,Sudeste,RJ,Etanol,4.43,4.07,5.0,2.67,3.35,91.32,234083,Crítico
2020,9,2020-09-01,Sudeste,RJ,Gasolina,4.03,3.71,4.56,4.23,9.85,63.12,37743,Crítico
2020,9,2020-09-01,Sudeste,RJ,Gasolina,3.34,3.07,3.77,-1.82,9.78,70.85,149442,Alto
2020,9,2020-09-01,Sudeste,RJ,GNV,3.88,3.57,4.39,6.93,3.92,68.07,153591,Baixo
2020,9,2020-09-01,Sudeste,MG,Diesel,5.76,5.3,6.51,-1.72,4.07,58.76,228266,Médio
2020,9,2020-09-01,Sudeste,MG,GLP,5.41,4.98,6.11,5.85,5.53,60.38,218379,Crítico
2020,9,2020-09-01,Sudeste,MG,Gasolina,3.35,3.08,3.79,4.03,8.12,74.04,129114,Alto
2020,9,2020-09-01,Sudeste,ES,Etanol,4.35,4.0,4.92,2.15,8.34,91.92,55200,Crítico
2020,9,2020-09-01,Sudeste,ES,GLP,7.17,6.6,8.1,-0.13,5.87,100.38,151096,Alto
2020,9,2020-09-01,Sudeste,ES,GNV,4.34,3.99,4.91,-4.72,9.92,49.25,43559,Baixo
2020,9,2020-09-01,Sul,PR,GLP,5.84,5.38,6.6,-2.76,4.04,52.06,244336,Médio
2020,9,2020-09-01,Sul,PR,Diesel,5.66,5.21,6.4,-1.43,6.54,55.64,138956,Crítico
2020,9,2020-09-01,Sul,SC,Diesel,4.29,3.95,4.85,1.16,10.02,72.4,122839,Crítico
2020,9,2020-09-01,Sul,SC,Diesel,3.25,2.99,3.67,0.97,11.7,45.95,49679,Médio
2020,9,2020-09-01,Sul,RS,Etanol,3.69,3.4,4.17,3.23,4.43,53.68,172384,Médio
2020,9,2020-09-01,Sul,RS,GLP,7.4,6.81,8.37,2.47,9.88,51.96,89984,Alto
2020,10,2020-10-01,Norte,AM,Gasolina,7.44,6.85,8.41,-0.21,2.71,94.59,31161,Alto
2020,10,2020-10-01,Norte,PA,Diesel,6.96,6.4,7.86,2.34,3.47,74.85,86607,Alto
2020,10,2020-10-01,Norte,PA,GNV,6.11,5.62,6.9,11.81,5.83,76.28,247879,Alto
2020,10,2020-10-01,Norte,RO,Gasolina,7.88,7.25,8.9,-1.25,8.2,57.45,55531,Baixo
2020,10,2020-10-01,Norte,TO,GNV,3.34,3.07,3.77,-0.39,11.28,94.72,71478,Alto
2020,10,2020-10-01,Nordeste,BA,GNV,5.86,5.39,6.62,-3.13,11.38,73.18,48676,Médio
2020,10,2020-10-01,Nordeste,BA,Etanol,6.77,6.23,7.65,7.5,6.08,82.14,178801,Alto
2020,10,2020-10-01,Nordeste,PE,Gasolina,6.12,5.63,6.92,-5.36,7.38,92.56,122358,Médio
2020,10,2020-10-01,Nordeste,PE,GLP,7.18,6.61,8.12,-1.55,11.64,60.29,243103,Alto
2020,10,2020-10-01,Nordeste,CE,GLP,5.91,5.43,6.68,-9.81,6.27,53.26,81940,Baixo
2020,10,2020-10-01,Nordeste,CE,Gasolina,7.08,6.52,8.0,-2.18,2.09,83.7,48529,Crítico
2020,10,2020-10-01,Nordeste,MA,GLP,5.88,5.41,6.64,1.04,5.82,92.33,92435,Médio
2020,10,2020-10-01,Nordeste,PB,GNV,7.22,6.64,8.15,2.08,3.62,58.41,128708,Médio
2020,10,2020-10-01,Centro-Oeste,DF,Gasolina,4.05,3.73,4.58,5.45,11.01,98.5,96550,Crítico
2020,10,2020-10-01,Centro-Oeste,GO,GLP,6.03,5.55,6.81,-0.0,9.78,107.21,155633,Médio
2020,10,2020-10-01,Centro-Oeste,GO,Etanol,5.17,4.76,5.85,-2.0,6.13,96.05,9263,Baixo
2020,10,2020-10-01,Centro-Oeste,MT,Etanol,3.59,3.3,4.06,1.84,9.07,45.03,187343,Alto
2020,10,2020-10-01,Centro-Oeste,MS,Etanol,4.37,4.02,4.94,-2.67,10.47,102.14,195710,Crítico
2020,10,2020-10-01,Sudeste,SP,Gasolina,6.17,5.67,6.97,4.43,6.05,53.57,156842,Crítico
2020,10,2020-10-01,Sudeste,SP,Gasolina,5.19,4.78,5.87,1.62,3.0,97.46,5572,Médio
2020,10,2020-10-01,Sudeste,SP,Etanol,5.08,4.67,5.74,0.26,4.06,69.7,134896,Baixo
2020,10,2020-10-01,Sudeste,RJ,GNV,5.69,5.24,6.43,-0.88,11.72,79.57,228950,Crítico
2020,10,2020-10-01,Sudeste,RJ,GNV,6.22,5.73,7.03,-7.5,2.29,70.3,167160,Médio
2020,10,2020-10-01,Sudeste,RJ,Diesel,5.75,5.29,6.5,-0.9,6.01,94.2,73091,Médio
2020,10,2020-10-01,Sudeste,RJ,Etanol,6.87,6.32,7.76,-0.79,11.77,54.73,211374,Crítico
2020,10,2020-10-01,Sudeste,MG,Etanol,7.34,6.75,8.29,1.31,10.52,80.61,184053,Médio
2020,10,2020-10-01,Sudeste,MG,GLP,7.75,7.13,8.76,1.96,9.61,98.1,72005,Alto
2020,10,2020-10-01,Sudeste,MG,Gasolina,3.37,3.1,3.8,0.53,11.23,101.72,54316,Médio
2020,10,2020-10-01,Sudeste,ES,GLP,7.57,6.96,8.55,2.96,6.11,62.13,142177,Alto
2020,10,2020-10-01,Sudeste,ES,Diesel,6.79,6.25,7.67,0.33,10.0,83.95,244955,Médio
2020,10,2020-10-01,Sudeste,ES,GLP,6.5,5.98,7.34,0.55,6.14,53.73,249428,Crítico
2020,10,2020-10-01,Sul,PR,Diesel,4.01,3.68,4.53,4.49,5.66,54.18,118134,Baixo
2020,10,2020-10-01,Sul,PR,GLP,3.25,2.99,3.68,4.61,6.18,105.08,240009,Crítico
2020,10,2020-10-01,Sul,SC,GLP,4.12,3.79,4.65,3.03,2.76,82.18,230372,Médio
2020,10,2020-10-01,Sul,SC,Etanol,6.32,5.81,7.14,6.29,7.51,102.47,8083,Baixo
2020,10,2020-10-01,Sul,RS,Gasolina,7.7,7.08,8.7,-1.97,10.09,78.5,220942,Alto
2020,10,2020-10-01,Sul,RS,Gasolina,4.59,4.22,5.18,3.1,8.77,63.37,249093,Crítico
2020,11,2020-11-01,Norte,AM,GNV,7.01,6.45,7.92,4.4,7.97,80.87,248801,Médio
2020,11,2020-11-01,Norte,PA,GLP,4.71,4.33,5.32,0.9,7.56,46.31,19960,Baixo
2020,11,2020-11-01,Norte,PA,Diesel,4.13,3.8,4.67,-5.5,10.46,100.5,80745,Crítico
2020,11,2020-11-01,Norte,RO,Etanol,6.6,6.07,7.46,2.54,10.61,60.67,146640,Baixo
2020,11,2020-11-01,Norte,TO,Diesel,7.76,7.14,8.77,-0.88,6.08,80.15,90709,Alto
2020,11,2020-11-01,Nordeste,BA,Diesel,3.87,3.56,4.37,2.43,5.2,58.53,138059,Médio
2020,11,2020-11-01,Nordeste,BA,GNV,4.99,4.59,5.64,6.09,7.39,81.23,172430,Alto
2020,11,2020-11-01,Nordeste,PE,Diesel,6.9,6.35,7.8,1.67,9.22,90.46,93514,Médio
2020,11,2020-11-01,Nordeste,PE,Diesel,3.83,3.53,4.33,0.23,10.58,86.71,101703,Alto
2020,11,2020-11-01,Nordeste,CE,Gasolina,6.18,5.69,6.99,-3.0,3.99,63.95,208271,Crítico
2020,11,2020-11-01,Nordeste,CE,GLP,6.26,5.76,7.07,2.42,8.36,86.64,111292,Alto
2020,11,2020-11-01,Nordeste,MA,GNV,3.2,2.94,3.61,-1.62,6.42,64.07,6988,Crítico
2020,11,2020-11-01,Nordeste,PB,Diesel,5.11,4.7,5.78,2.06,10.58,74.38,150286,Médio
2020,11,2020-11-01,Centro-Oeste,DF,Diesel,4.84,4.45,5.47,0.08,10.42,51.1,18456,Baixo
2020,11,2020-11-01,Centro-Oeste,GO,GNV,5.12,4.71,5.78,-6.71,2.14,105.77,60730,Crítico
2020,11,2020-11-01,Centro-Oeste,GO,GLP,4.38,4.03,4.95,-7.57,9.38,81.78,49961,Alto
2020,11,2020-11-01,Centro-Oeste,MT,GLP,7.4,6.81,8.36,7.24,7.32,48.41,165304,Médio
2020,11,2020-11-01,Centro-Oeste,MS,GNV,5.02,4.62,5.67,-0.4,2.06,81.01,58750,Baixo
2020,11,2020-11-01,Sudeste,SP,GLP,5.05,4.65,5.71,-2.72,2.45,52.27,127054,Médio
2020,11,2020-11-01,Sudeste,SP,Gasolina,6.7,6.17,7.57,-7.54,9.36,83.49,191283,Alto
2020,11,2020-11-01,Sudeste,SP,Etanol,4.44,4.08,5.02,3.57,11.61,58.26,95082,Médio
2020,11,2020-11-01,Sudeste,RJ,GLP,7.23,6.65,8.17,-0.46,2.58,89.87,171770,Alto
2020,11,2020-11-01,Sudeste,RJ,GNV,6.97,6.41,7.88,-5.44,5.99,74.39,231407,Baixo
2020,11,2020-11-01,Sudeste,RJ,Etanol,4.24,3.9,4.8,-6.99,8.98,61.1,60268,Crítico
2020,11,2020-11-01,Sudeste,RJ,GLP,7.69,7.07,8.69,-4.59,9.68,67.69,78360,Alto
2020,11,2020-11-01,Sudeste,MG,GLP,4.12,3.79,4.65,0.8,5.42,68.36,241218,Baixo
2020,11,2020-11-01,Sudeste,MG,Gasolina,3.42,3.15,3.87,4.85,8.82,89.94,131992,Baixo
2020,11,2020-11-01,Sudeste,MG,Diesel,4.53,4.17,5.12,-0.44,6.17,73.22,97855,Baixo
2020,11,2020-11-01,Sudeste,ES,GLP,4.03,3.71,4.55,-2.59,11.35,59.99,243750,Médio
2020,11,2020-11-01,Sudeste,ES,Gasolina,3.02,2.78,3.41,-2.8,2.28,73.81,241679,Baixo
2020,11,2020-11-01,Sudeste,ES,Gasolina,7.91,7.28,8.94,0.5,11.06,49.28,83104,Baixo
2020,11,2020-11-01,Sul,PR,Gasolina,3.34,3.08,3.78,3.49,6.56,82.93,215879,Alto
2020,11,2020-11-01,Sul,PR,Gasolina,7.13,6.56,8.06,-4.08,10.59,87.92,113093,Crítico
2020,11,2020-11-01,Sul,SC,Gasolina,7.31,6.72,8.26,0.52,8.41,66.08,183645,Crítico
2020,11,2020-11-01,Sul,SC,GLP,3.07,2.83,3.47,-2.23,3.13,84.32,132752,Alto
2020,11,2020-11-01,Sul,RS,Diesel,6.22,5.72,7.03,-0.76,9.01,99.39,38668,Crítico
2020,11,2020-11-01,Sul,RS,Gasolina,7.57,6.97,8.56,1.12,8.15,62.78,113067,Crítico
2020,12,2020-12-01,Norte,AM,GNV,4.59,4.22,5.18,0.43,8.29,54.46,77720,Crítico
2020,12,2020-12-01,Norte,PA,GLP,7.82,7.19,8.83,5.06,8.58,98.57,15109,Médio
2020,12,2020-12-01,Norte,PA,Gasolina,4.58,4.21,5.17,2.96,10.17,62.44,220027,Baixo
2020,12,2020-12-01,Norte,RO,Etanol,7.51,6.91,8.48,1.61,4.26,68.6,208772,Crítico
2020,12,2020-12-01,Norte,TO,GLP,6.51,5.99,7.35,-0.22,8.05,62.42,45424,Baixo
2020,12,2020-12-01,Nordeste,BA,GNV,7.26,6.68,8.2,1.18,2.31,91.26,26196,Alto
2020,12,2020-12-01,Nordeste,BA,Gasolina,3.27,3.01,3.69,2.18,10.11,85.22,127375,Crítico
2020,12,2020-12-01,Nordeste,PE,GNV,7.54,6.93,8.52,-0.54,11.86,58.1,149155,Alto
2020,12,2020-12-01,Nordeste,PE,Etanol,7.16,6.58,8.09,-0.02,8.65,52.33,56755,Alto
2020,12,2020-12-01,Nordeste,CE,Diesel,3.49,3.21,3.94,-2.9,8.46,88.63,40491,Baixo
2020,12,2020-12-01,Nordeste,CE,Gasolina,4.35,4.0,4.91,-2.14,3.27,67.03,88064,Alto
2020,12,2020-12-01,Nordeste,MA,Etanol,7.25,6.67,8.19,-2.67,10.91,98.69,145825,Médio
2020,12,2020-12-01,Nordeste,PB,GLP,7.39,6.8,8.36,2.6,6.46,93.38,232566,Baixo
2020,12,2020-12-01,Centro-Oeste,DF,GLP,7.56,6.96,8.54,2.81,2.47,81.47,37068,Alto
2020,12,2020-12-01,Centro-Oeste,GO,GLP,3.08,2.84,3.49,3.24,11.85,66.9,66615,Baixo
2020,12,2020-12-01,Centro-Oeste,GO,Diesel,4.82,4.43,5.45,-0.54,2.77,61.37,238839,Médio
2020,12,2020-12-01,Centro-Oeste,MT,GLP,4.67,4.29,5.27,1.7,6.64,79.08,134321,Médio
2020,12,2020-12-01,Centro-Oeste,MS,GLP,5.73,5.27,6.47,-5.01,3.86,86.35,42759,Alto
2020,12,2020-12-01,Sudeste,SP,Etanol,4.4,4.04,4.97,-7.99,8.42,79.33,94366,Baixo
2020,12,2020-12-01,Sudeste,SP,Diesel,5.81,5.35,6.57,2.01,11.55,87.1,126647,Baixo
2020,12,2020-12-01,Sudeste,SP,Etanol,7.77,7.15,8.78,6.21,8.53,45.36,199223,Baixo
2020,12,2020-12-01,Sudeste,RJ,Gasolina,5.45,5.01,6.16,-0.92,5.52,88.65,40313,Médio
2020,12,2020-12-01,Sudeste,RJ,Etanol,3.68,3.39,4.16,-7.17,7.18,79.52,67745,Médio
2020,12,2020-12-01,Sudeste,RJ,GLP,4.65,4.28,5.26,-3.14,2.65,74.29,66329,Baixo
2020,12,2020-12-01,Sudeste,RJ,Gasolina,5.32,4.89,6.01,0.19,7.22,70.99,56431,Baixo
2020,12,2020-12-01,Sudeste,MG,Diesel,4.8,4.41,5.42,1.53,5.88,93.84,26184,Médio
2020,12,2020-12-01,Sudeste,MG,GLP,3.88,3.57,4.38,-4.03,5.1,52.05,150937,Crítico
2020,12,2020-12-01,Sudeste,MG,GLP,5.29,4.86,5.98,0.51,9.48,56.96,240558,Alto
2020,12,2020-12-01,Sudeste,ES,Etanol,4.05,3.73,4.58,-3.33,5.6,77.85,207892,Alto
2020,12,2020-12-01,Sudeste,ES,GLP,3.98,3.66,4.5,-0.41,4.54,54.84,215692,Médio
2020,12,2020-12-01,Sudeste,ES,Gasolina,5.1,4.69,5.76,-2.36,10.19,94.42,99473,Médio
2020,12,2020-12-01,Sul,PR,Diesel,3.76,3.46,4.25,3.31,2.29,75.45,63753,Crítico
2020,12,2020-12-01,Sul,PR,Gasolina,7.57,6.96,8.55,-5.42,5.11,88.18,110439,Alto
2020,12,2020-12-01,Sul,SC,Diesel,3.41,3.14,3.85,-2.76,11.98,85.8,7435,Baixo
2020,12,2020-12-01,Sul,SC,Gasolina,3.5,3.22,3.96,-3.16,7.41,69.41,153262,Alto
2020,12,2020-12-01,Sul,RS,Etanol,6.74,6.2,7.61,-0.83,10.81,71.55,126825,Médio
2020,12,2020-12-01,Sul,RS,Etanol,6.13,5.64,6.93,4.56,9.21,89.64,242757,Crítico
2021,1,2021-01-01,Norte,AM,GLP,3.06,2.81,3.45,4.4,3.83,81.01,8388,Alto
2021,1,2021-01-01,Norte,PA,Diesel,5.44,5.0,6.14,-3.01,3.5,58.93,150262,Alto
2021,1,2021-01-01,Norte,PA,Gasolina,5.26,4.84,5.94,-9.6,4.41,55.86,177363,Crítico
2021,1,2021-01-01,Norte,RO,GNV,7.7,7.08,8.7,3.33,8.98,87.45,206282,Crítico
2021,1,2021-01-01,Norte,TO,Etanol,7.48,6.89,8.46,5.23,11.15,91.77,154988,Baixo
2021,1,2021-01-01,Nordeste,BA,Gasolina,4.46,4.1,5.04,-1.21,4.78,65.33,129312,Baixo
2021,1,2021-01-01,Nordeste,BA,Gasolina,7.72,7.1,8.72,-8.21,3.85,109.09,217042,Médio
2021,1,2021-01-01,Nordeste,PE,Diesel,5.11,4.7,5.77,5.94,11.51,79.55,153056,Médio
2021,1,2021-01-01,Nordeste,PE,GNV,6.2,5.7,7.0,4.28,7.18,53.33,86975,Crítico
2021,1,2021-01-01,Nordeste,CE,GLP,5.73,5.27,6.48,3.37,10.18,74.49,248636,Crítico
2021,1,2021-01-01,Nordeste,CE,Diesel,7.37,6.78,8.32,-5.03,5.45,49.57,222738,Alto
2021,1,2021-01-01,Nordeste,MA,Gasolina,7.29,6.7,8.23,-0.94,9.86,64.77,188693,Baixo
2021,1,2021-01-01,Nordeste,PB,GLP,7.64,7.03,8.64,-3.23,10.48,46.05,116116,Crítico
2021,1,2021-01-01,Centro-Oeste,DF,Etanol,4.16,3.83,4.7,-2.68,8.41,95.37,12468,Médio
2021,1,2021-01-01,Centro-Oeste,GO,GLP,6.74,6.2,7.62,4.68,3.88,70.82,115880,Baixo
2021,1,2021-01-01,Centro-Oeste,GO,Etanol,7.64,7.03,8.63,-3.63,8.88,99.53,108296,Alto
2021,1,2021-01-01,Centro-Oeste,MT,Gasolina,4.38,4.03,4.95,2.63,10.97,61.31,40268,Crítico
2021,1,2021-01-01,Centro-Oeste,MS,Etanol,3.92,3.6,4.42,5.33,3.58,88.19,179365,Crítico
2021,1,2021-01-01,Sudeste,SP,Gasolina,4.8,4.42,5.43,-0.56,2.76,61.18,76137,Crítico
2021,1,2021-01-01,Sudeste,SP,GLP,6.73,6.19,7.61,3.94,3.29,66.65,184468,Crítico
2021,1,2021-01-01,Sudeste,SP,GLP,4.77,4.39,5.39,-2.87,11.09,92.76,221279,Baixo
2021,1,2021-01-01,Sudeste,RJ,GNV,7.74,7.12,8.75,-1.42,2.01,89.59,33160,Médio
2021,1,2021-01-01,Sudeste,RJ,GLP,6.28,5.78,7.1,-3.39,2.67,86.84,232905,Alto
2021,1,2021-01-01,Sudeste,RJ,GLP,6.94,6.39,7.85,-3.39,10.81,69.43,33951,Médio
2021,1,2021-01-01,Sudeste,RJ,Gasolina,3.27,3.0,3.69,0.79,4.44,64.08,144985,Alto
2021,1,2021-01-01,Sudeste,MG,Diesel,4.01,3.69,4.53,3.48,10.36,97.87,206073,Médio
2021,1,2021-01-01,Sudeste,MG,Gasolina,5.53,5.09,6.25,2.56,3.11,45.17,208372,Alto
2021,1,2021-01-01,Sudeste,MG,GLP,4.19,3.85,4.73,6.73,8.02,88.5,246998,Médio
2021,1,2021-01-01,Sudeste,ES,GLP,3.4,3.13,3.84,4.28,9.43,86.9,145689,Alto
2021,1,2021-01-01,Sudeste,ES,Diesel,7.93,7.3,8.96,-0.25,6.72,64.64,148772,Alto
2021,1,2021-01-01,Sudeste,ES,Etanol,7.97,7.33,9.0,0.16,11.34,52.94,239377,Crítico
2021,1,2021-01-01,Sul,PR,GNV,7.12,6.55,8.04,3.79,6.52,89.44,228460,Médio
2021,1,2021-01-01,Sul,PR,Gasolina,7.25,6.67,8.2,3.62,10.33,55.6,212807,Crítico
2021,1,2021-01-01,Sul,SC,Etanol,7.61,7.0,8.6,0.22,9.2,70.59,82471,Crítico
2021,1,2021-01-01,Sul,SC,GNV,7.06,6.49,7.98,-1.82,11.53,61.8,204242,Médio
2021,1,2021-01-01,Sul,RS,GLP,3.61,3.32,4.08,2.96,5.73,69.47,58182,Médio
2021,1,2021-01-01,Sul,RS,GLP,4.09,3.76,4.62,-0.54,7.56,95.22,230982,Crítico
2021,2,2021-02-01,Norte,AM,Diesel,7.37,6.78,8.33,9.4,9.21,52.77,237273,Alto
2021,2,2021-02-01,Norte,PA,Gasolina,7.24,6.66,8.18,3.47,3.63,104.05,168316,Médio
2021,2,2021-02-01,Norte,PA,Diesel,5.02,4.62,5.67,6.52,7.17,56.67,39047,Alto
2021,2,2021-02-01,Norte,RO,Gasolina,7.62,7.01,8.61,5.76,7.24,90.92,151638,Crítico
2021,2,2021-02-01,Norte,TO,Gasolina,7.53,6.93,8.51,4.41,3.6,49.13,21224,Alto
2021,2,2021-02-01,Nordeste,BA,Diesel,5.14,4.73,5.81,7.19,6.81,93.03,96867,Alto
2021,2,2021-02-01,Nordeste,BA,GLP,3.15,2.9,3.56,-0.57,5.14,58.16,78370,Baixo
2021,2,2021-02-01,Nordeste,PE,Gasolina,6.32,5.81,7.14,-1.0,4.84,85.3,52612,Médio
2021,2,2021-02-01,Nordeste,PE,GLP,3.93,3.62,4.45,-2.18,4.59,47.06,16251,Crítico
2021,2,2021-02-01,Nordeste,CE,GLP,7.07,6.51,7.99,2.43,8.69,71.27,12981,Crítico
2021,2,2021-02-01,Nordeste,CE,GNV,6.21,5.72,7.02,-1.35,9.41,107.41,62451,Médio
2021,2,2021-02-01,Nordeste,MA,Diesel,7.68,7.07,8.68,0.21,2.52,61.05,187931,Crítico
2021,2,2021-02-01,Nordeste,PB,GNV,7.59,6.98,8.58,-3.05,4.67,99.2,148123,Alto
2021,2,2021-02-01,Centro-Oeste,DF,GLP,4.05,3.73,4.58,2.4,5.65,107.78,39047,Crítico
2021,2,2021-02-01,Centro-Oeste,GO,GNV,3.34,3.07,3.77,0.2,5.67,97.5,42492,Crítico
2021,2,2021-02-01,Centro-Oeste,GO,Gasolina,4.29,3.95,4.85,-2.53,5.1,61.15,169246,Alto
2021,2,2021-02-01,Centro-Oeste,MT,Etanol,6.32,5.81,7.14,2.82,2.81,52.15,39840,Alto
2021,2,2021-02-01,Centro-Oeste,MS,Diesel,3.07,2.83,3.47,-2.62,8.42,50.59,201086,Crítico
2021,2,2021-02-01,Sudeste,SP,Diesel,7.67,7.06,8.67,1.79,5.34,48.29,135291,Médio
2021,2,2021-02-01,Sudeste,SP,GNV,6.3,5.8,7.12,0.48,4.45,51.83,64992,Baixo
2021,2,2021-02-01,Sudeste,SP,Diesel,7.17,6.6,8.1,-2.72,6.28,66.89,96967,Alto
2021,2,2021-02-01,Sudeste,RJ,GNV,7.55,6.95,8.54,-5.3,6.96,95.03,213364,Crítico
2021,2,2021-02-01,Sudeste,RJ,Gasolina,3.36,3.09,3.8,3.28,6.82,73.41,51306,Alto
2021,2,2021-02-01,Sudeste,RJ,Diesel,4.02,3.7,4.55,6.91,10.18,88.69,129591,Crítico
2021,2,2021-02-01,Sudeste,RJ,Diesel,7.02,6.46,7.93,3.91,3.88,82.77,144060,Baixo
2021,2,2021-02-01,Sudeste,MG,Gasolina,7.12,6.55,8.04,0.85,10.21,107.98,174288,Médio
2021,2,2021-02-01,Sudeste,MG,GNV,4.83,4.44,5.45,-1.95,11.84,54.21,18067,Alto
2021,2,2021-02-01,Sudeste,MG,GLP,7.49,6.89,8.46,0.22,10.38,53.27,35349,Baixo
2021,2,2021-02-01,Sudeste,ES,GNV,3.74,3.44,4.23,-1.32,5.26,60.03,14790,Baixo
2021,2,2021-02-01,Sudeste,ES,Etanol,3.38,3.11,3.82,-3.3,2.73,67.02,57585,Médio
2021,2,2021-02-01,Sudeste,ES,Etanol,6.7,6.17,7.57,2.72,9.3,60.67,75476,Crítico
2021,2,2021-02-01,Sul,PR,Diesel,6.36,5.85,7.18,8.38,2.88,97.66,49733,Crítico
2021,2,2021-02-01,Sul,PR,Diesel,3.91,3.59,4.41,-0.01,9.89,75.68,134729,Baixo
2021,2,2021-02-01,Sul,SC,GLP,4.48,4.12,5.07,-0.67,4.62,50.36,107122,Médio
2021,2,2021-02-01,Sul,SC,Etanol,5.56,5.11,6.28,-0.36,4.46,58.26,5995,Baixo
2021,2,2021-02-01,Sul,RS,Diesel,7.6,6.99,8.59,-0.73,10.33,83.21,130214,Médio
2021,2,2021-02-01,Sul,RS,Etanol,6.49,5.97,7.34,5.67,3.49,84.89,214218,Médio
2021,3,2021-03-01,Norte,AM,Etanol,7.38,6.79,8.34,4.06,10.45,101.89,91602,Médio
2021,3,2021-03-01,Norte,PA,Etanol,3.97,3.66,4.49,4.42,5.56,51.1,65886,Médio
2021,3,2021-03-01,Norte,PA,GLP,4.39,4.04,4.96,-2.93,3.96,45.65,77961,Alto
2021,3,2021-03-01,Norte,RO,GLP,6.48,5.96,7.33,0.13,8.47,64.19,115756,Crítico
2021,3,2021-03-01,Norte,TO,GNV,6.67,6.13,7.53,-0.01,4.58,47.62,97897,Crítico
2021,3,2021-03-01,Nordeste,BA,Diesel,5.23,4.81,5.91,2.09,9.74,95.85,27985,Médio
2021,3,2021-03-01,Nordeste,BA,Etanol,6.99,6.43,7.9,2.41,5.09,91.72,203090,Alto
2021,3,2021-03-01,Nordeste,PE,GLP,5.52,5.08,6.24,0.89,2.02,109.7,201788,Alto
2021,3,2021-03-01,Nordeste,PE,Gasolina,3.84,3.53,4.34,7.6,2.76,61.24,79248,Alto
2021,3,2021-03-01,Nordeste,CE,Gasolina,7.31,6.73,8.27,3.52,5.94,66.07,135908,Alto
2021,3,2021-03-01,Nordeste,CE,GLP,4.14,3.81,4.68,-1.27,7.62,94.07,108633,Médio
2021,3,2021-03-01,Nordeste,MA,GLP,3.07,2.82,3.47,-1.86,8.03,48.67,190042,Médio
2021,3,2021-03-01,Nordeste,PB,GNV,3.25,2.99,3.67,-5.96,9.19,76.96,202983,Médio
2021,3,2021-03-01,Centro-Oeste,DF,GNV,3.65,3.35,4.12,6.81,7.88,82.93,62382,Crítico
2021,3,2021-03-01,Centro-Oeste,GO,GLP,4.84,4.45,5.47,-1.75,10.65,52.74,169598,Alto
2021,3,2021-03-01,Centro-Oeste,GO,Diesel,6.66,6.13,7.52,-2.35,6.83,52.48,24790,Baixo
2021,3,2021-03-01,Centro-Oeste,MT,Etanol,5.29,4.87,5.98,-2.3,5.11,72.04,228337,Crítico
2021,3,2021-03-01,Centro-Oeste,MS,GNV,5.86,5.39,6.62,-2.11,2.68,98.91,23526,Médio
2021,3,2021-03-01,Sudeste,SP,GLP,5.67,5.22,6.41,2.72,10.18,67.36,183398,Alto
2021,3,2021-03-01,Sudeste,SP,GLP,3.72,3.42,4.2,2.67,3.06,81.95,231189,Alto
2021,3,2021-03-01,Sudeste,SP,GLP,5.87,5.4,6.63,4.1,3.73,71.98,237838,Baixo
2021,3,2021-03-01,Sudeste,RJ,Gasolina,7.15,6.58,8.08,0.94,4.26,83.42,167732,Médio
2021,3,2021-03-01,Sudeste,RJ,Etanol,7.08,6.52,8.0,7.49,5.62,96.99,179690,Alto
2021,3,2021-03-01,Sudeste,RJ,GNV,4.12,3.79,4.66,-3.28,10.92,46.65,91822,Crítico
2021,3,2021-03-01,Sudeste,RJ,Gasolina,6.28,5.77,7.09,0.45,2.63,51.86,140800,Alto
2021,3,2021-03-01,Sudeste,MG,Etanol,7.85,7.22,8.87,-1.98,3.16,99.22,169391,Crítico
2021,3,2021-03-01,Sudeste,MG,Diesel,3.89,3.58,4.4,1.36,9.54,80.7,65234,Crítico
2021,3,2021-03-01,Sudeste,MG,Diesel,4.27,3.93,4.82,1.63,11.11,68.89,159646,Alto
2021,3,2021-03-01,Sudeste,ES,Gasolina,6.44,5.93,7.28,6.64,8.76,104.43,217294,Crítico
2021,3,2021-03-01,Sudeste,ES,Gasolina,7.32,6.74,8.27,-0.47,2.67,83.17,115348,Crítico
2021,3,2021-03-01,Sudeste,ES,Gasolina,4.3,3.96,4.86,-9.96,10.55,83.31,234415,Alto
2021,3,2021-03-01,Sul,PR,GNV,4.98,4.58,5.63,4.27,9.81,72.43,101483,Alto
2021,3,2021-03-01,Sul,PR,GNV,5.39,4.96,6.09,6.06,11.42,89.32,157379,Médio
2021,3,2021-03-01,Sul,SC,GNV,7.96,7.32,8.99,0.6,11.28,84.66,143215,Crítico
2021,3,2021-03-01,Sul,SC,GNV,5.65,5.2,6.39,3.16,2.74,88.01,5203,Médio
2021,3,2021-03-01,Sul,RS,Gasolina,6.4,5.89,7.23,-0.95,9.94,105.98,169845,Crítico
2021,3,2021-03-01,Sul,RS,Etanol,5.78,5.32,6.53,0.02,7.55,52.79,88383,Médio
2021,4,2021-04-01,Norte,AM,Diesel,5.35,4.93,6.05,2.9,4.29,69.1,139269,Alto
2021,4,2021-04-01,Norte,PA,Diesel,6.31,5.81,7.13,1.65,10.89,48.77,147881,Baixo
2021,4,2021-04-01,Norte,PA,Gasolina,6.81,6.26,7.69,-1.75,10.95,105.03,83141,Alto
2021,4,2021-04-01,Norte,RO,Diesel,5.61,5.16,6.34,3.12,2.06,51.97,7009,Alto
2021,4,2021-04-01,Norte,TO,Etanol,3.61,3.33,4.08,-15.0,5.74,94.3,118378,Médio
2021,4,2021-04-01,Nordeste,BA,Etanol,5.73,5.27,6.47,3.3,11.71,61.24,184562,Alto
2021,4,2021-04-01,Nordeste,BA,GLP,5.28,4.86,5.97,1.32,9.67,103.14,225907,Baixo
2021,4,2021-04-01,Nordeste,PE,Diesel,3.87,3.56,4.37,2.0,2.3,54.12,229531,Médio
2021,4,2021-04-01,Nordeste,PE,GLP,4.69,4.31,5.3,1.65,4.99,81.7,231197,Baixo
2021,4,2021-04-01,Nordeste,CE,Gasolina,7.45,6.85,8.42,-1.57,7.01,47.33,197609,Alto
2021,4,2021-04-01,Nordeste,CE,GNV,4.39,4.04,4.96,8.74,2.58,94.1,122136,Alto
2021,4,2021-04-01,Nordeste,MA,Etanol,6.92,6.36,7.82,-2.0,3.77,83.17,29686,Baixo
2021,4,2021-04-01,Nordeste,PB,Gasolina,7.53,6.93,8.51,0.7,6.76,94.75,114250,Baixo
2021,4,2021-04-01,Centro-Oeste,DF,Etanol,7.7,7.09,8.7,0.53,4.34,79.34,215770,Crítico
2021,4,2021-04-01,Centro-Oeste,GO,GNV,5.59,5.15,6.32,5.16,8.98,62.36,19230,Baixo
2021,4,2021-04-01,Centro-Oeste,GO,GLP,3.64,3.34,4.11,2.54,2.89,98.19,207864,Alto
2021,4,2021-04-01,Centro-Oeste,MT,Gasolina,3.78,3.48,4.27,4.98,3.8,100.49,49368,Crítico
2021,4,2021-04-01,Centro-Oeste,MS,GLP,5.88,5.41,6.64,6.58,9.81,87.17,161385,Médio
2021,4,2021-04-01,Sudeste,SP,GNV,4.03,3.71,4.56,1.29,10.57,54.15,231792,Crítico
2021,4,2021-04-01,Sudeste,SP,Etanol,3.79,3.49,4.29,3.78,10.38,93.3,79502,Baixo
2021,4,2021-04-01,Sudeste,SP,Gasolina,6.53,6.01,7.38,0.65,10.26,56.88,201026,Alto
2021,4,2021-04-01,Sudeste,RJ,Etanol,6.55,6.02,7.4,4.97,3.75,96.49,233435,Crítico
2021,4,2021-04-01,Sudeste,RJ,Diesel,6.16,5.67,6.96,0.26,7.25,96.65,95145,Alto
2021,4,2021-04-01,Sudeste,RJ,Etanol,5.4,4.97,6.1,-0.82,9.23,80.27,217052,Baixo
2021,4,2021-04-01,Sudeste,RJ,Etanol,3.14,2.89,3.55,6.68,5.03,100.21,184870,Crítico
2021,4,2021-04-01,Sudeste,MG,Gasolina,4.94,4.55,5.58,3.75,11.22,67.7,95745,Médio
2021,4,2021-04-01,Sudeste,MG,Gasolina,3.88,3.57,4.38,-2.27,5.61,93.41,118810,Baixo
2021,4,2021-04-01,Sudeste,MG,GLP,5.62,5.17,6.35,-1.56,8.02,72.05,74638,Baixo
2021,4,2021-04-01,Sudeste,ES,Diesel,7.98,7.34,9.01,1.58,10.74,90.92,231931,Médio
2021,4,2021-04-01,Sudeste,ES,GNV,3.85,3.54,4.35,3.87,3.36,64.58,71147,Médio
2021,4,2021-04-01,Sudeste,ES,Etanol,3.79,3.49,4.28,0.44,4.33,105.36,167653,Médio
2021,4,2021-04-01,Sul,PR,GLP,3.51,3.22,3.96,1.78,3.62,54.97,238946,Médio
2021,4,2021-04-01,Sul,PR,Etanol,5.5,5.06,6.21,-2.18,8.23,87.47,46734,Alto
2021,4,2021-04-01,Sul,SC,GLP,3.02,2.78,3.42,7.96,3.18,106.81,51396,Baixo
2021,4,2021-04-01,Sul,SC,GNV,6.02,5.54,6.8,1.46,11.37,102.02,63320,Baixo
2021,4,2021-04-01,Sul,RS,GNV,3.95,3.63,4.46,-5.98,8.58,82.48,240165,Crítico
2021,4,2021-04-01,Sul,RS,Gasolina,7.07,6.5,7.99,7.68,5.42,86.22,113043,Médio
2021,5,2021-05-01,Norte,AM,Etanol,7.24,6.66,8.18,-1.43,8.26,47.17,19822,Crítico
2021,5,2021-05-01,Norte,PA,Etanol,6.26,5.76,7.07,-5.44,7.31,52.88,80072,Alto
2021,5,2021-05-01,Norte,PA,Gasolina,4.92,4.53,5.56,-1.93,10.2,94.94,136577,Baixo
2021,5,2021-05-01,Norte,RO,Diesel,3.45,3.17,3.9,-2.47,9.35,67.56,88060,Baixo
2021,5,2021-05-01,Norte,TO,GNV,3.93,3.62,4.44,5.25,3.42,95.84,160765,Crítico
2021,5,2021-05-01,Nordeste,BA,GNV,7.5,6.9,8.48,-1.27,8.62,84.56,70698,Baixo
2021,5,2021-05-01,Nordeste,BA,Diesel,6.02,5.54,6.81,6.71,5.88,88.25,221194,Alto
2021,5,2021-05-01,Nordeste,PE,GNV,5.78,5.32,6.53,-1.43,5.08,59.47,68725,Alto
2021,5,2021-05-01,Nordeste,PE,GNV,7.78,7.15,8.79,-5.12,6.47,107.13,26992,Crítico
2021,5,2021-05-01,Nordeste,CE,Gasolina,4.6,4.23,5.2,-1.43,5.91,82.61,202384,Baixo
2021,5,2021-05-01,Nordeste,CE,Diesel,6.15,5.66,6.95,-3.55,7.34,50.68,214455,Médio
2021,5,2021-05-01,Nordeste,MA,GNV,5.54,5.1,6.26,-3.57,9.07,87.87,134543,Baixo
2021,5,2021-05-01,Nordeste,PB,Gasolina,4.26,3.92,4.82,-1.83,9.9,54.23,236157,Crítico
2021,5,2021-05-01,Centro-Oeste,DF,Gasolina,3.16,2.9,3.57,5.26,10.21,80.43,122092,Alto
2021,5,2021-05-01,Centro-Oeste,GO,Etanol,7.65,7.03,8.64,-4.7,10.97,77.44,10888,Crítico
2021,5,2021-05-01,Centro-Oeste,GO,GLP,4.28,3.94,4.84,-4.25,5.06,82.31,22473,Baixo
2021,5,2021-05-01,Centro-Oeste,MT,Diesel,4.07,3.75,4.6,-0.77,2.63,102.48,170629,Baixo
2021,5,2021-05-01,Centro-Oeste,MS,Diesel,4.53,4.17,5.12,-2.43,6.01,49.51,245792,Crítico
2021,5,2021-05-01,Sudeste,SP,GLP,7.38,6.79,8.34,-3.45,10.93,89.76,203993,Médio
2021,5,2021-05-01,Sudeste,SP,Gasolina,5.61,5.17,6.34,2.92,9.25,80.56,58109,Alto
2021,5,2021-05-01,Sudeste,SP,Gasolina,6.86,6.31,7.75,0.02,2.22,68.32,14139,Baixo
2021,5,2021-05-01,Sudeste,RJ,Gasolina,7.14,6.57,8.07,-0.37,5.33,70.8,31033,Crítico
2021,5,2021-05-01,Sudeste,RJ,GLP,6.81,6.27,7.7,-2.23,10.34,56.62,140860,Crítico
2021,5,2021-05-01,Sudeste,RJ,GLP,3.7,3.41,4.19,5.78,4.34,53.43,105408,Baixo
2021,5,2021-05-01,Sudeste,RJ,Diesel,5.12,4.71,5.78,1.47,8.71,86.56,170770,Baixo
2021,5,2021-05-01,Sudeste,MG,Gasolina,3.11,2.86,3.51,-5.77,11.52,102.11,35551,Médio
2021,5,2021-05-01,Sudeste,MG,Diesel,7.06,6.49,7.97,4.36,11.94,64.35,116155,Baixo
2021,5,2021-05-01,Sudeste,MG,GLP,3.34,3.07,3.77,-3.77,11.43,99.25,21135,Baixo
2021,5,2021-05-01,Sudeste,ES,GLP,7.11,6.54,8.03,2.89,8.28,104.3,7300,Baixo
2021,5,2021-05-01,Sudeste,ES,GNV,5.96,5.49,6.74,3.34,3.46,51.05,144525,Crítico
2021,5,2021-05-01,Sudeste,ES,GLP,4.12,3.79,4.66,0.14,2.28,79.01,36590,Baixo
2021,5,2021-05-01,Sul,PR,Gasolina,4.98,4.58,5.62,7.93,7.32,95.28,96406,Baixo
2021,5,2021-05-01,Sul,PR,Gasolina,4.01,3.68,4.53,5.14,9.26,82.56,57199,Crítico
2021,5,2021-05-01,Sul,SC,Gasolina,4.54,4.18,5.13,-5.26,10.63,95.36,55157,Crítico
2021,5,2021-05-01,Sul,SC,GLP,3.18,2.92,3.59,-5.94,4.71,77.68,59432,Baixo
2021,5,2021-05-01,Sul,RS,Etanol,4.3,3.96,4.86,0.05,3.39,75.33,181840,Crítico
2021,5,2021-05-01,Sul,RS,Diesel,5.02,4.62,5.68,4.95,10.89,52.51,185459,Alto
2021,6,2021-06-01,Norte,AM,GNV,3.38,3.11,3.81,1.37,3.58,80.67,54212,Médio
2021,6,2021-06-01,Norte,PA,Diesel,6.26,5.76,7.07,0.28,10.88,58.88,178126,Alto
2021,6,2021-06-01,Norte,PA,Etanol,5.04,4.64,5.7,1.99,7.84,50.22,15140,Crítico
2021,6,2021-06-01,Norte,RO,Etanol,4.88,4.49,5.52,1.14,5.03,108.81,236593,Crítico
2021,6,2021-06-01,Norte,TO,Etanol,7.98,7.34,9.02,-1.42,7.54,81.58,228256,Baixo
2021,6,2021-06-01,Nordeste,BA,Gasolina,7.34,6.75,8.3,-3.66,7.03,96.77,172181,Crítico
2021,6,2021-06-01,Nordeste,BA,GNV,4.61,4.24,5.21,1.12,6.11,94.31,53657,Baixo
2021,6,2021-06-01,Nordeste,PE,GLP,5.58,5.13,6.3,-2.71,2.3,72.96,198937,Alto
2021,6,2021-06-01,Nordeste,PE,Diesel,7.83,7.21,8.85,0.3,7.34,66.73,55801,Baixo
2021,6,2021-06-01,Nordeste,CE,Gasolina,4.96,4.57,5.61,0.87,10.39,78.31,207759,Baixo
2021,6,2021-06-01,Nordeste,CE,GNV,7.84,7.21,8.86,1.09,3.13,96.77,232797,Alto
2021,6,2021-06-01,Nordeste,MA,GNV,3.85,3.54,4.35,4.49,5.33,55.12,217709,Alto
2021,6,2021-06-01,Nordeste,PB,Etanol,5.21,4.79,5.89,-1.23,7.14,77.59,113740,Baixo
2021,6,2021-06-01,Centro-Oeste,DF,GNV,6.32,5.82,7.15,3.12,5.94,99.54,246412,Baixo
2021,6,2021-06-01,Centro-Oeste,GO,Etanol,5.33,4.91,6.03,3.02,5.64,56.6,230481,Crítico
2021,6,2021-06-01,Centro-Oeste,GO,GLP,7.76,7.14,8.77,4.37,9.25,88.91,7460,Baixo
2021,6,2021-06-01,Centro-Oeste,MT,Gasolina,6.44,5.92,7.28,-3.13,8.23,90.49,37343,Baixo
2021,6,2021-06-01,Centro-Oeste,MS,Gasolina,7.76,7.14,8.77,10.97,10.62,100.54,42201,Alto
2021,6,2021-06-01,Sudeste,SP,Etanol,4.25,3.91,4.8,-1.26,7.28,76.37,98189,Baixo
2021,6,2021-06-01,Sudeste,SP,Gasolina,3.65,3.36,4.13,1.18,2.72,80.41,86834,Médio
2021,6,2021-06-01,Sudeste,SP,Diesel,5.78,5.32,6.54,-2.04,11.17,109.18,74707,Crítico
2021,6,2021-06-01,Sudeste,RJ,GNV,6.09,5.6,6.88,-3.49,5.54,68.1,87692,Crítico
2021,6,2021-06-01,Sudeste,RJ,GNV,3.1,2.85,3.5,3.61,9.03,73.08,7818,Crítico
2021,6,2021-06-01,Sudeste,RJ,GLP,3.41,3.14,3.86,-1.2,11.63,71.49,194446,Baixo
2021,6,2021-06-01,Sudeste,RJ,Diesel,5.19,4.78,5.87,-2.85,4.82,76.46,62919,Médio
2021,6,2021-06-01,Sudeste,MG,Gasolina,5.59,5.15,6.32,-1.7,6.08,64.72,118876,Médio
2021,6,2021-06-01,Sudeste,MG,Etanol,3.69,3.39,4.17,1.69,4.08,72.34,78391,Alto
2021,6,2021-06-01,Sudeste,MG,GLP,6.23,5.73,7.04,-1.72,7.17,74.82,148219,Crítico
2021,6,2021-06-01,Sudeste,ES,GLP,3.51,3.23,3.96,2.49,2.48,86.31,11105,Alto
2021,6,2021-06-01,Sudeste,ES,Etanol,4.01,3.69,4.53,2.38,3.4,75.29,124859,Alto
2021,6,2021-06-01,Sudeste,ES,Diesel,4.97,4.57,5.62,-7.65,11.83,71.84,120205,Crítico
2021,6,2021-06-01,Sul,PR,GLP,6.71,6.17,7.58,-4.75,11.79,90.4,124384,Alto
2021,6,2021-06-01,Sul,PR,Etanol,5.35,4.93,6.05,-5.86,11.39,91.04,230841,Baixo
2021,6,2021-06-01,Sul,SC,GNV,3.36,3.09,3.8,-7.28,7.11,67.96,161426,Baixo
2021,6,2021-06-01,Sul,SC,Gasolina,7.35,6.76,8.31,-4.09,10.99,70.99,63203,Baixo
2021,6,2021-06-01,Sul,RS,GNV,7.85,7.22,8.87,-5.91,10.47,99.99,140734,Médio
2021,6,2021-06-01,Sul,RS,Etanol,6.9,6.35,7.8,-8.0,6.92,90.69,102450,Baixo
2021,7,2021-07-01,Norte,AM,GLP,6.78,6.24,7.67,-0.44,7.4,75.91,232121,Baixo
2021,7,2021-07-01,Norte,PA,GLP,4.41,4.05,4.98,5.62,6.7,69.35,137793,Crítico
2021,7,2021-07-01,Norte,PA,Etanol,7.56,6.95,8.54,2.39,10.45,89.83,80607,Alto
2021,7,2021-07-01,Norte,RO,GLP,5.96,5.48,6.73,-0.59,7.4,80.67,227245,Baixo
2021,7,2021-07-01,Norte,TO,GLP,5.61,5.16,6.34,1.12,11.64,102.02,39333,Baixo
2021,7,2021-07-01,Nordeste,BA,Gasolina,4.74,4.37,5.36,-4.92,7.1,73.78,179915,Médio
2021,7,2021-07-01,Nordeste,BA,GNV,3.37,3.1,3.81,-1.53,5.66,78.9,7622,Baixo
2021,7,2021-07-01,Nordeste,PE,Diesel,5.71,5.25,6.45,3.47,8.53,55.26,181098,Alto
2021,7,2021-07-01,Nordeste,PE,Gasolina,4.51,4.15,5.1,1.72,8.13,87.77,26159,Alto
2021,7,2021-07-01,Nordeste,CE,Etanol,6.29,5.79,7.11,-6.51,9.34,84.08,132631,Alto
2021,7,2021-07-01,Nordeste,CE,GLP,6.47,5.96,7.32,-1.3,7.54,79.71,25667,Alto
2021,7,2021-07-01,Nordeste,MA,Etanol,7.61,7.0,8.6,3.71,2.61,88.45,53320,Médio
2021,7,2021-07-01,Nordeste,PB,Diesel,6.78,6.23,7.66,-3.91,11.63,68.47,211398,Baixo
2021,7,2021-07-01,Centro-Oeste,DF,GLP,4.12,3.79,4.65,0.73,9.74,66.54,127513,Médio
2021,7,2021-07-01,Centro-Oeste,GO,GNV,7.64,7.02,8.63,1.79,5.32,56.46,236485,Médio
2021,7,2021-07-01,Centro-Oeste,GO,Etanol,7.93,7.3,8.97,-3.4,6.35,91.39,219229,Baixo
2021,7,2021-07-01,Centro-Oeste,MT,GNV,6.25,5.75,7.06,0.85,8.24,63.89,171113,Alto
2021,7,2021-07-01,Centro-Oeste,MS,Gasolina,3.93,3.61,4.44,-6.63,4.44,92.4,54678,Alto
2021,7,2021-07-01,Sudeste,SP,Gasolina,4.56,4.2,5.16,4.24,4.18,104.02,234086,Alto
2021,7,2021-07-01,Sudeste,SP,GLP,4.73,4.35,5.35,3.99,5.69,49.16,140059,Alto
2021,7,2021-07-01,Sudeste,SP,Etanol,6.97,6.41,7.88,-6.44,10.72,99.33,205718,Crítico
2021,7,2021-07-01,Sudeste,RJ,Gasolina,3.04,2.8,3.44,-1.24,8.29,60.18,5449,Baixo
2021,7,2021-07-01,Sudeste,RJ,Diesel,4.06,3.74,4.59,0.85,2.62,76.65,135749,Baixo
2021,7,2021-07-01,Sudeste,RJ,Etanol,3.15,2.9,3.56,-0.1,11.31,105.63,184953,Crítico
2021,7,2021-07-01,Sudeste,RJ,Etanol,3.84,3.53,4.34,-1.74,3.7,61.75,89799,Baixo
2021,7,2021-07-01,Sudeste,MG,Gasolina,3.24,2.98,3.66,2.19,9.91,58.29,66321,Alto
2021,7,2021-07-01,Sudeste,MG,Etanol,7.71,7.09,8.71,-2.62,5.9,81.88,96026,Crítico
2021,7,2021-07-01,Sudeste,MG,Diesel,6.56,6.03,7.41,-0.47,10.88,99.88,139569,Médio
2021,7,2021-07-01,Sudeste,ES,Diesel,4.0,3.68,4.52,-2.43,7.65,92.65,177601,Alto
2021,7,2021-07-01,Sudeste,ES,Etanol,4.57,4.21,5.17,11.05,9.87,78.96,145638,Alto
2021,7,2021-07-01,Sudeste,ES,GNV,5.89,5.41,6.65,-1.09,10.95,57.78,46824,Baixo
2021,7,2021-07-01,Sul,PR,Gasolina,7.43,6.83,8.39,2.79,8.65,45.72,249749,Médio
2021,7,2021-07-01,Sul,PR,Diesel,5.96,5.49,6.74,0.25,11.78,66.11,212768,Médio
2021,7,2021-07-01,Sul,SC,Diesel,4.92,4.53,5.56,-0.41,9.41,78.55,140292,Médio
2021,7,2021-07-01,Sul,SC,GLP,7.15,6.58,8.08,-0.51,2.51,96.45,71510,Médio
2021,7,2021-07-01,Sul,RS,Gasolina,6.12,5.63,6.92,-8.42,11.87,72.8,14952,Alto
2021,7,2021-07-01,Sul,RS,Etanol,7.82,7.19,8.83,5.59,8.03,82.33,22581,Alto
2021,8,2021-08-01,Norte,AM,GLP,4.96,4.57,5.61,5.79,6.57,50.4,228895,Baixo
2021,8,2021-08-01,Norte,PA,Gasolina,3.99,3.67,4.51,-0.99,10.63,107.04,38538,Crítico
2021,8,2021-08-01,Norte,PA,GNV,4.03,3.7,4.55,-6.98,3.65,65.51,157710,Alto
2021,8,2021-08-01,Norte,RO,Gasolina,3.22,2.96,3.64,-4.09,7.9,48.87,168992,Médio
2021,8,2021-08-01,Norte,TO,Etanol,4.86,4.47,5.5,-4.51,5.68,108.48,57827,Baixo
2021,8,2021-08-01,Nordeste,BA,Gasolina,4.09,3.76,4.62,6.31,7.98,62.51,94507,Baixo
2021,8,2021-08-01,Nordeste,BA,GNV,3.09,2.84,3.49,8.96,4.05,95.42,167337,Alto
2021,8,2021-08-01,Nordeste,PE,GLP,5.26,4.84,5.94,-2.57,2.31,91.55,76021,Baixo
2021,8,2021-08-01,Nordeste,PE,GNV,7.76,7.14,8.77,-4.61,9.94,80.04,240937,Médio
2021,8,2021-08-01,Nordeste,CE,GLP,4.58,4.21,5.18,10.35,11.57,49.97,130851,Baixo
2021,8,2021-08-01,Nordeste,CE,GLP,5.04,4.64,5.7,1.94,11.74,86.11,152743,Crítico
2021,8,2021-08-01,Nordeste,MA,GLP,5.57,5.12,6.29,-4.05,9.53,83.32,175802,Alto
2021,8,2021-08-01,Nordeste,PB,GNV,5.11,4.7,5.78,-1.01,11.26,73.41,116092,Baixo
2021,8,2021-08-01,Centro-Oeste,DF,GLP,5.19,4.77,5.86,-2.45,2.75,88.12,162633,Baixo
2021,8,2021-08-01,Centro-Oeste,GO,Gasolina,4.31,3.96,4.87,-0.86,9.69,77.19,240915,Crítico
2021,8,2021-08-01,Centro-Oeste,GO,Gasolina,5.8,5.33,6.55,-0.33,2.76,53.35,40608,Baixo
2021,8,2021-08-01,Centro-Oeste,MT,GNV,6.13,5.64,6.93,4.51,9.59,99.14,30765,Baixo
2021,8,2021-08-01,Centro-Oeste,MS,Diesel,4.89,4.5,5.52,3.71,5.18,48.09,12869,Crítico
2021,8,2021-08-01,Sudeste,SP,Diesel,5.75,5.29,6.49,-2.99,9.02,92.78,25814,Alto
2021,8,2021-08-01,Sudeste,SP,Gasolina,7.56,6.96,8.55,1.82,3.95,48.82,244113,Médio
2021,8,2021-08-01,Sudeste,SP,GLP,5.6,5.15,6.33,5.5,6.72,91.33,129523,Médio
2021,8,2021-08-01,Sudeste,RJ,Gasolina,6.18,5.68,6.98,3.76,2.43,65.06,28508,Médio
2021,8,2021-08-01,Sudeste,RJ,GLP,3.96,3.65,4.48,6.5,10.47,99.84,90172,Médio
2021,8,2021-08-01,Sudeste,RJ,GLP,6.6,6.07,7.46,1.11,5.78,90.79,14086,Baixo
2021,8,2021-08-01,Sudeste,RJ,GLP,3.57,3.29,4.04,0.69,4.77,49.14,170749,Alto
2021,8,2021-08-01,Sudeste,MG,Diesel,6.68,6.15,7.55,0.06,4.56,77.14,94519,Baixo
2021,8,2021-08-01,Sudeste,MG,GNV,4.58,4.21,5.17,-4.75,11.86,80.06,110135,Baixo
2021,8,2021-08-01,Sudeste,MG,GLP,6.09,5.6,6.88,5.88,2.57,101.4,92413,Alto
2021,8,2021-08-01,Sudeste,ES,Etanol,6.67,6.13,7.54,-1.22,7.11,102.81,87529,Médio
2021,8,2021-08-01,Sudeste,ES,GNV,5.08,4.67,5.74,-2.31,6.58,61.91,161486,Alto
2021,8,2021-08-01,Sudeste,ES,Diesel,3.55,3.26,4.01,3.45,9.31,87.25,68035,Alto
2021,8,2021-08-01,Sul,PR,Etanol,4.76,4.38,5.37,0.98,4.82,106.17,138511,Baixo
2021,8,2021-08-01,Sul,PR,GNV,6.4,5.89,7.23,3.63,2.05,83.81,231283,Crítico
2021,8,2021-08-01,Sul,SC,Gasolina,5.77,5.3,6.51,-5.56,9.84,107.57,53944,Baixo
2021,8,2021-08-01,Sul,SC,Etanol,3.34,3.07,3.77,-0.1,8.91,109.98,78927,Alto
2021,8,2021-08-01,Sul,RS,Gasolina,6.08,5.59,6.87,-2.82,8.51,54.41,188716,Crítico
2021,8,2021-08-01,Sul,RS,GNV,5.05,4.65,5.71,-4.05,8.08,47.47,174660,Alto
2021,9,2021-09-01,Norte,AM,Etanol,3.15,2.9,3.56,-1.09,7.84,105.18,249539,Crítico
2021,9,2021-09-01,Norte,PA,GLP,4.41,4.06,4.98,-1.17,3.63,77.42,233130,Crítico
2021,9,2021-09-01,Norte,PA,GLP,7.26,6.68,8.21,-2.62,11.98,109.58,69911,Alto
2021,9,2021-09-01,Norte,RO,GNV,3.53,3.25,3.99,-2.36,8.14,58.97,32935,Médio
2021,9,2021-09-01,Norte,TO,GNV,4.85,4.46,5.48,-5.83,3.27,109.06,225566,Alto
2021,9,2021-09-01,Nordeste,BA,GNV,7.63,7.02,8.63,-4.9,10.25,78.86,190230,Crítico
2021,9,2021-09-01,Nordeste,BA,GLP,6.86,6.31,7.75,-1.88,6.28,95.33,213828,Crítico
2021,9,2021-09-01,Nordeste,PE,GLP,7.98,7.34,9.02,7.16,3.48,55.96,52374,Alto
2021,9,2021-09-01,Nordeste,PE,Diesel,4.66,4.29,5.27,4.45,10.55,109.47,186510,Alto
2021,9,2021-09-01,Nordeste,CE,GLP,7.78,7.15,8.79,0.27,9.51,46.71,148174,Médio
2021,9,2021-09-01,Nordeste,CE,Gasolina,4.45,4.1,5.03,1.61,9.83,66.09,199007,Baixo
2021,9,2021-09-01,Nordeste,MA,Etanol,7.43,6.84,8.4,4.23,8.13,57.76,207266,Baixo
2021,9,2021-09-01,Nordeste,PB,Diesel,4.95,4.55,5.59,-9.94,4.98,75.93,195191,Crítico
2021,9,2021-09-01,Centro-Oeste,DF,GNV,5.35,4.92,6.05,4.07,9.05,80.29,118286,Crítico
2021,9,2021-09-01,Centro-Oeste,GO,GLP,7.49,6.89,8.46,-1.66,7.38,108.68,146983,Crítico
2021,9,2021-09-01,Centro-Oeste,GO,Gasolina,4.11,3.78,4.65,-8.52,4.61,68.43,50570,Alto
2021,9,2021-09-01,Centro-Oeste,MT,GNV,7.36,6.77,8.32,0.56,3.32,92.68,165917,Crítico
2021,9,2021-09-01,Centro-Oeste,MS,Etanol,4.21,3.87,4.75,4.43,10.91,78.76,119349,Crítico
2021,9,2021-09-01,Sudeste,SP,Diesel,7.03,6.47,7.95,-5.18,9.72,63.49,206167,Baixo
2021,9,2021-09-01,Sudeste,SP,Gasolina,4.36,4.01,4.93,5.32,2.3,51.92,122858,Médio
2021,9,2021-09-01,Sudeste,SP,GLP,3.02,2.78,3.41,0.13,4.22,45.47,152124,Alto
2021,9,2021-09-01,Sudeste,RJ,GNV,6.19,5.7,7.0,2.78,2.6,96.4,66829,Médio
2021,9,2021-09-01,Sudeste,RJ,GNV,7.65,7.04,8.64,5.04,4.92,86.71,239306,Alto
2021,9,2021-09-01,Sudeste,RJ,Diesel,7.53,6.93,8.51,-3.86,7.26,58.94,43087,Crítico
2021,9,2021-09-01,Sudeste,RJ,Gasolina,3.74,3.44,4.23,2.07,5.36,100.97,144240,Baixo
2021,9,2021-09-01,Sudeste,MG,GNV,7.79,7.17,8.8,0.77,8.47,70.22,201804,Alto
2021,9,2021-09-01,Sudeste,MG,Etanol,6.0,5.52,6.78,4.03,3.7,108.0,131080,Médio
2021,9,2021-09-01,Sudeste,MG,Diesel,3.17,2.92,3.59,5.78,11.73,58.44,126059,Baixo
2021,9,2021-09-01,Sudeste,ES,GNV,6.5,5.98,7.35,0.76,9.18,77.35,207649,Alto
2021,9,2021-09-01,Sudeste,ES,Etanol,6.56,6.03,7.41,1.05,11.62,101.24,120125,Crítico
2021,9,2021-09-01,Sudeste,ES,Diesel,6.39,5.88,7.23,4.91,10.24,109.91,220202,Alto
2021,9,2021-09-01,Sul,PR,Etanol,5.58,5.14,6.31,5.11,8.41,91.24,127714,Baixo
2021,9,2021-09-01,Sul,PR,GLP,4.79,4.41,5.41,3.42,8.14,102.41,62086,Médio
2021,9,2021-09-01,Sul,SC,Diesel,3.84,3.53,4.34,0.41,8.3,99.32,153855,Baixo
2021,9,2021-09-01,Sul,SC,GNV,4.19,3.85,4.73,-1.17,3.68,49.04,101296,Baixo
2021,9,2021-09-01,Sul,RS,GNV,5.71,5.26,6.46,2.4,6.02,58.22,183465,Crítico
2021,9,2021-09-01,Sul,RS,GLP,5.45,5.01,6.16,0.34,11.62,93.05,104888,Crítico
2021,10,2021-10-01,Norte,AM,GNV,4.06,3.74,4.59,-4.07,3.92,71.2,239256,Alto
2021,10,2021-10-01,Norte,PA,GLP,3.19,2.94,3.61,5.37,5.94,54.41,168335,Médio
2021,10,2021-10-01,Norte,PA,GNV,4.14,3.81,4.68,7.8,7.27,63.2,136801,Baixo
2021,10,2021-10-01,Norte,RO,GLP,7.11,6.54,8.03,-0.29,6.14,97.48,109224,Alto
2021,10,2021-10-01,Norte,TO,Diesel,3.63,3.34,4.1,3.65,2.33,99.85,73112,Alto
2021,10,2021-10-01,Nordeste,BA,GLP,4.87,4.48,5.5,7.76,6.6,103.24,9844,Médio
2021,10,2021-10-01,Nordeste,BA,Diesel,5.49,5.05,6.2,2.04,9.74,61.46,53567,Médio
2021,10,2021-10-01,Nordeste,PE,Diesel,5.96,5.48,6.74,1.38,3.31,96.77,145304,Alto
2021,10,2021-10-01,Nordeste,PE,Diesel,7.41,6.82,8.37,2.32,2.36,83.03,34606,Médio
2021,10,2021-10-01,Nordeste,CE,GNV,4.96,4.56,5.6,1.68,7.17,56.35,247778,Médio
2021,10,2021-10-01,Nordeste,CE,GLP,7.69,7.07,8.69,-4.23,2.14,107.04,15606,Alto
2021,10,2021-10-01,Nordeste,MA,GNV,6.63,6.1,7.49,9.21,7.76,99.6,237707,Médio
2021,10,2021-10-01,Nordeste,PB,GLP,3.67,3.37,4.14,0.61,11.95,98.33,145572,Alto
2021,10,2021-10-01,Centro-Oeste,DF,Gasolina,4.95,4.56,5.6,-2.67,2.02,77.19,5625,Baixo
2021,10,2021-10-01,Centro-Oeste,GO,GNV,5.91,5.44,6.68,-0.3,7.01,102.59,124178,Médio
2021,10,2021-10-01,Centro-Oeste,GO,GNV,4.33,3.98,4.89,-1.05,11.05,82.61,73806,Médio
2021,10,2021-10-01,Centro-Oeste,MT,GNV,3.49,3.21,3.95,2.18,3.62,80.8,202035,Médio
2021,10,2021-10-01,Centro-Oeste,MS,Gasolina,5.54,5.1,6.26,-0.08,7.19,77.23,222298,Médio
2021,10,2021-10-01,Sudeste,SP,GLP,7.04,6.47,7.95,-3.95,10.73,82.8,132476,Crítico
2021,10,2021-10-01,Sudeste,SP,Diesel,3.4,3.13,3.84,-1.17,6.15,56.88,134915,Médio
2021,10,2021-10-01,Sudeste,SP,Etanol,3.16,2.91,3.57,0.44,10.26,88.59,226072,Crítico
2021,10,2021-10-01,Sudeste,RJ,Etanol,7.27,6.69,8.22,6.79,7.98,67.66,10569,Alto
2021,10,2021-10-01,Sudeste,RJ,Gasolina,5.48,5.04,6.19,0.08,4.21,78.88,234877,Alto
2021,10,2021-10-01,Sudeste,RJ,Gasolina,5.76,5.3,6.5,-3.8,8.89,55.23,202339,Crítico
2021,10,2021-10-01,Sudeste,RJ,Etanol,7.78,7.16,8.79,5.75,6.43,90.59,27875,Baixo
2021,10,2021-10-01,Sudeste,MG,GLP,3.5,3.22,3.95,-4.35,2.24,47.83,116347,Crítico
2021,10,2021-10-01,Sudeste,MG,Etanol,5.29,4.87,5.98,-0.52,11.78,68.77,7325,Alto
2021,10,2021-10-01,Sudeste,MG,GLP,4.39,4.04,4.97,0.83,10.96,108.89,33405,Crítico
2021,10,2021-10-01,Sudeste,ES,Etanol,6.66,6.13,7.53,-1.15,11.42,54.4,78815,Alto
2021,10,2021-10-01,Sudeste,ES,GLP,6.58,6.05,7.43,-0.62,7.15,84.37,143965,Médio
2021,10,2021-10-01,Sudeste,ES,GLP,7.18,6.61,8.11,-9.81,4.8,73.2,161499,Baixo
2021,10,2021-10-01,Sul,PR,Gasolina,4.43,4.07,5.0,8.37,2.4,72.19,15330,Médio
2021,10,2021-10-01,Sul,PR,GNV,5.66,5.21,6.4,-0.3,10.78,73.76,93061,Crítico
2021,10,2021-10-01,Sul,SC,Diesel,6.82,6.27,7.7,4.95,4.16,79.71,27663,Baixo
2021,10,2021-10-01,Sul,SC,Etanol,4.31,3.97,4.87,-0.3,4.29,86.17,168685,Alto
2021,10,2021-10-01,Sul,RS,GNV,7.53,6.93,8.51,-0.4,3.11,65.34,225388,Baixo
2021,10,2021-10-01,Sul,RS,GNV,7.45,6.85,8.42,1.62,9.5,84.67,64056,Crítico
2021,11,2021-11-01,Norte,AM,GNV,6.75,6.21,7.63,-1.32,8.69,104.94,169178,Crítico
2021,11,2021-11-01,Norte,PA,GNV,5.48,5.04,6.19,2.27,7.57,82.76,43155,Alto
2021,11,2021-11-01,Norte,PA,Diesel,3.78,3.48,4.27,2.17,5.54,47.58,45751,Crítico
2021,11,2021-11-01,Norte,RO,Gasolina,3.32,3.05,3.75,2.49,2.91,54.13,129768,Alto
2021,11,2021-11-01,Norte,TO,GNV,6.16,5.67,6.96,-0.21,9.67,101.79,177387,Crítico
2021,11,2021-11-01,Nordeste,BA,GLP,6.63,6.1,7.49,-2.67,5.11,66.49,193668,Alto
2021,11,2021-11-01,Nordeste,BA,GNV,8.0,7.36,9.04,1.68,11.32,52.53,119596,Alto
2021,11,2021-11-01,Nordeste,PE,Gasolina,3.02,2.78,3.42,5.23,5.53,45.02,114613,Médio
2021,11,2021-11-01,Nordeste,PE,Etanol,4.24,3.9,4.79,-2.61,7.29,87.81,62874,Alto
2021,11,2021-11-01,Nordeste,CE,Diesel,6.8,6.26,7.68,-0.12,3.78,81.75,42500,Médio
2021,11,2021-11-01,Nordeste,CE,Etanol,6.39,5.88,7.22,-4.68,6.87,96.61,196751,Crítico
2021,11,2021-11-01,Nordeste,MA,Gasolina,6.9,6.35,7.8,-1.26,7.58,67.39,153288,Médio
2021,11,2021-11-01,Nordeste,PB,Gasolina,5.36,4.93,6.05,6.8,10.43,103.27,69079,Médio
2021,11,2021-11-01,Centro-Oeste,DF,Etanol,6.83,6.28,7.71,5.59,6.16,51.05,91177,Médio
2021,11,2021-11-01,Centro-Oeste,GO,Etanol,7.52,6.92,8.5,-4.83,2.96,67.1,172185,Alto
2021,11,2021-11-01,Centro-Oeste,GO,GNV,7.93,7.3,8.97,4.98,4.0,89.13,237167,Baixo
2021,11,2021-11-01,Centro-Oeste,MT,GLP,7.41,6.82,8.38,1.06,8.65,48.15,164921,Médio
2021,11,2021-11-01,Centro-Oeste,MS,Etanol,3.56,3.27,4.02,-1.26,5.9,69.73,165463,Alto
2021,11,2021-11-01,Sudeste,SP,GNV,6.93,6.38,7.83,8.43,11.74,104.61,113879,Médio
2021,11,2021-11-01,Sudeste,SP,Gasolina,3.29,3.03,3.72,-1.7,3.79,106.17,119035,Baixo
2021,11,2021-11-01,Sudeste,SP,GLP,6.18,5.69,6.99,-1.04,8.5,54.27,176236,Alto
2021,11,2021-11-01,Sudeste,RJ,Diesel,6.17,5.68,6.98,2.09,2.71,84.8,179273,Baixo
2021,11,2021-11-01,Sudeste,RJ,GLP,4.42,4.07,4.99,-0.87,11.59,102.78,171435,Crítico
2021,11,2021-11-01,Sudeste,RJ,GLP,4.96,4.57,5.61,0.36,10.53,98.39,37644,Crítico
2021,11,2021-11-01,Sudeste,RJ,Gasolina,7.12,6.55,8.05,-7.13,4.08,63.37,202237,Médio
2021,11,2021-11-01,Sudeste,MG,GNV,7.97,7.33,9.0,1.99,7.23,95.63,8169,Médio
2021,11,2021-11-01,Sudeste,MG,GLP,6.23,5.73,7.04,-1.85,6.52,51.34,212123,Médio
2021,11,2021-11-01,Sudeste,MG,GNV,6.74,6.2,7.62,0.98,3.1,59.88,102963,Alto
2021,11,2021-11-01,Sudeste,ES,GLP,4.83,4.45,5.46,2.45,6.03,84.9,126025,Médio
2021,11,2021-11-01,Sudeste,ES,Diesel,5.5,5.06,6.22,-2.94,9.52,48.74,140822,Baixo
2021,11,2021-11-01,Sudeste,ES,Etanol,4.56,4.19,5.15,2.05,8.97,68.07,157625,Baixo
2021,11,2021-11-01,Sul,PR,GNV,6.93,6.37,7.83,2.13,11.69,47.41,77792,Alto
2021,11,2021-11-01,Sul,PR,GLP,7.9,7.27,8.93,2.92,2.4,108.54,13553,Médio
2021,11,2021-11-01,Sul,SC,Gasolina,7.5,6.9,8.48,-0.93,4.29,62.01,57976,Alto
2021,11,2021-11-01,Sul,SC,Gasolina,7.38,6.79,8.34,0.84,2.91,102.32,113707,Baixo
2021,11,2021-11-01,Sul,RS,GNV,7.5,6.9,8.47,-0.22,7.85,79.67,236243,Alto
2021,11,2021-11-01,Sul,RS,GLP,6.78,6.24,7.66,-0.43,8.16,61.72,110287,Baixo
2021,12,2021-12-01,Norte,AM,GLP,5.86,5.39,6.62,1.67,6.4,65.63,25891,Alto
2021,12,2021-12-01,Norte,PA,GNV,7.84,7.21,8.86,-4.2,3.98,92.56,33837,Crítico
2021,12,2021-12-01,Norte,PA,Diesel,6.2,5.71,7.01,3.03,11.65,65.82,201630,Alto
2021,12,2021-12-01,Norte,RO,GLP,7.85,7.22,8.87,1.8,6.79,56.35,123465,Crítico
2021,12,2021-12-01,Norte,TO,GNV,3.1,2.86,3.51,-2.32,3.19,59.43,164118,Baixo
2021,12,2021-12-01,Nordeste,BA,GLP,5.26,4.84,5.95,3.33,5.43,52.82,201531,Médio
2021,12,2021-12-01,Nordeste,BA,GLP,7.31,6.72,8.26,-9.61,6.12,45.4,21157,Médio
2021,12,2021-12-01,Nordeste,PE,GNV,5.74,5.28,6.48,-8.11,3.85,83.87,26879,Crítico
2021,12,2021-12-01,Nordeste,PE,Etanol,6.3,5.8,7.12,-3.08,6.02,73.41,216493,Alto
2021,12,2021-12-01,Nordeste,CE,GLP,6.34,5.83,7.16,5.13,3.94,94.57,200229,Baixo
2021,12,2021-12-01,Nordeste,CE,Diesel,7.41,6.81,8.37,-3.01,7.73,81.05,240216,Alto
2021,12,2021-12-01,Nordeste,MA,Etanol,7.55,6.95,8.53,1.71,5.52,77.06,134949,Alto
2021,12,2021-12-01,Nordeste,PB,GNV,4.92,4.52,5.56,2.73,9.58,92.93,159301,Crítico
2021,12,2021-12-01,Centro-Oeste,DF,GNV,7.8,7.18,8.82,-6.23,9.83,91.39,63269,Crítico
2021,12,2021-12-01,Centro-Oeste,GO,GNV,4.22,3.88,4.77,-4.62,11.01,74.61,118779,Alto
2021,12,2021-12-01,Centro-Oeste,GO,GLP,4.8,4.41,5.42,-2.12,6.5,61.29,170845,Médio
2021,12,2021-12-01,Centro-Oeste,MT,Gasolina,5.54,5.1,6.26,1.25,9.41,69.6,182048,Alto
2021,12,2021-12-01,Centro-Oeste,MS,Diesel,6.58,6.05,7.43,2.17,9.63,57.21,100196,Baixo
2021,12,2021-12-01,Sudeste,SP,Gasolina,3.84,3.53,4.34,2.23,6.29,103.13,160517,Baixo
2021,12,2021-12-01,Sudeste,SP,GNV,7.08,6.51,8.0,-0.28,4.9,104.62,84464,Crítico
2021,12,2021-12-01,Sudeste,SP,GLP,3.12,2.87,3.52,2.25,11.66,102.18,84333,Alto
2021,12,2021-12-01,Sudeste,RJ,Diesel,4.79,4.4,5.41,2.12,4.05,90.99,109661,Médio
2021,12,2021-12-01,Sudeste,RJ,Diesel,3.98,3.66,4.49,-2.77,11.08,95.14,114590,Alto
2021,12,2021-12-01,Sudeste,RJ,Gasolina,3.98,3.66,4.5,2.39,9.14,93.15,7090,Crítico
2021,12,2021-12-01,Sudeste,RJ,GLP,7.21,6.63,8.15,1.23,11.84,91.17,7890,Crítico
2021,12,2021-12-01,Sudeste,MG,GLP,6.78,6.24,7.66,5.62,6.04,86.38,185307,Baixo
2021,12,2021-12-01,Sudeste,MG,Etanol,5.75,5.29,6.5,0.77,11.2,97.07,139257,Alto
2021,12,2021-12-01,Sudeste,MG,Gasolina,7.15,6.58,8.08,5.39,5.0,92.85,20217,Baixo
2021,12,2021-12-01,Sudeste,ES,Gasolina,6.31,5.8,7.13,-6.17,6.67,88.04,137903,Baixo
2021,12,2021-12-01,Sudeste,ES,Diesel,3.66,3.37,4.14,1.15,8.04,99.73,6910,Baixo
2021,12,2021-12-01,Sudeste,ES,GLP,7.14,6.57,8.07,2.83,9.09,100.26,24984,Médio
2021,12,2021-12-01,Sul,PR,Gasolina,4.39,4.04,4.96,3.72,9.4,90.96,244139,Médio
2021,12,2021-12-01,Sul,PR,Diesel,7.66,7.04,8.65,3.74,8.08,56.57,84462,Alto
2021,12,2021-12-01,Sul,SC,GLP,5.06,4.65,5.72,2.23,5.81,74.18,16498,Baixo
2021,12,2021-12-01,Sul,SC,GLP,5.52,5.07,6.23,6.68,10.32,87.65,241619,Baixo
2021,12,2021-12-01,Sul,RS,GNV,5.61,5.16,6.33,1.42,7.73,61.65,172900,Baixo
2021,12,2021-12-01,Sul,RS,GLP,5.43,4.99,6.13,-3.1,7.0,56.55,74544,Crítico
2022,1,2022-01-01,Norte,AM,Gasolina,5.44,5.0,6.14,1.05,10.03,82.67,115798,Médio
2022,1,2022-01-01,Norte,PA,Diesel,7.84,7.22,8.86,-2.16,7.9,106.26,53757,Alto
2022,1,2022-01-01,Norte,PA,Diesel,7.29,6.71,8.24,7.64,6.29,49.63,128038,Médio
2022,1,2022-01-01,Norte,RO,Diesel,4.33,3.99,4.9,-0.22,5.69,95.9,244472,Crítico
2022,1,2022-01-01,Norte,TO,GLP,4.2,3.86,4.74,-0.41,9.34,95.02,69195,Crítico
2022,1,2022-01-01,Nordeste,BA,Diesel,6.79,6.25,7.67,-3.56,7.63,47.69,12407,Crítico
2022,1,2022-01-01,Nordeste,BA,GLP,6.77,6.23,7.65,-3.62,8.96,98.0,245146,Alto
2022,1,2022-01-01,Nordeste,PE,GNV,6.51,5.99,7.35,-6.6,8.73,93.76,187276,Baixo
2022,1,2022-01-01,Nordeste,PE,Etanol,3.19,2.93,3.6,0.97,2.86,53.46,55396,Crítico
2022,1,2022-01-01,Nordeste,CE,GNV,6.65,6.11,7.51,0.24,7.64,95.06,235454,Crítico
2022,1,2022-01-01,Nordeste,CE,Diesel,6.89,6.34,7.78,-3.03,11.9,74.37,51019,Baixo
2022,1,2022-01-01,Nordeste,MA,Diesel,5.51,5.07,6.23,-1.65,8.14,78.37,8733,Médio
2022,1,2022-01-01,Nordeste,PB,GNV,6.53,6.0,7.37,1.02,3.62,51.37,65329,Crítico
2022,1,2022-01-01,Centro-Oeste,DF,Diesel,6.18,5.69,6.99,1.95,5.66,61.6,248501,Alto
2022,1,2022-01-01,Centro-Oeste,GO,GNV,5.54,5.1,6.26,-5.09,2.89,97.93,37362,Médio
2022,1,2022-01-01,Centro-Oeste,GO,GLP,5.55,5.11,6.27,-3.81,4.01,71.65,96714,Crítico
2022,1,2022-01-01,Centro-Oeste,MT,Etanol,6.09,5.6,6.88,-8.43,10.79,85.1,146949,Médio
2022,1,2022-01-01,Centro-Oeste,MS,Diesel,5.8,5.33,6.55,3.13,4.15,59.63,11861,Crítico
2022,1,2022-01-01,Sudeste,SP,GLP,7.07,6.5,7.99,-8.45,3.46,64.94,229755,Alto
2022,1,2022-01-01,Sudeste,SP,Diesel,3.89,3.58,4.4,-4.86,3.31,62.28,216018,Crítico
2022,1,2022-01-01,Sudeste,SP,GNV,4.63,4.26,5.23,3.38,11.37,97.06,143992,Baixo
2022,1,2022-01-01,Sudeste,RJ,Gasolina,3.07,2.83,3.47,5.67,3.24,52.48,62308,Médio
2022,1,2022-01-01,Sudeste,RJ,Diesel,6.35,5.84,7.17,1.53,3.49,46.0,144286,Alto
2022,1,2022-01-01,Sudeste,RJ,GLP,4.39,4.04,4.96,0.06,5.53,93.83,203437,Crítico
2022,1,2022-01-01,Sudeste,RJ,GLP,5.39,4.96,6.09,3.49,7.2,92.57,204606,Crítico
2022,1,2022-01-01,Sudeste,MG,GLP,6.83,6.28,7.72,-2.08,11.72,45.73,123461,Crítico
2022,1,2022-01-01,Sudeste,MG,GLP,6.07,5.59,6.86,2.79,10.73,62.31,111030,Alto
2022,1,2022-01-01,Sudeste,MG,Gasolina,6.65,6.11,7.51,5.78,11.8,93.49,14364,Alto
2022,1,2022-01-01,Sudeste,ES,GLP,3.64,3.35,4.11,2.9,8.77,86.15,230344,Crítico
2022,1,2022-01-01,Sudeste,ES,GLP,3.14,2.89,3.55,11.8,3.44,83.96,235429,Médio
2022,1,2022-01-01,Sudeste,ES,Etanol,3.37,3.1,3.8,-3.95,2.85,69.81,140599,Médio
2022,1,2022-01-01,Sul,PR,Diesel,5.51,5.07,6.23,-0.22,9.74,78.64,216406,Alto
2022,1,2022-01-01,Sul,PR,Etanol,7.91,7.28,8.94,-13.21,7.86,45.71,180884,Alto
2022,1,2022-01-01,Sul,SC,GLP,4.07,3.74,4.6,-5.96,10.59,57.55,147596,Baixo
2022,1,2022-01-01,Sul,SC,GNV,5.7,5.24,6.44,-3.72,8.41,76.61,191100,Médio
2022,1,2022-01-01,Sul,RS,Etanol,3.2,2.94,3.62,-0.49,11.89,47.3,5682,Alto
2022,1,2022-01-01,Sul,RS,Gasolina,4.4,4.05,4.97,1.56,7.34,100.07,232633,Crítico
2022,2,2022-02-01,Norte,AM,Etanol,6.51,5.99,7.36,1.44,3.34,97.09,177874,Crítico
2022,2,2022-02-01,Norte,PA,GNV,3.04,2.79,3.43,-8.78,2.66,72.67,9325,Crítico
2022,2,2022-02-01,Norte,PA,Diesel,3.6,3.32,4.07,2.09,11.56,86.03,188833,Crítico
2022,2,2022-02-01,Norte,RO,Diesel,3.31,3.04,3.74,-3.4,10.85,87.23,103492,Baixo
2022,2,2022-02-01,Norte,TO,Diesel,6.71,6.17,7.58,1.25,3.19,90.68,114845,Baixo
2022,2,2022-02-01,Nordeste,BA,GLP,3.65,3.36,4.12,-0.39,9.03,100.97,228730,Baixo
2022,2,2022-02-01,Nordeste,BA,Diesel,3.22,2.96,3.64,0.51,3.44,53.92,90559,Médio
2022,2,2022-02-01,Nordeste,PE,Etanol,4.47,4.11,5.05,7.53,6.99,87.32,108247,Baixo
2022,2,2022-02-01,Nordeste,PE,Etanol,3.37,3.1,3.81,-6.22,7.78,50.0,110859,Médio
2022,2,2022-02-01,Nordeste,CE,Diesel,5.62,5.17,6.35,-3.05,9.78,88.1,177104,Médio
2022,2,2022-02-01,Nordeste,CE,Diesel,7.1,6.53,8.03,4.56,9.7,69.45,140670,Crítico
2022,2,2022-02-01,Nordeste,MA,Etanol,7.34,6.75,8.3,0.81,8.07,83.57,35614,Médio
2022,2,2022-02-01,Nordeste,PB,GNV,6.19,5.7,7.0,1.78,2.01,77.2,70116,Médio
2022,2,2022-02-01,Centro-Oeste,DF,Diesel,7.04,6.47,7.95,-6.27,5.1,83.6,77488,Baixo
2022,2,2022-02-01,Centro-Oeste,GO,Gasolina,6.42,5.91,7.26,-1.07,7.3,100.84,81286,Médio
2022,2,2022-02-01,Centro-Oeste,GO,Etanol,3.54,3.26,4.01,-2.18,2.95,54.32,156286,Alto
2022,2,2022-02-01,Centro-Oeste,MT,Etanol,4.43,4.08,5.01,2.25,2.95,105.65,29404,Baixo
2022,2,2022-02-01,Centro-Oeste,MS,GLP,7.18,6.6,8.11,-0.99,10.95,93.64,186726,Crítico
2022,2,2022-02-01,Sudeste,SP,Gasolina,7.22,6.64,8.16,2.23,11.61,49.01,41276,Baixo
2022,2,2022-02-01,Sudeste,SP,Etanol,3.12,2.87,3.52,5.35,5.87,89.85,54921,Médio
2022,2,2022-02-01,Sudeste,SP,GLP,5.13,4.72,5.79,-2.23,2.48,106.3,209555,Médio
2022,2,2022-02-01,Sudeste,RJ,GLP,3.61,3.32,4.08,-1.91,6.0,82.84,228411,Alto
2022,2,2022-02-01,Sudeste,RJ,Etanol,6.56,6.04,7.41,-2.01,5.19,69.35,40650,Alto
2022,2,2022-02-01,Sudeste,RJ,Etanol,7.51,6.91,8.49,-6.67,3.69,86.5,38737,Baixo
2022,2,2022-02-01,Sudeste,RJ,GNV,3.93,3.61,4.44,-2.22,2.7,88.79,212009,Baixo
2022,2,2022-02-01,Sudeste,MG,Etanol,5.18,4.77,5.86,2.55,11.17,79.83,186086,Baixo
2022,2,2022-02-01,Sudeste,MG,Gasolina,4.97,4.57,5.61,1.67,5.54,63.0,19278,Médio
2022,2,2022-02-01,Sudeste,MG,Diesel,7.05,6.48,7.96,1.82,4.78,106.25,56922,Baixo
2022,2,2022-02-01,Sudeste,ES,Gasolina,3.02,2.78,3.41,1.32,5.25,90.76,164866,Médio
2022,2,2022-02-01,Sudeste,ES,Diesel,5.4,4.97,6.11,6.67,6.79,86.42,226905,Crítico
2022,2,2022-02-01,Sudeste,ES,Etanol,7.23,6.65,8.17,0.09,11.35,94.87,182013,Baixo
2022,2,2022-02-01,Sul,PR,Diesel,3.13,2.88,3.54,-5.39,5.1,90.56,100809,Crítico
2022,2,2022-02-01,Sul,PR,Etanol,6.58,6.05,7.43,2.72,4.19,82.27,38733,Médio
2022,2,2022-02-01,Sul,SC,GLP,4.64,4.27,5.25,1.81,9.56,51.13,174129,Crítico
2022,2,2022-02-01,Sul,SC,Diesel,3.71,3.41,4.19,-6.86,9.4,65.65,127600,Crítico
2022,2,2022-02-01,Sul,RS,Diesel,3.8,3.5,4.3,-3.96,11.91,50.47,196413,Médio
2022,2,2022-02-01,Sul,RS,GLP,5.87,5.4,6.63,0.26,3.37,63.48,175373,Crítico
2022,3,2022-03-01,Norte,AM,Gasolina,4.98,4.59,5.63,-0.15,3.14,53.57,172769,Médio
2022,3,2022-03-01,Norte,PA,Gasolina,6.5,5.98,7.34,-0.27,8.46,93.93,134308,Baixo
2022,3,2022-03-01,Norte,PA,GLP,4.59,4.22,5.18,6.45,2.46,67.89,141972,Médio
2022,3,2022-03-01,Norte,RO,GNV,7.1,6.53,8.02,-1.4,2.82,101.9,216182,Alto
2022,3,2022-03-01,Norte,TO,GLP,7.75,7.13,8.76,1.65,2.36,65.77,201267,Crítico
2022,3,2022-03-01,Nordeste,BA,Gasolina,5.34,4.91,6.03,-2.89,10.15,81.43,98297,Baixo
2022,3,2022-03-01,Nordeste,BA,GNV,5.85,5.38,6.61,3.18,3.46,92.04,155076,Baixo
2022,3,2022-03-01,Nordeste,PE,GLP,6.97,6.41,7.88,1.94,3.19,46.69,231583,Crítico
2022,3,2022-03-01,Nordeste,PE,Etanol,7.33,6.75,8.29,-11.71,7.52,86.52,48393,Alto
2022,3,2022-03-01,Nordeste,CE,Etanol,7.74,7.13,8.75,-2.94,11.5,68.24,104065,Baixo
2022,3,2022-03-01,Nordeste,CE,Gasolina,4.45,4.1,5.03,1.63,10.96,104.0,241639,Alto
2022,3,2022-03-01,Nordeste,MA,Etanol,7.95,7.31,8.98,-5.45,3.05,102.33,192133,Médio
2022,3,2022-03-01,Nordeste,PB,Diesel,4.67,4.3,5.28,-5.56,9.49,75.84,95716,Crítico
2022,3,2022-03-01,Centro-Oeste,DF,Gasolina,3.55,3.26,4.01,-1.19,2.73,104.73,59073,Alto
2022,3,2022-03-01,Centro-Oeste,GO,Etanol,7.6,6.99,8.58,3.66,7.46,84.63,239057,Baixo
2022,3,2022-03-01,Centro-Oeste,GO,Diesel,7.89,7.26,8.91,-1.67,9.54,79.67,139862,Crítico
2022,3,2022-03-01,Centro-Oeste,MT,GNV,6.92,6.37,7.82,-0.76,7.21,100.5,77244,Alto
2022,3,2022-03-01,Centro-Oeste,MS,Etanol,5.81,5.35,6.57,-1.16,8.29,62.84,32026,Médio
2022,3,2022-03-01,Sudeste,SP,Etanol,4.87,4.48,5.5,-0.87,8.72,67.65,34678,Médio
2022,3,2022-03-01,Sudeste,SP,GLP,7.37,6.78,8.33,4.1,9.19,93.65,100485,Alto
2022,3,2022-03-01,Sudeste,SP,Diesel,6.71,6.18,7.59,1.09,7.19,66.4,207986,Crítico
2022,3,2022-03-01,Sudeste,RJ,Etanol,6.07,5.59,6.86,3.3,3.36,102.92,23148,Crítico
2022,3,2022-03-01,Sudeste,RJ,Etanol,6.95,6.4,7.86,-3.16,8.87,55.4,133746,Baixo
2022,3,2022-03-01,Sudeste,RJ,Diesel,6.67,6.14,7.54,-2.85,10.13,108.34,23359,Médio
2022,3,2022-03-01,Sudeste,RJ,Diesel,5.01,4.61,5.66,-3.11,6.03,79.06,232406,Crítico
2022,3,2022-03-01,Sudeste,MG,Gasolina,5.94,5.46,6.71,-5.54,7.59,50.72,195126,Alto
2022,3,2022-03-01,Sudeste,MG,Diesel,4.26,3.92,4.82,-1.15,4.52,101.49,69341,Baixo
2022,3,2022-03-01,Sudeste,MG,Gasolina,5.17,4.76,5.85,0.82,7.14,108.64,73624,Baixo
2022,3,2022-03-01,Sudeste,ES,Gasolina,3.52,3.24,3.98,-2.86,11.24,85.03,180287,Alto
2022,3,2022-03-01,Sudeste,ES,GNV,3.97,3.65,4.49,0.11,9.61,49.75,233400,Crítico
2022,3,2022-03-01,Sudeste,ES,Gasolina,3.98,3.66,4.5,-0.41,11.07,54.39,78381,Médio
2022,3,2022-03-01,Sul,PR,GLP,5.57,5.13,6.3,1.97,11.3,108.53,238861,Crítico
2022,3,2022-03-01,Sul,PR,Etanol,3.04,2.79,3.43,-2.83,8.43,87.56,22614,Médio
2022,3,2022-03-01,Sul,SC,Diesel,7.2,6.62,8.14,-1.88,10.34,66.43,233252,Médio
2022,3,2022-03-01,Sul,SC,Etanol,5.7,5.25,6.45,1.81,10.31,84.11,53845,Crítico
2022,3,2022-03-01,Sul,RS,Diesel,5.3,4.88,5.99,4.15,9.02,106.57,196709,Baixo
2022,3,2022-03-01,Sul,RS,GNV,6.13,5.64,6.93,3.66,4.16,99.71,48889,Baixo
2022,4,2022-04-01,Norte,AM,GLP,3.72,3.42,4.2,4.92,2.06,91.45,171491,Crítico
2022,4,2022-04-01,Norte,PA,Diesel,3.62,3.33,4.09,-2.89,3.03,45.42,124169,Alto
2022,4,2022-04-01,Norte,PA,GLP,3.48,3.2,3.93,-0.98,10.83,66.23,103327,Baixo
2022,4,2022-04-01,Norte,RO,GNV,5.41,4.98,6.11,8.52,10.92,62.95,66339,Crítico
2022,4,2022-04-01,Norte,TO,Gasolina,6.63,6.1,7.5,6.28,10.12,85.59,45516,Alto
2022,4,2022-04-01,Nordeste,BA,Diesel,4.12,3.79,4.66,-1.05,7.21,71.82,137483,Alto
2022,4,2022-04-01,Nordeste,BA,GLP,3.35,3.08,3.78,1.59,10.36,53.23,194772,Baixo
2022,4,2022-04-01,Nordeste,PE,GNV,4.75,4.37,5.37,0.86,3.74,45.01,180632,Alto
2022,4,2022-04-01,Nordeste,PE,Diesel,6.63,6.1,7.49,4.95,7.55,50.57,155069,Médio
2022,4,2022-04-01,Nordeste,CE,GNV,6.47,5.95,7.31,-8.65,7.34,52.12,104996,Alto
2022,4,2022-04-01,Nordeste,CE,Gasolina,3.39,3.12,3.84,4.9,2.11,46.03,65525,Alto
2022,4,2022-04-01,Nordeste,MA,Etanol,4.99,4.59,5.64,0.47,11.57,105.84,16306,Baixo
2022,4,2022-04-01,Nordeste,PB,Diesel,5.84,5.37,6.6,4.08,6.77,108.5,54498,Alto
2022,4,2022-04-01,Centro-Oeste,DF,GNV,7.42,6.83,8.38,7.93,5.14,64.66,13411,Médio
2022,4,2022-04-01,Centro-Oeste,GO,Etanol,4.33,3.98,4.89,-3.7,7.42,63.06,53630,Médio
2022,4,2022-04-01,Centro-Oeste,GO,Gasolina,4.05,3.73,4.58,-1.69,9.39,71.04,123917,Médio
2022,4,2022-04-01,Centro-Oeste,MT,GLP,6.57,6.05,7.43,1.33,3.2,62.5,244015,Alto
2022,4,2022-04-01,Centro-Oeste,MS,GNV,7.86,7.23,8.88,-0.28,6.28,58.5,62950,Crítico
2022,4,2022-04-01,Sudeste,SP,GLP,7.38,6.79,8.34,5.06,8.36,107.96,149051,Baixo
2022,4,2022-04-01,Sudeste,SP,Diesel,3.94,3.63,4.46,6.34,6.03,101.35,127648,Crítico
2022,4,2022-04-01,Sudeste,SP,Diesel,7.53,6.93,8.51,5.6,5.64,61.85,142059,Médio
2022,4,2022-04-01,Sudeste,RJ,Diesel,7.94,7.31,8.98,5.12,3.21,58.14,55792,Crítico
2022,4,2022-04-01,Sudeste,RJ,Etanol,6.65,6.12,7.52,-1.09,5.01,91.22,239720,Crítico
2022,4,2022-04-01,Sudeste,RJ,GNV,6.93,6.38,7.83,4.55,11.98,98.49,5431,Baixo
2022,4,2022-04-01,Sudeste,RJ,Diesel,3.84,3.54,4.34,-6.06,5.98,109.7,103214,Alto
2022,4,2022-04-01,Sudeste,MG,Diesel,3.5,3.22,3.96,1.5,6.98,49.67,27553,Crítico
2022,4,2022-04-01,Sudeste,MG,GNV,4.33,3.99,4.89,6.53,7.15,49.96,38291,Alto
2022,4,2022-04-01,Sudeste,MG,Gasolina,5.22,4.81,5.9,2.66,10.62,94.01,146057,Crítico
2022,4,2022-04-01,Sudeste,ES,GLP,3.37,3.1,3.8,-4.08,2.6,109.12,188263,Baixo
2022,4,2022-04-01,Sudeste,ES,GLP,4.56,4.19,5.15,0.82,5.44,84.98,96502,Alto
2022,4,2022-04-01,Sudeste,ES,GNV,3.67,3.38,4.15,7.99,11.61,63.97,60629,Baixo
2022,4,2022-04-01,Sul,PR,GNV,3.63,3.34,4.1,2.88,7.54,55.65,161203,Médio
2022,4,2022-04-01,Sul,PR,GNV,4.83,4.44,5.45,8.58,6.78,52.94,215876,Baixo
2022,4,2022-04-01,Sul,SC,GNV,5.3,4.88,5.99,1.13,7.92,81.23,91713,Crítico
2022,4,2022-04-01,Sul,SC,Diesel,7.6,6.99,8.59,2.5,2.4,93.85,188943,Alto
2022,4,2022-04-01,Sul,RS,Etanol,5.88,5.41,6.64,-4.69,9.93,96.8,122702,Alto
2022,4,2022-04-01,Sul,RS,GLP,7.31,6.73,8.26,-3.69,5.56,107.17,216720,Baixo
2022,5,2022-05-01,Norte,AM,Gasolina,4.86,4.47,5.49,3.93,3.72,86.07,117608,Alto
2022,5,2022-05-01,Norte,PA,GNV,3.69,3.39,4.17,-0.1,3.11,95.11,154506,Médio
2022,5,2022-05-01,Norte,PA,Diesel,3.38,3.11,3.82,-1.75,6.22,103.74,100455,Médio
2022,5,2022-05-01,Norte,RO,Diesel,4.9,4.51,5.53,5.95,5.51,45.04,118027,Baixo
2022,5,2022-05-01,Norte,TO,Etanol,3.29,3.03,3.72,1.05,10.45,92.13,93189,Médio
2022,5,2022-05-01,Nordeste,BA,GNV,7.16,6.58,8.09,-0.37,5.44,64.42,8763,Crítico
2022,5,2022-05-01,Nordeste,BA,Gasolina,5.92,5.45,6.69,-2.02,11.15,92.95,43178,Crítico
2022,5,2022-05-01,Nordeste,PE,Diesel,3.23,2.98,3.66,-0.27,5.23,83.39,136931,Baixo
2022,5,2022-05-01,Nordeste,PE,GNV,3.26,3.0,3.68,-2.65,6.6,48.83,65937,Alto
2022,5,2022-05-01,Nordeste,CE,GLP,5.44,5.01,6.15,-3.45,6.58,87.42,7674,Baixo
2022,5,2022-05-01,Nordeste,CE,Etanol,7.36,6.77,8.32,-1.09,9.43,109.01,134648,Crítico
2022,5,2022-05-01,Nordeste,MA,GNV,3.51,3.23,3.97,4.95,11.83,72.31,73443,Alto
2022,5,2022-05-01,Nordeste,PB,Gasolina,7.41,6.82,8.38,-3.35,5.31,65.09,230416,Médio
2022,5,2022-05-01,Centro-Oeste,DF,GLP,5.54,5.1,6.26,4.48,9.2,106.25,138726,Alto
2022,5,2022-05-01,Centro-Oeste,GO,Diesel,3.44,3.17,3.89,-2.57,6.34,73.51,78977,Baixo
2022,5,2022-05-01,Centro-Oeste,GO,Diesel,7.32,6.74,8.27,0.01,11.87,88.53,79175,Baixo
2022,5,2022-05-01,Centro-Oeste,MT,GLP,5.13,4.72,5.8,-2.94,10.77,60.43,133612,Baixo
2022,5,2022-05-01,Centro-Oeste,MS,Etanol,6.73,6.19,7.61,1.36,9.52,103.74,86717,Crítico
2022,5,2022-05-01,Sudeste,SP,GLP,6.14,5.65,6.94,-0.14,8.39,48.49,215050,Baixo
2022,5,2022-05-01,Sudeste,SP,GNV,4.12,3.79,4.66,-1.65,11.52,50.65,38467,Alto
2022,5,2022-05-01,Sudeste,SP,Gasolina,6.53,6.01,7.38,-0.97,7.13,67.75,191157,Baixo
2022,5,2022-05-01,Sudeste,RJ,Gasolina,7.08,6.51,8.0,-1.48,4.41,104.04,227408,Baixo
2022,5,2022-05-01,Sudeste,RJ,GLP,5.98,5.5,6.75,-1.66,3.44,69.32,179736,Alto
2022,5,2022-05-01,Sudeste,RJ,Diesel,5.63,5.18,6.36,2.51,7.24,102.68,60390,Crítico
2022,5,2022-05-01,Sudeste,RJ,GNV,7.18,6.61,8.12,0.2,2.97,56.07,78193,Crítico
2022,5,2022-05-01,Sudeste,MG,GLP,4.9,4.5,5.53,-0.63,6.68,76.93,56052,Alto
2022,5,2022-05-01,Sudeste,MG,Diesel,4.63,4.26,5.23,-1.88,9.23,49.84,127299,Médio
2022,5,2022-05-01,Sudeste,MG,Diesel,6.23,5.73,7.04,3.58,9.51,76.77,166525,Médio
2022,5,2022-05-01,Sudeste,ES,Etanol,7.64,7.03,8.64,-0.39,7.16,98.69,28140,Médio
2022,5,2022-05-01,Sudeste,ES,GLP,6.85,6.3,7.74,1.99,4.47,69.14,62345,Alto
2022,5,2022-05-01,Sudeste,ES,GLP,7.61,7.0,8.6,-8.02,5.55,77.28,148318,Alto
2022,5,2022-05-01,Sul,PR,Diesel,4.75,4.37,5.37,3.53,2.67,51.04,149541,Médio
2022,5,2022-05-01,Sul,PR,Etanol,4.6,4.23,5.2,-1.12,10.96,67.53,23452,Crítico
2022,5,2022-05-01,Sul,SC,Diesel,5.34,4.91,6.03,-0.35,11.11,66.27,39968,Alto
2022,5,2022-05-01,Sul,SC,Diesel,3.91,3.6,4.42,1.87,10.23,74.39,176182,Crítico
2022,5,2022-05-01,Sul,RS,Gasolina,6.47,5.96,7.32,5.37,4.93,86.16,25906,Baixo
2022,5,2022-05-01,Sul,RS,Etanol,4.72,4.34,5.34,-2.84,2.05,104.35,99032,Alto
2022,6,2022-06-01,Norte,AM,GNV,5.76,5.3,6.51,-0.67,8.78,56.71,217755,Crítico
2022,6,2022-06-01,Norte,PA,Diesel,3.47,3.2,3.93,3.35,2.23,101.13,180314,Baixo
2022,6,2022-06-01,Norte,PA,Diesel,4.75,4.37,5.36,8.01,4.8,74.86,188502,Crítico
2022,6,2022-06-01,Norte,RO,GLP,4.35,4.0,4.91,-2.91,5.05,69.84,158796,Crítico
2022,6,2022-06-01,Norte,TO,Diesel,3.66,3.37,4.14,-0.3,3.6,60.14,102773,Alto
2022,6,2022-06-01,Nordeste,BA,GNV,7.87,7.24,8.9,4.21,3.82,107.28,89760,Alto
2022,6,2022-06-01,Nordeste,BA,GNV,5.4,4.96,6.1,2.4,2.23,77.16,82988,Crítico
2022,6,2022-06-01,Nordeste,PE,Gasolina,5.64,5.19,6.38,-0.17,3.01,57.98,245672,Alto
2022,6,2022-06-01,Nordeste,PE,Etanol,6.57,6.04,7.42,4.14,5.07,104.67,171604,Baixo
2022,6,2022-06-01,Nordeste,CE,GNV,6.48,5.96,7.32,6.02,8.85,95.32,122751,Crítico
2022,6,2022-06-01,Nordeste,CE,Etanol,7.93,7.3,8.96,5.47,11.75,87.43,80976,Alto
2022,6,2022-06-01,Nordeste,MA,GLP,7.29,6.71,8.24,-2.23,5.41,106.71,202601,Médio
2022,6,2022-06-01,Nordeste,PB,Gasolina,3.27,3.01,3.69,1.33,11.89,69.04,160680,Crítico
2022,6,2022-06-01,Centro-Oeste,DF,GLP,6.09,5.6,6.88,-6.23,6.85,85.23,168836,Médio
2022,6,2022-06-01,Centro-Oeste,GO,Gasolina,6.36,5.85,7.19,0.43,6.04,94.79,148798,Crítico
2022,6,2022-06-01,Centro-Oeste,GO,GNV,4.77,4.39,5.39,5.32,8.95,57.55,249482,Crítico
2022,6,2022-06-01,Centro-Oeste,MT,Gasolina,6.04,5.56,6.82,5.86,6.28,55.6,234626,Baixo
2022,6,2022-06-01,Centro-Oeste,MS,GNV,4.28,3.94,4.84,1.78,8.73,70.62,18126,Médio
2022,6,2022-06-01,Sudeste,SP,Diesel,5.54,5.09,6.26,4.84,5.0,56.1,143787,Crítico
2022,6,2022-06-01,Sudeste,SP,GNV,4.36,4.01,4.93,3.42,7.59,107.69,21473,Baixo
2022,6,2022-06-01,Sudeste,SP,GNV,3.68,3.39,4.16,-2.04,6.93,104.66,71514,Médio
2022,6,2022-06-01,Sudeste,RJ,Diesel,3.56,3.27,4.02,1.92,11.65,75.05,114046,Crítico
2022,6,2022-06-01,Sudeste,RJ,Diesel,6.82,6.28,7.71,2.77,8.62,108.1,235164,Médio
2022,6,2022-06-01,Sudeste,RJ,Etanol,6.76,6.22,7.64,1.69,7.07,84.42,126990,Crítico
2022,6,2022-06-01,Sudeste,RJ,GNV,3.76,3.46,4.25,-2.89,9.36,49.68,203686,Crítico
2022,6,2022-06-01,Sudeste,MG,Gasolina,3.93,3.62,4.44,-0.9,11.29,53.69,167455,Médio
2022,6,2022-06-01,Sudeste,MG,Etanol,6.16,5.67,6.96,8.97,7.16,103.61,35687,Crítico
2022,6,2022-06-01,Sudeste,MG,GNV,5.59,5.14,6.32,2.46,10.9,101.38,184848,Alto
2022,6,2022-06-01,Sudeste,ES,Etanol,4.91,4.52,5.55,-3.64,11.14,69.24,159329,Baixo
2022,6,2022-06-01,Sudeste,ES,Gasolina,5.03,4.62,5.68,1.51,5.48,94.77,15571,Alto
2022,6,2022-06-01,Sudeste,ES,Etanol,8.0,7.36,9.04,-10.18,3.25,83.91,150041,Baixo
2022,6,2022-06-01,Sul,PR,Diesel,7.16,6.59,8.1,-0.96,11.08,45.83,156369,Alto
2022,6,2022-06-01,Sul,PR,Gasolina,6.48,5.96,7.32,-1.56,4.09,49.56,183642,Alto
2022,6,2022-06-01,Sul,SC,GNV,4.33,3.98,4.89,1.73,8.92,86.59,128464,Médio
2022,6,2022-06-01,Sul,SC,Diesel,3.46,3.18,3.91,-2.38,4.24,57.39,240842,Baixo
2022,6,2022-06-01,Sul,RS,Gasolina,4.06,3.74,4.59,6.73,10.34,101.7,156478,Alto
2022,6,2022-06-01,Sul,RS,GNV,3.62,3.33,4.09,1.23,6.17,106.77,158579,Baixo
2022,7,2022-07-01,Norte,AM,GLP,7.12,6.55,8.04,5.65,4.92,57.92,93045,Baixo
2022,7,2022-07-01,Norte,PA,Gasolina,4.5,4.14,5.08,1.56,8.98,49.12,87647,Alto
2022,7,2022-07-01,Norte,PA,GNV,4.56,4.2,5.16,-3.08,2.07,62.28,156484,Alto
2022,7,2022-07-01,Norte,RO,Diesel,7.36,6.77,8.32,1.77,9.93,46.26,178434,Alto
2022,7,2022-07-01,Norte,TO,GNV,6.12,5.63,6.92,3.54,8.9,46.57,232296,Médio
2022,7,2022-07-01,Nordeste,BA,GNV,5.29,4.86,5.97,5.6,4.58,82.95,67789,Alto
2022,7,2022-07-01,Nordeste,BA,GNV,3.68,3.38,4.15,-0.63,9.24,108.26,245742,Crítico
2022,7,2022-07-01,Nordeste,PE,GNV,5.44,5.0,6.15,7.89,5.84,50.74,184494,Crítico
2022,7,2022-07-01,Nordeste,PE,Gasolina,7.93,7.3,8.97,2.23,11.53,47.65,226664,Crítico
2022,7,2022-07-01,Nordeste,CE,Etanol,6.97,6.41,7.88,7.5,5.72,86.14,222980,Médio
2022,7,2022-07-01,Nordeste,CE,GLP,7.5,6.9,8.47,3.47,3.84,68.44,84278,Crítico
2022,7,2022-07-01,Nordeste,MA,Diesel,3.4,3.13,3.85,-6.17,3.54,55.1,50160,Crítico
2022,7,2022-07-01,Nordeste,PB,Etanol,7.92,7.28,8.95,-3.07,3.67,91.3,106812,Alto
2022,7,2022-07-01,Centro-Oeste,DF,Etanol,6.08,5.59,6.87,4.49,5.52,45.32,174549,Crítico
2022,7,2022-07-01,Centro-Oeste,GO,GLP,7.73,7.11,8.73,-7.41,3.45,64.4,127159,Crítico
2022,7,2022-07-01,Centro-Oeste,GO,Etanol,3.03,2.79,3.43,4.1,2.77,59.31,17314,Médio
2022,7,2022-07-01,Centro-Oeste,MT,Etanol,6.62,6.09,7.48,-2.91,5.79,61.56,136833,Médio
2022,7,2022-07-01,Centro-Oeste,MS,Diesel,7.53,6.93,8.51,1.07,11.26,49.3,146031,Crítico
2022,7,2022-07-01,Sudeste,SP,Etanol,6.15,5.66,6.95,2.3,11.09,74.67,8089,Baixo
2022,7,2022-07-01,Sudeste,SP,GNV,5.67,5.22,6.41,-1.38,3.37,72.72,76659,Alto
2022,7,2022-07-01,Sudeste,SP,Etanol,7.9,7.26,8.92,-2.09,4.35,107.34,198178,Baixo
2022,7,2022-07-01,Sudeste,RJ,GLP,5.9,5.43,6.67,-0.69,7.14,96.86,238329,Crítico
2022,7,2022-07-01,Sudeste,RJ,GNV,4.12,3.79,4.65,3.37,3.87,69.54,133209,Médio
2022,7,2022-07-01,Sudeste,RJ,Etanol,3.26,3.0,3.69,0.22,11.68,87.79,164002,Alto
2022,7,2022-07-01,Sudeste,RJ,Etanol,3.73,3.43,4.22,-1.04,7.64,89.08,29072,Crítico
2022,7,2022-07-01,Sudeste,MG,GNV,6.44,5.92,7.27,0.69,4.8,67.58,242845,Médio
2022,7,2022-07-01,Sudeste,MG,Etanol,3.03,2.79,3.43,-1.37,7.26,89.78,240205,Alto
2022,7,2022-07-01,Sudeste,MG,Etanol,3.48,3.2,3.93,3.0,4.06,56.32,71693,Crítico
2022,7,2022-07-01,Sudeste,ES,Etanol,3.37,3.1,3.8,1.17,4.39,67.09,20643,Crítico
2022,7,2022-07-01,Sudeste,ES,Gasolina,7.65,7.03,8.64,0.88,9.82,71.97,242642,Alto
2022,7,2022-07-01,Sudeste,ES,Gasolina,5.86,5.39,6.62,-5.95,8.73,73.7,165049,Baixo
2022,7,2022-07-01,Sul,PR,GLP,7.69,7.07,8.69,-6.49,7.97,94.28,147071,Médio
2022,7,2022-07-01,Sul,PR,GLP,6.74,6.2,7.62,2.54,7.72,84.53,218626,Alto
2022,7,2022-07-01,Sul,SC,Gasolina,3.91,3.6,4.42,0.69,9.72,71.19,20090,Baixo
2022,7,2022-07-01,Sul,SC,Gasolina,5.54,5.1,6.26,-5.88,9.11,73.74,41138,Médio
2022,7,2022-07-01,Sul,RS,GNV,3.03,2.79,3.43,-7.46,2.75,107.44,15326,Médio
2022,7,2022-07-01,Sul,RS,Gasolina,3.97,3.65,4.49,-2.74,3.5,73.48,56496,Baixo
2022,8,2022-08-01,Norte,AM,GLP,5.21,4.79,5.89,8.94,8.3,65.56,152738,Baixo
2022,8,2022-08-01,Norte,PA,GNV,6.86,6.31,7.75,-6.32,4.27,64.73,97955,Baixo
2022,8,2022-08-01,Norte,PA,Gasolina,3.94,3.62,4.45,2.68,10.71,97.18,111746,Crítico
2022,8,2022-08-01,Norte,RO,GNV,7.01,6.45,7.92,3.55,10.29,91.55,63582,Baixo
2022,8,2022-08-01,Norte,TO,Gasolina,7.2,6.62,8.13,1.39,7.41,49.75,95878,Médio
2022,8,2022-08-01,Nordeste,BA,GNV,5.53,5.09,6.25,2.21,5.91,68.64,183648,Baixo
2022,8,2022-08-01,Nordeste,BA,GNV,7.91,7.28,8.94,6.54,4.59,64.77,105850,Baixo
2022,8,2022-08-01,Nordeste,PE,GNV,6.86,6.31,7.76,0.16,3.9,69.32,53939,Alto
2022,8,2022-08-01,Nordeste,PE,Diesel,4.32,3.97,4.88,-0.21,5.27,50.84,90591,Alto
2022,8,2022-08-01,Nordeste,CE,Gasolina,3.07,2.82,3.47,0.78,11.14,49.55,193680,Alto
2022,8,2022-08-01,Nordeste,CE,Etanol,4.78,4.39,5.4,2.21,6.42,65.51,26293,Crítico
2022,8,2022-08-01,Nordeste,MA,Etanol,4.43,4.08,5.01,-3.45,10.39,79.5,105863,Crítico
2022,8,2022-08-01,Nordeste,PB,Gasolina,7.35,6.76,8.31,2.02,4.89,53.33,187969,Crítico
2022,8,2022-08-01,Centro-Oeste,DF,Gasolina,4.54,4.18,5.14,-2.12,2.15,49.83,77223,Baixo
2022,8,2022-08-01,Centro-Oeste,GO,Etanol,4.35,4.0,4.92,-2.15,2.52,97.58,52044,Médio
2022,8,2022-08-01,Centro-Oeste,GO,Diesel,6.29,5.78,7.1,-0.13,5.16,52.21,224692,Alto
2022,8,2022-08-01,Centro-Oeste,MT,Gasolina,6.57,6.05,7.43,6.46,11.84,71.41,40897,Baixo
2022,8,2022-08-01,Centro-Oeste,MS,Etanol,6.2,5.71,7.01,-2.19,8.45,49.24,8840,Alto
2022,8,2022-08-01,Sudeste,SP,GNV,3.25,2.99,3.67,1.08,6.26,65.8,21786,Crítico
2022,8,2022-08-01,Sudeste,SP,Etanol,6.84,6.3,7.73,-0.56,8.8,64.09,129983,Médio
2022,8,2022-08-01,Sudeste,SP,GNV,4.76,4.38,5.38,0.78,8.0,48.07,168175,Alto
2022,8,2022-08-01,Sudeste,RJ,GLP,3.9,3.58,4.4,-4.53,11.04,101.09,28606,Baixo
2022,8,2022-08-01,Sudeste,RJ,Gasolina,6.0,5.52,6.78,0.92,7.68,75.68,145412,Crítico
2022,8,2022-08-01,Sudeste,RJ,Diesel,3.31,3.04,3.74,-2.33,10.13,49.16,174824,Baixo
2022,8,2022-08-01,Sudeste,RJ,Etanol,5.49,5.05,6.2,-5.13,10.52,70.55,88892,Crítico
2022,8,2022-08-01,Sudeste,MG,Diesel,5.15,4.74,5.82,-1.29,5.29,74.93,103144,Baixo
2022,8,2022-08-01,Sudeste,MG,Etanol,4.04,3.71,4.56,-2.76,8.91,54.72,80614,Alto
2022,8,2022-08-01,Sudeste,MG,GLP,3.59,3.3,4.05,2.52,9.93,79.12,237541,Crítico
2022,8,2022-08-01,Sudeste,ES,Diesel,4.19,3.86,4.74,-0.15,3.81,46.9,229906,Baixo
2022,8,2022-08-01,Sudeste,ES,GLP,6.84,6.29,7.73,-2.01,2.62,75.8,162744,Crítico
2022,8,2022-08-01,Sudeste,ES,Diesel,6.01,5.53,6.79,5.36,2.22,55.98,226440,Baixo
2022,8,2022-08-01,Sul,PR,Etanol,4.36,4.01,4.92,-0.36,4.34,46.04,87401,Crítico
2022,8,2022-08-01,Sul,PR,Etanol,6.89,6.34,7.78,-5.08,2.28,109.8,205982,Alto
2022,8,2022-08-01,Sul,SC,Diesel,7.95,7.31,8.98,-3.06,4.55,59.54,75955,Alto
2022,8,2022-08-01,Sul,SC,Etanol,4.52,4.16,5.11,6.17,5.7,101.95,48105,Médio
2022,8,2022-08-01,Sul,RS,Gasolina,4.23,3.89,4.78,1.85,11.66,91.09,37149,Médio
2022,8,2022-08-01,Sul,RS,Etanol,5.14,4.73,5.81,-1.82,6.3,76.29,50825,Médio
2022,9,2022-09-01,Norte,AM,Etanol,5.54,5.1,6.26,0.38,7.07,100.25,79849,Médio
2022,9,2022-09-01,Norte,PA,Diesel,7.97,7.33,9.0,3.21,10.21,76.49,162972,Crítico
2022,9,2022-09-01,Norte,PA,GLP,4.35,4.0,4.92,-2.26,11.05,68.4,227060,Crítico
2022,9,2022-09-01,Norte,RO,Gasolina,3.47,3.19,3.92,-1.97,4.38,86.73,67052,Médio
2022,9,2022-09-01,Norte,TO,Gasolina,4.9,4.51,5.54,-4.95,3.74,63.98,82620,Baixo
2022,9,2022-09-01,Nordeste,BA,Gasolina,7.72,7.1,8.73,-3.41,5.92,84.58,174163,Alto
2022,9,2022-09-01,Nordeste,BA,Etanol,7.29,6.71,8.24,-3.95,8.95,87.11,205233,Alto
2022,9,2022-09-01,Nordeste,PE,Etanol,5.42,4.99,6.13,5.66,2.56,102.53,173952,Alto
2022,9,2022-09-01,Nordeste,PE,GNV,4.85,4.46,5.48,4.12,2.43,69.4,79225,Baixo
2022,9,2022-09-01,Nordeste,CE,Etanol,3.86,3.55,4.36,-3.76,10.51,50.33,19003,Alto
2022,9,2022-09-01,Nordeste,CE,Etanol,7.8,7.18,8.82,3.45,5.09,83.37,208984,Crítico
2022,9,2022-09-01,Nordeste,MA,Diesel,4.55,4.18,5.14,3.2,3.8,105.75,205136,Alto
2022,9,2022-09-01,Nordeste,PB,Gasolina,3.91,3.6,4.42,-1.82,4.97,79.56,208392,Médio
2022,9,2022-09-01,Centro-Oeste,DF,Gasolina,3.64,3.35,4.12,-0.93,4.81,103.71,53822,Baixo
2022,9,2022-09-01,Centro-Oeste,GO,Gasolina,5.69,5.23,6.43,5.12,6.48,45.37,59085,Médio
2022,9,2022-09-01,Centro-Oeste,GO,Diesel,5.57,5.12,6.29,2.63,4.4,62.68,47765,Baixo
2022,9,2022-09-01,Centro-Oeste,MT,GNV,4.47,4.11,5.05,1.33,10.84,81.24,106224,Médio
2022,9,2022-09-01,Centro-Oeste,MS,Diesel,4.01,3.69,4.54,-0.88,4.41,109.38,100898,Alto
2022,9,2022-09-01,Sudeste,SP,Diesel,7.97,7.33,9.01,0.13,6.45,79.91,222457,Baixo
2022,9,2022-09-01,Sudeste,SP,Gasolina,7.36,6.77,8.31,-2.53,2.44,80.52,166667,Alto
2022,9,2022-09-01,Sudeste,SP,Diesel,7.47,6.87,8.44,-6.71,5.43,85.39,188382,Médio
2022,9,2022-09-01,Sudeste,RJ,GNV,6.51,5.99,7.36,-4.75,8.98,107.73,38594,Crítico
2022,9,2022-09-01,Sudeste,RJ,GNV,6.64,6.11,7.5,-3.67,11.21,94.68,173091,Médio
2022,9,2022-09-01,Sudeste,RJ,Gasolina,5.95,5.47,6.72,-0.52,11.74,108.56,161325,Médio
2022,9,2022-09-01,Sudeste,RJ,Gasolina,5.65,5.2,6.38,7.56,6.52,54.26,147469,Alto
2022,9,2022-09-01,Sudeste,MG,GNV,6.77,6.23,7.66,2.62,3.87,81.83,72531,Alto
2022,9,2022-09-01,Sudeste,MG,Gasolina,7.39,6.8,8.35,0.98,5.85,101.26,172168,Médio
2022,9,2022-09-01,Sudeste,MG,GLP,3.19,2.94,3.61,14.73,9.65,99.69,78942,Alto
2022,9,2022-09-01,Sudeste,ES,GLP,3.46,3.18,3.91,-1.21,5.04,80.06,159645,Médio
2022,9,2022-09-01,Sudeste,ES,GLP,3.91,3.6,4.42,2.41,8.11,109.41,196088,Médio
2022,9,2022-09-01,Sudeste,ES,GNV,7.77,7.15,8.78,-4.88,5.14,105.51,78418,Médio
2022,9,2022-09-01,Sul,PR,GLP,7.49,6.89,8.46,-2.06,9.8,49.84,214092,Médio
2022,9,2022-09-01,Sul,PR,Gasolina,4.51,4.15,5.1,3.11,6.65,61.9,105891,Crítico
2022,9,2022-09-01,Sul,SC,Diesel,3.24,2.98,3.66,4.7,5.79,60.41,178497,Alto
2022,9,2022-09-01,Sul,SC,Diesel,3.69,3.4,4.17,-3.55,8.35,102.31,90581,Baixo
2022,9,2022-09-01,Sul,RS,Etanol,7.72,7.11,8.73,4.75,10.81,69.51,137908,Médio
2022,9,2022-09-01,Sul,RS,Etanol,7.78,7.16,8.79,-10.2,10.87,108.95,90313,Baixo
2022,10,2022-10-01,Norte,AM,Diesel,6.74,6.2,7.62,4.54,9.05,82.97,157551,Alto
2022,10,2022-10-01,Norte,PA,Etanol,5.98,5.5,6.76,3.31,7.89,93.82,152482,Crítico
2022,10,2022-10-01,Norte,PA,Etanol,3.01,2.77,3.4,4.45,5.68,84.83,188117,Alto
2022,10,2022-10-01,Norte,RO,GNV,3.78,3.48,4.27,6.0,8.07,56.2,195663,Crítico
2022,10,2022-10-01,Norte,TO,GNV,6.12,5.63,6.92,-7.63,11.96,77.81,58529,Médio
2022,10,2022-10-01,Nordeste,BA,Gasolina,7.43,6.84,8.4,2.54,4.06,88.86,158036,Médio
2022,10,2022-10-01,Nordeste,BA,GNV,7.59,6.98,8.57,-0.17,9.1,104.58,25174,Alto
2022,10,2022-10-01,Nordeste,PE,GNV,6.13,5.64,6.92,0.74,10.49,76.09,41563,Baixo
2022,10,2022-10-01,Nordeste,PE,Etanol,3.49,3.21,3.94,7.39,7.62,66.84,83694,Médio
2022,10,2022-10-01,Nordeste,CE,Gasolina,4.25,3.91,4.8,-1.4,6.76,68.59,157410,Baixo
2022,10,2022-10-01,Nordeste,CE,GNV,6.58,6.05,7.43,-2.74,3.14,45.47,134915,Baixo
2022,10,2022-10-01,Nordeste,MA,Etanol,7.83,7.2,8.84,-0.98,7.87,52.67,245095,Crítico
2022,10,2022-10-01,Nordeste,PB,Etanol,4.37,4.02,4.94,-0.12,10.05,95.99,179922,Baixo
2022,10,2022-10-01,Centro-Oeste,DF,Diesel,3.44,3.17,3.89,8.44,9.83,68.77,6876,Médio
2022,10,2022-10-01,Centro-Oeste,GO,GNV,7.15,6.58,8.08,0.66,3.76,69.7,204956,Baixo
2022,10,2022-10-01,Centro-Oeste,GO,GLP,6.87,6.32,7.77,3.65,3.46,49.13,93782,Crítico
2022,10,2022-10-01,Centro-Oeste,MT,GNV,4.56,4.19,5.15,-0.67,6.62,100.92,116193,Alto
2022,10,2022-10-01,Centro-Oeste,MS,Diesel,3.52,3.24,3.98,1.48,3.76,94.25,218102,Crítico
2022,10,2022-10-01,Sudeste,SP,GNV,3.68,3.39,4.16,4.49,3.4,66.47,76629,Médio
2022,10,2022-10-01,Sudeste,SP,Diesel,5.44,5.0,6.15,1.0,8.32,48.53,70669,Alto
2022,10,2022-10-01,Sudeste,SP,Gasolina,6.71,6.17,7.58,3.26,10.12,77.24,206349,Crítico
2022,10,2022-10-01,Sudeste,RJ,Diesel,3.91,3.6,4.42,-0.73,2.46,98.68,206858,Alto
2022,10,2022-10-01,Sudeste,RJ,Diesel,4.8,4.41,5.42,7.5,11.65,51.41,64523,Alto
2022,10,2022-10-01,Sudeste,RJ,Diesel,7.39,6.8,8.35,0.55,10.06,52.7,170063,Alto
2022,10,2022-10-01,Sudeste,RJ,GLP,7.43,6.84,8.4,0.47,4.12,47.59,86825,Crítico
2022,10,2022-10-01,Sudeste,MG,GNV,4.86,4.47,5.49,1.2,9.96,57.27,32644,Baixo
2022,10,2022-10-01,Sudeste,MG,Etanol,3.85,3.54,4.35,-2.42,6.78,52.67,101726,Baixo
2022,10,2022-10-01,Sudeste,MG,Diesel,4.43,4.08,5.01,-3.55,6.81,99.09,9220,Baixo
2022,10,2022-10-01,Sudeste,ES,GNV,4.01,3.69,4.53,-2.23,6.93,62.81,16579,Baixo
2022,10,2022-10-01,Sudeste,ES,Gasolina,3.2,2.95,3.62,6.22,7.41,71.82,84444,Crítico
2022,10,2022-10-01,Sudeste,ES,GNV,7.34,6.76,8.3,4.12,9.68,85.58,36212,Baixo
2022,10,2022-10-01,Sul,PR,Diesel,7.77,7.15,8.78,-2.77,8.36,75.88,66686,Alto
2022,10,2022-10-01,Sul,PR,GNV,3.14,2.89,3.55,2.14,6.33,60.74,101574,Alto
2022,10,2022-10-01,Sul,SC,GLP,5.02,4.62,5.67,-8.11,9.33,70.14,197372,Crítico
2022,10,2022-10-01,Sul,SC,GNV,7.91,7.28,8.94,-5.74,7.28,97.07,62158,Médio
2022,10,2022-10-01,Sul,RS,GNV,7.21,6.63,8.15,3.51,2.35,95.09,188904,Alto
2022,10,2022-10-01,Sul,RS,Diesel,6.51,5.99,7.36,3.03,3.95,99.66,122978,Alto
2022,11,2022-11-01,Norte,AM,Gasolina,4.01,3.69,4.53,10.66,6.29,104.45,159189,Médio
2022,11,2022-11-01,Norte,PA,Diesel,6.56,6.04,7.42,1.47,2.25,103.87,31851,Alto
2022,11,2022-11-01,Norte,PA,GNV,6.13,5.64,6.93,-1.23,6.44,60.28,14150,Alto
2022,11,2022-11-01,Norte,RO,GNV,5.9,5.42,6.66,-4.55,6.14,87.13,92982,Crítico
2022,11,2022-11-01,Norte,TO,Etanol,4.65,4.28,5.26,-2.45,5.07,101.96,92448,Crítico
2022,11,2022-11-01,Nordeste,BA,Etanol,3.66,3.36,4.13,4.88,9.26,50.23,130731,Baixo
2022,11,2022-11-01,Nordeste,BA,Gasolina,4.05,3.73,4.58,-8.38,9.27,58.37,6201,Baixo
2022,11,2022-11-01,Nordeste,PE,Gasolina,7.2,6.63,8.14,3.54,8.58,92.77,201848,Alto
2022,11,2022-11-01,Nordeste,PE,Gasolina,4.75,4.37,5.37,-0.64,2.38,96.75,215156,Crítico
2022,11,2022-11-01,Nordeste,CE,Diesel,7.73,7.11,8.74,-2.83,4.63,56.1,17808,Crítico
2022,11,2022-11-01,Nordeste,CE,Etanol,3.52,3.24,3.98,3.76,8.8,108.65,120344,Baixo
2022,11,2022-11-01,Nordeste,MA,GLP,6.54,6.02,7.39,3.1,8.94,51.89,244652,Baixo
2022,11,2022-11-01,Nordeste,PB,GNV,5.01,4.61,5.66,-2.97,3.85,58.61,18367,Crítico
2022,11,2022-11-01,Centro-Oeste,DF,GNV,7.69,7.07,8.69,-5.27,5.11,54.2,222449,Médio
2022,11,2022-11-01,Centro-Oeste,GO,Etanol,4.76,4.38,5.38,-4.71,9.39,64.06,12839,Baixo
2022,11,2022-11-01,Centro-Oeste,GO,GNV,3.38,3.11,3.82,4.55,5.95,85.9,107212,Médio
2022,11,2022-11-01,Centro-Oeste,MT,Gasolina,5.02,4.62,5.67,0.39,8.8,103.22,147780,Crítico
2022,11,2022-11-01,Centro-Oeste,MS,GNV,7.65,7.04,8.64,6.87,2.89,89.16,28230,Alto
2022,11,2022-11-01,Sudeste,SP,GNV,4.48,4.12,5.06,0.52,4.6,58.13,190823,Médio
2022,11,2022-11-01,Sudeste,SP,Diesel,7.96,7.33,9.0,-8.61,7.3,74.37,92670,Médio
2022,11,2022-11-01,Sudeste,SP,Gasolina,7.66,7.04,8.65,-3.5,8.03,92.99,175721,Alto
2022,11,2022-11-01,Sudeste,RJ,GNV,6.98,6.42,7.89,1.88,11.87,47.65,160945,Alto
2022,11,2022-11-01,Sudeste,RJ,GLP,6.32,5.81,7.14,1.34,4.49,57.09,73737,Médio
2022,11,2022-11-01,Sudeste,RJ,Diesel,4.82,4.44,5.45,9.04,3.16,84.69,93627,Baixo
2022,11,2022-11-01,Sudeste,RJ,GNV,3.45,3.17,3.9,3.45,3.17,73.92,122544,Médio
2022,11,2022-11-01,Sudeste,MG,GLP,6.81,6.26,7.69,-5.29,9.49,73.35,54049,Crítico
2022,11,2022-11-01,Sudeste,MG,Etanol,3.19,2.94,3.61,4.77,7.58,86.42,176076,Baixo
2022,11,2022-11-01,Sudeste,MG,GNV,7.46,6.86,8.43,-1.62,11.42,96.49,187856,Alto
2022,11,2022-11-01,Sudeste,ES,Etanol,4.53,4.17,5.12,3.67,9.19,60.86,103169,Baixo
2022,11,2022-11-01,Sudeste,ES,Diesel,3.22,2.97,3.64,-0.54,6.51,49.57,7176,Alto
2022,11,2022-11-01,Sudeste,ES,Etanol,7.62,7.01,8.61,1.12,11.24,76.77,237377,Alto
2022,11,2022-11-01,Sul,PR,Gasolina,5.26,4.84,5.95,2.08,3.21,99.09,51765,Alto
2022,11,2022-11-01,Sul,PR,GLP,4.04,3.71,4.56,-6.53,11.22,90.49,91875,Crítico
2022,11,2022-11-01,Sul,SC,Gasolina,6.33,5.82,7.15,-2.7,9.56,85.49,171481,Baixo
2022,11,2022-11-01,Sul,SC,Etanol,6.91,6.35,7.8,4.19,5.45,82.93,236664,Médio
2022,11,2022-11-01,Sul,RS,Diesel,7.74,7.12,8.75,3.68,6.71,87.83,146098,Médio
2022,11,2022-11-01,Sul,RS,GLP,7.14,6.57,8.07,0.73,7.32,76.26,91531,Baixo
2022,12,2022-12-01,Norte,AM,GLP,5.32,4.89,6.01,6.29,9.63,61.67,206563,Médio
2022,12,2022-12-01,Norte,PA,Diesel,3.29,3.02,3.71,-0.74,5.75,60.78,48126,Baixo
2022,12,2022-12-01,Norte,PA,GNV,6.41,5.89,7.24,1.01,8.36,80.03,246490,Crítico
2022,12,2022-12-01,Norte,RO,GLP,4.17,3.84,4.71,0.04,2.28,92.52,139658,Médio
2022,12,2022-12-01,Norte,TO,Etanol,4.93,4.53,5.57,-1.93,11.74,56.23,7910,Médio
2022,12,2022-12-01,Nordeste,BA,Diesel,3.38,3.11,3.82,5.97,6.52,55.0,27149,Médio
2022,12,2022-12-01,Nordeste,BA,Gasolina,5.39,4.96,6.1,-0.23,7.37,56.6,209981,Médio
2022,12,2022-12-01,Nordeste,PE,GNV,5.7,5.25,6.45,0.31,5.26,60.7,236606,Alto
2022,12,2022-12-01,Nordeste,PE,Diesel,5.25,4.83,5.94,3.73,9.6,87.06,74678,Crítico
2022,12,2022-12-01,Nordeste,CE,Diesel,7.12,6.55,8.04,0.25,8.49,57.1,182055,Alto
2022,12,2022-12-01,Nordeste,CE,GNV,7.16,6.59,8.09,-3.45,8.94,82.22,71093,Baixo
2022,12,2022-12-01,Nordeste,MA,Diesel,6.61,6.08,7.46,2.67,2.4,106.03,236664,Crítico
2022,12,2022-12-01,Nordeste,PB,Etanol,7.63,7.02,8.62,5.36,7.07,105.91,104997,Crítico
2022,12,2022-12-01,Centro-Oeste,DF,Etanol,4.38,4.03,4.95,5.96,3.07,74.9,172874,Médio
2022,12,2022-12-01,Centro-Oeste,GO,GNV,6.78,6.24,7.66,-4.79,6.58,82.82,233075,Crítico
2022,12,2022-12-01,Centro-Oeste,GO,Etanol,5.67,5.22,6.41,3.52,4.02,65.26,10444,Crítico
2022,12,2022-12-01,Centro-Oeste,MT,GNV,4.91,4.52,5.55,2.07,5.21,102.69,207903,Crítico
2022,12,2022-12-01,Centro-Oeste,MS,Gasolina,3.49,3.21,3.94,4.01,3.32,109.22,85405,Médio
2022,12,2022-12-01,Sudeste,SP,GNV,3.69,3.4,4.17,-2.1,4.22,84.99,197212,Baixo
2022,12,2022-12-01,Sudeste,SP,GLP,3.31,3.05,3.74,4.55,11.3,97.38,76147,Crítico
2022,12,2022-12-01,Sudeste,SP,Etanol,4.9,4.51,5.53,0.35,11.81,79.66,122355,Alto
2022,12,2022-12-01,Sudeste,RJ,GNV,3.08,2.83,3.48,5.3,5.44,101.89,148246,Alto
2022,12,2022-12-01,Sudeste,RJ,Gasolina,7.82,7.19,8.83,-6.94,10.71,60.92,148550,Baixo
2022,12,2022-12-01,Sudeste,RJ,GLP,6.54,6.02,7.39,-1.22,4.04,50.58,242650,Baixo
2022,12,2022-12-01,Sudeste,RJ,Diesel,4.79,4.4,5.41,8.31,9.12,102.78,179784,Alto
2022,12,2022-12-01,Sudeste,MG,Diesel,7.64,7.03,8.64,-0.34,2.8,64.88,247027,Médio
2022,12,2022-12-01,Sudeste,MG,GLP,3.46,3.18,3.91,-9.56,8.35,56.57,163484,Médio
2022,12,2022-12-01,Sudeste,MG,Diesel,6.21,5.71,7.02,8.42,3.49,84.22,116417,Baixo
2022,12,2022-12-01,Sudeste,ES,GLP,3.57,3.29,4.04,-9.0,11.82,84.89,172936,Crítico
2022,12,2022-12-01,Sudeste,ES,Diesel,6.94,6.39,7.85,1.76,3.86,71.46,118786,Baixo
2022,12,2022-12-01,Sudeste,ES,Gasolina,3.74,3.44,4.23,3.4,9.91,104.18,210669,Crítico
2022,12,2022-12-01,Sul,PR,GNV,7.29,6.71,8.24,1.29,5.03,56.85,126386,Alto
2022,12,2022-12-01,Sul,PR,Gasolina,7.34,6.76,8.3,2.42,7.17,57.26,150079,Baixo
2022,12,2022-12-01,Sul,SC,GNV,5.17,4.76,5.85,7.19,8.56,93.72,29616,Crítico
2022,12,2022-12-01,Sul,SC,Etanol,6.48,5.96,7.32,0.85,2.79,95.05,58426,Crítico
2022,12,2022-12-01,Sul,RS,Etanol,6.76,6.22,7.64,1.08,4.83,71.94,35129,Alto
2022,12,2022-12-01,Sul,RS,Gasolina,4.83,4.44,5.46,-6.21,5.97,65.11,240203,Alto
2023,1,2023-01-01,Norte,AM,Diesel,7.49,6.89,8.46,-11.51,2.33,89.01,15092,Crítico
2023,1,2023-01-01,Norte,PA,Diesel,5.11,4.7,5.77,-2.03,3.23,104.2,149479,Médio
2023,1,2023-01-01,Norte,PA,Gasolina,5.47,5.04,6.19,1.3,8.91,53.67,62465,Médio
2023,1,2023-01-01,Norte,RO,GNV,7.84,7.22,8.86,2.52,4.53,85.28,181502,Alto
2023,1,2023-01-01,Norte,TO,Gasolina,6.83,6.28,7.71,4.44,11.54,71.83,62495,Crítico
2023,1,2023-01-01,Nordeste,BA,GLP,6.64,6.11,7.5,-3.7,4.96,90.37,159300,Crítico
2023,1,2023-01-01,Nordeste,BA,GNV,3.35,3.08,3.78,3.17,4.47,71.62,159404,Médio
2023,1,2023-01-01,Nordeste,PE,GLP,7.95,7.32,8.98,4.54,6.74,106.75,182997,Baixo
2023,1,2023-01-01,Nordeste,PE,Etanol,5.19,4.77,5.86,2.09,11.62,109.24,241931,Alto
2023,1,2023-01-01,Nordeste,CE,GNV,7.78,7.15,8.79,5.51,11.48,48.99,174113,Médio
2023,1,2023-01-01,Nordeste,CE,Gasolina,4.52,4.16,5.11,-0.21,7.85,70.37,143401,Crítico
2023,1,2023-01-01,Nordeste,MA,GLP,3.54,3.26,4.0,3.1,5.1,86.35,181189,Médio
2023,1,2023-01-01,Nordeste,PB,GNV,6.72,6.18,7.59,5.36,3.93,60.03,13539,Alto
2023,1,2023-01-01,Centro-Oeste,DF,Gasolina,4.66,4.29,5.27,2.37,9.2,45.86,245776,Médio
2023,1,2023-01-01,Centro-Oeste,GO,Gasolina,7.04,6.48,7.96,7.08,8.67,99.0,58759,Baixo
2023,1,2023-01-01,Centro-Oeste,GO,Etanol,7.32,6.74,8.28,-2.87,8.51,103.16,86962,Baixo
2023,1,2023-01-01,Centro-Oeste,MT,Etanol,6.31,5.8,7.13,-2.28,9.39,67.16,161977,Médio
2023,1,2023-01-01,Centro-Oeste,MS,GNV,7.72,7.1,8.72,1.49,3.16,55.89,22301,Alto
2023,1,2023-01-01,Sudeste,SP,GLP,7.26,6.68,8.2,4.01,11.71,62.85,234878,Alto
2023,1,2023-01-01,Sudeste,SP,Diesel,7.63,7.02,8.62,-1.55,3.35,52.12,181991,Médio
2023,1,2023-01-01,Sudeste,SP,Diesel,6.82,6.27,7.7,6.66,5.13,59.66,200738,Baixo
2023,1,2023-01-01,Sudeste,RJ,GLP,3.79,3.48,4.28,-1.81,7.89,68.34,99651,Alto
2023,1,2023-01-01,Sudeste,RJ,GNV,5.9,5.43,6.67,-2.06,4.81,105.71,166323,Baixo
2023,1,2023-01-01,Sudeste,RJ,Gasolina,5.13,4.72,5.8,4.81,9.6,93.99,208168,Baixo
2023,1,2023-01-01,Sudeste,RJ,GNV,6.27,5.77,7.08,1.05,3.49,98.96,248142,Crítico
2023,1,2023-01-01,Sudeste,MG,Diesel,3.56,3.28,4.03,-6.35,9.91,109.23,85582,Crítico
2023,1,2023-01-01,Sudeste,MG,GNV,3.24,2.98,3.66,2.93,7.46,76.95,140429,Alto
2023,1,2023-01-01,Sudeste,MG,Gasolina,4.74,4.36,5.36,-2.85,2.74,64.38,174498,Baixo
2023,1,2023-01-01,Sudeste,ES,GNV,6.41,5.9,7.24,-8.13,3.47,61.99,201989,Alto
2023,1,2023-01-01,Sudeste,ES,Etanol,4.28,3.94,4.84,0.91,9.07,96.1,209335,Baixo
2023,1,2023-01-01,Sudeste,ES,Diesel,7.65,7.04,8.65,-4.15,7.96,45.77,11557,Baixo
2023,1,2023-01-01,Sul,PR,Gasolina,6.95,6.39,7.85,-1.28,7.85,81.18,52076,Médio
2023,1,2023-01-01,Sul,PR,Gasolina,3.62,3.33,4.09,-0.23,7.25,107.24,186594,Alto
2023,1,2023-01-01,Sul,SC,GNV,4.34,3.99,4.9,5.11,3.83,85.93,49355,Baixo
2023,1,2023-01-01,Sul,SC,Diesel,5.94,5.46,6.71,-2.53,5.7,108.88,214835,Crítico
2023,1,2023-01-01,Sul,RS,GLP,6.21,5.72,7.02,1.0,8.13,87.42,84299,Crítico
2023,1,2023-01-01,Sul,RS,Gasolina,7.97,7.33,9.01,3.5,3.37,45.92,162705,Alto
2023,2,2023-02-01,Norte,AM,GNV,4.96,4.56,5.6,-10.88,5.75,82.74,65540,Crítico
2023,2,2023-02-01,Norte,PA,Gasolina,3.77,3.47,4.26,-3.94,6.47,69.84,8188,Médio
2023,2,2023-02-01,Norte,PA,GLP,6.96,6.41,7.87,-2.63,3.24,68.53,82185,Médio
2023,2,2023-02-01,Norte,RO,Diesel,7.84,7.21,8.86,-3.17,4.74,75.83,62521,Alto
2023,2,2023-02-01,Norte,TO,GLP,6.08,5.6,6.87,-1.14,7.17,69.28,171918,Alto
2023,2,2023-02-01,Nordeste,BA,Gasolina,7.94,7.31,8.98,-13.44,9.49,57.51,98104,Médio
2023,2,2023-02-01,Nordeste,BA,Gasolina,4.12,3.79,4.65,2.27,10.9,64.82,139168,Médio
2023,2,2023-02-01,Nordeste,PE,Etanol,5.42,4.99,6.12,-0.56,9.98,69.97,71601,Baixo
2023,2,2023-02-01,Nordeste,PE,Gasolina,3.78,3.48,4.28,0.3,11.57,48.8,53586,Médio
2023,2,2023-02-01,Nordeste,CE,Etanol,3.65,3.36,4.12,9.95,7.63,57.71,80640,Crítico
2023,2,2023-02-01,Nordeste,CE,GNV,4.43,4.07,5.0,8.93,5.07,45.94,23415,Médio
2023,2,2023-02-01,Nordeste,MA,GLP,4.55,4.19,5.14,5.1,5.52,50.37,12713,Alto
2023,2,2023-02-01,Nordeste,PB,Gasolina,6.03,5.54,6.81,-1.07,6.75,100.63,92992,Crítico
2023,2,2023-02-01,Centro-Oeste,DF,GLP,4.52,4.16,5.11,-0.97,2.14,79.62,218646,Baixo
2023,2,2023-02-01,Centro-Oeste,GO,Gasolina,5.32,4.89,6.01,-2.22,7.26,77.17,107625,Médio
2023,2,2023-02-01,Centro-Oeste,GO,Gasolina,5.3,4.87,5.99,8.57,2.66,77.09,95950,Médio
2023,2,2023-02-01,Centro-Oeste,MT,GLP,3.39,3.12,3.83,4.76,3.77,46.37,43804,Alto
2023,2,2023-02-01,Centro-Oeste,MS,Diesel,4.23,3.9,4.78,0.92,11.93,71.86,37980,Baixo
2023,2,2023-02-01,Sudeste,SP,Etanol,5.55,5.1,6.27,3.41,5.23,65.25,32549,Baixo
2023,2,2023-02-01,Sudeste,SP,Diesel,4.55,4.18,5.14,1.31,3.22,103.97,181052,Alto
2023,2,2023-02-01,Sudeste,SP,GNV,3.37,3.1,3.81,4.2,8.42,59.76,144907,Alto
2023,2,2023-02-01,Sudeste,RJ,Gasolina,3.3,3.04,3.73,4.79,8.53,53.37,139455,Alto
2023,2,2023-02-01,Sudeste,RJ,GLP,6.79,6.25,7.68,1.43,2.61,71.23,49066,Médio
2023,2,2023-02-01,Sudeste,RJ,Diesel,3.18,2.92,3.59,1.59,4.74,77.75,192598,Alto
2023,2,2023-02-01,Sudeste,RJ,Diesel,5.66,5.21,6.4,-2.83,11.41,80.04,124797,Crítico
2023,2,2023-02-01,Sudeste,MG,GNV,6.8,6.26,7.69,9.69,6.98,61.58,159851,Baixo
2023,2,2023-02-01,Sudeste,MG,GNV,3.51,3.23,3.96,-4.1,7.5,49.89,184463,Alto
2023,2,2023-02-01,Sudeste,MG,Etanol,3.2,2.94,3.62,2.88,7.57,107.67,190838,Baixo
2023,2,2023-02-01,Sudeste,ES,Etanol,7.94,7.31,8.98,-0.22,3.47,46.08,161962,Crítico
2023,2,2023-02-01,Sudeste,ES,GLP,7.9,7.26,8.92,-5.95,2.97,55.6,72742,Alto
2023,2,2023-02-01,Sudeste,ES,GLP,4.82,4.44,5.45,0.67,9.96,94.24,238262,Crítico
2023,2,2023-02-01,Sul,PR,GNV,3.33,3.06,3.76,9.0,6.69,106.37,187789,Alto
2023,2,2023-02-01,Sul,PR,GNV,7.26,6.68,8.21,4.9,9.98,106.35,230805,Crítico
2023,2,2023-02-01,Sul,SC,Gasolina,4.0,3.68,4.52,3.16,10.43,81.59,75133,Médio
2023,2,2023-02-01,Sul,SC,Diesel,6.64,6.11,7.5,0.4,5.25,97.51,64727,Médio
2023,2,2023-02-01,Sul,RS,GLP,4.09,3.76,4.62,-3.49,2.67,53.62,43311,Crítico
2023,2,2023-02-01,Sul,RS,GNV,3.88,3.57,4.39,6.38,7.38,69.35,89301,Crítico
2023,3,2023-03-01,Norte,AM,GNV,5.51,5.07,6.22,-0.8,11.02,83.45,194972,Médio
2023,3,2023-03-01,Norte,PA,Gasolina,5.95,5.48,6.73,3.76,9.55,104.68,139831,Alto
2023,3,2023-03-01,Norte,PA,Etanol,7.73,7.11,8.74,-8.0,3.83,57.46,173282,Crítico
2023,3,2023-03-01,Norte,RO,Gasolina,7.04,6.47,7.95,0.27,7.29,74.81,242148,Médio
2023,3,2023-03-01,Norte,TO,Etanol,3.64,3.35,4.11,-4.41,8.3,52.77,227981,Médio
2023,3,2023-03-01,Nordeste,BA,Gasolina,5.95,5.47,6.72,-0.42,7.61,70.82,243345,Crítico
2023,3,2023-03-01,Nordeste,BA,Diesel,6.33,5.82,7.15,6.86,4.93,81.97,28936,Alto
2023,3,2023-03-01,Nordeste,PE,Diesel,5.63,5.18,6.36,-5.03,3.99,73.29,63650,Médio
2023,3,2023-03-01,Nordeste,PE,GNV,4.57,4.21,5.17,-0.87,6.46,78.33,124493,Médio
2023,3,2023-03-01,Nordeste,CE,GLP,4.11,3.78,4.64,5.24,6.83,88.89,224639,Crítico
2023,3,2023-03-01,Nordeste,CE,Diesel,7.82,7.2,8.84,1.28,7.68,53.09,227003,Baixo
2023,3,2023-03-01,Nordeste,MA,Diesel,3.18,2.93,3.59,2.69,6.85,51.37,74019,Médio
2023,3,2023-03-01,Nordeste,PB,GLP,4.79,4.4,5.41,-3.73,5.86,66.37,199202,Crítico
2023,3,2023-03-01,Centro-Oeste,DF,Etanol,4.76,4.38,5.38,-2.5,3.76,93.38,113881,Médio
2023,3,2023-03-01,Centro-Oeste,GO,Etanol,7.27,6.69,8.22,-8.35,5.93,103.49,249543,Crítico
2023,3,2023-03-01,Centro-Oeste,GO,Gasolina,7.48,6.88,8.45,2.57,6.82,63.42,216418,Baixo
2023,3,2023-03-01,Centro-Oeste,MT,Diesel,7.84,7.21,8.85,-3.28,4.79,98.81,212093,Médio
2023,3,2023-03-01,Centro-Oeste,MS,Gasolina,7.33,6.75,8.29,-6.61,8.16,69.67,43077,Baixo
2023,3,2023-03-01,Sudeste,SP,GLP,6.17,5.67,6.97,-0.37,3.52,69.32,116903,Médio
2023,3,2023-03-01,Sudeste,SP,Etanol,3.6,3.32,4.07,7.53,5.7,67.58,8413,Alto
2023,3,2023-03-01,Sudeste,SP,Gasolina,6.88,6.33,7.78,2.01,9.79,58.41,36066,Médio
2023,3,2023-03-01,Sudeste,RJ,Etanol,3.6,3.31,4.07,1.24,5.32,60.76,13161,Baixo
2023,3,2023-03-01,Sudeste,RJ,Etanol,7.59,6.99,8.58,0.72,10.38,92.0,37621,Alto
2023,3,2023-03-01,Sudeste,RJ,GLP,7.55,6.95,8.53,5.27,11.59,46.75,210719,Crítico
2023,3,2023-03-01,Sudeste,RJ,GNV,6.84,6.29,7.73,-6.18,2.25,108.97,247470,Baixo
2023,3,2023-03-01,Sudeste,MG,Gasolina,6.55,6.02,7.4,6.88,6.82,55.45,209157,Médio
2023,3,2023-03-01,Sudeste,MG,Gasolina,5.84,5.37,6.6,1.58,5.2,85.05,229166,Baixo
2023,3,2023-03-01,Sudeste,MG,Diesel,3.74,3.44,4.22,-1.56,6.2,69.25,249193,Baixo
2023,3,2023-03-01,Sudeste,ES,GNV,3.07,2.82,3.47,1.27,5.86,100.89,245936,Crítico
2023,3,2023-03-01,Sudeste,ES,GNV,4.24,3.9,4.79,-0.58,4.06,105.05,218065,Baixo
2023,3,2023-03-01,Sudeste,ES,GNV,6.87,6.32,7.76,-2.4,2.19,91.96,92636,Alto
2023,3,2023-03-01,Sul,PR,Diesel,3.76,3.46,4.25,2.4,7.06,85.69,49914,Crítico
2023,3,2023-03-01,Sul,PR,GNV,3.69,3.4,4.17,5.05,7.59,69.48,130028,Baixo
2023,3,2023-03-01,Sul,SC,Etanol,7.98,7.34,9.02,-3.05,9.26,82.73,121800,Crítico
2023,3,2023-03-01,Sul,SC,GLP,7.6,6.99,8.59,5.23,10.4,72.85,222034,Alto
2023,3,2023-03-01,Sul,RS,Gasolina,6.9,6.35,7.8,-1.57,3.67,93.21,108327,Crítico
2023,3,2023-03-01,Sul,RS,Diesel,3.26,3.0,3.69,-4.28,7.78,71.42,140397,Crítico
2023,4,2023-04-01,Norte,AM,Etanol,6.17,5.67,6.97,-0.73,6.39,68.52,170654,Alto
2023,4,2023-04-01,Norte,PA,GNV,3.79,3.48,4.28,8.28,4.28,47.52,245012,Baixo
2023,4,2023-04-01,Norte,PA,GLP,5.3,4.87,5.99,-3.44,5.72,66.27,5512,Médio
2023,4,2023-04-01,Norte,RO,GLP,5.19,4.77,5.86,3.86,4.11,89.73,125013,Crítico
2023,4,2023-04-01,Norte,TO,GNV,4.33,3.98,4.89,-0.96,6.16,52.86,174110,Baixo
2023,4,2023-04-01,Nordeste,BA,GNV,5.36,4.93,6.06,-3.46,10.38,61.99,151886,Médio
2023,4,2023-04-01,Nordeste,BA,Gasolina,6.3,5.79,7.12,7.56,3.12,105.0,153952,Médio
2023,4,2023-04-01,Nordeste,PE,Gasolina,7.89,7.26,8.92,-0.68,9.17,97.94,30457,Crítico
2023,4,2023-04-01,Nordeste,PE,GNV,6.94,6.39,7.84,4.91,3.54,96.21,102001,Baixo
2023,4,2023-04-01,Nordeste,CE,Diesel,6.9,6.35,7.8,-2.05,11.92,58.96,120792,Médio
2023,4,2023-04-01,Nordeste,CE,Diesel,5.94,5.46,6.71,0.65,2.56,81.28,201847,Alto
2023,4,2023-04-01,Nordeste,MA,GNV,5.18,4.77,5.85,1.05,10.88,47.64,204366,Médio
2023,4,2023-04-01,Nordeste,PB,Diesel,6.98,6.42,7.89,1.88,7.94,60.88,163434,Crítico
2023,4,2023-04-01,Centro-Oeste,DF,Gasolina,4.37,4.02,4.94,-3.54,3.14,64.08,51760,Baixo
2023,4,2023-04-01,Centro-Oeste,GO,Diesel,6.4,5.89,7.23,-1.02,9.13,61.15,140773,Médio
2023,4,2023-04-01,Centro-Oeste,GO,Diesel,4.19,3.85,4.73,-2.91,10.25,75.46,169228,Médio
2023,4,2023-04-01,Centro-Oeste,MT,Etanol,6.88,6.33,7.77,0.4,5.43,56.61,210649,Médio
2023,4,2023-04-01,Centro-Oeste,MS,Diesel,3.49,3.21,3.94,-1.42,6.03,93.95,62826,Baixo
2023,4,2023-04-01,Sudeste,SP,GNV,3.96,3.64,4.47,-0.72,6.23,55.1,88385,Crítico
2023,4,2023-04-01,Sudeste,SP,Etanol,7.56,6.96,8.54,0.44,10.01,59.42,51671,Crítico
2023,4,2023-04-01,Sudeste,SP,Diesel,7.54,6.94,8.52,0.73,9.1,47.91,15096,Crítico
2023,4,2023-04-01,Sudeste,RJ,GNV,5.24,4.82,5.92,-3.23,10.15,105.21,42133,Alto
2023,4,2023-04-01,Sudeste,RJ,Etanol,3.96,3.64,4.48,-1.29,6.08,59.07,47539,Médio
2023,4,2023-04-01,Sudeste,RJ,GNV,4.44,4.08,5.02,4.01,7.22,82.64,40984,Alto
2023,4,2023-04-01,Sudeste,RJ,Diesel,4.9,4.5,5.53,-0.48,6.54,47.25,236610,Alto
2023,4,2023-04-01,Sudeste,MG,Gasolina,6.95,6.4,7.86,2.34,10.83,107.3,38115,Alto
2023,4,2023-04-01,Sudeste,MG,Etanol,4.41,4.06,4.99,6.56,9.68,84.19,132106,Crítico
2023,4,2023-04-01,Sudeste,MG,GNV,4.92,4.53,5.56,-6.23,11.37,87.47,37916,Crítico
2023,4,2023-04-01,Sudeste,ES,Etanol,7.9,7.27,8.93,-4.63,9.2,47.27,8938,Médio
2023,4,2023-04-01,Sudeste,ES,Gasolina,7.53,6.93,8.51,0.79,11.4,106.59,210713,Médio
2023,4,2023-04-01,Sudeste,ES,Gasolina,6.33,5.83,7.16,-3.95,9.98,88.61,50399,Alto
2023,4,2023-04-01,Sul,PR,GNV,4.94,4.54,5.58,1.21,9.14,53.11,45832,Baixo
2023,4,2023-04-01,Sul,PR,Diesel,5.31,4.88,5.99,10.2,2.55,84.57,118008,Baixo
2023,4,2023-04-01,Sul,SC,Diesel,7.75,7.13,8.76,-1.51,5.05,74.28,191030,Crítico
2023,4,2023-04-01,Sul,SC,GLP,4.39,4.04,4.96,0.56,7.59,49.25,167551,Crítico
2023,4,2023-04-01,Sul,RS,Gasolina,3.09,2.84,3.49,-4.71,6.96,92.96,80215,Médio
2023,4,2023-04-01,Sul,RS,GNV,4.87,4.48,5.51,-0.44,11.1,96.14,19829,Médio
2023,5,2023-05-01,Norte,AM,Gasolina,4.09,3.76,4.62,6.09,4.66,103.79,117373,Alto
2023,5,2023-05-01,Norte,PA,Etanol,3.09,2.84,3.49,0.8,9.22,109.15,5983,Médio
2023,5,2023-05-01,Norte,PA,Diesel,6.88,6.33,7.77,7.16,3.91,109.77,145629,Médio
2023,5,2023-05-01,Norte,RO,Diesel,3.92,3.61,4.43,4.06,2.78,88.13,13436,Crítico
2023,5,2023-05-01,Norte,TO,Gasolina,4.07,3.74,4.6,-0.81,6.36,96.29,22756,Crítico
2023,5,2023-05-01,Nordeste,BA,Diesel,7.78,7.16,8.79,2.51,2.43,73.2,123735,Médio
2023,5,2023-05-01,Nordeste,BA,Gasolina,5.77,5.31,6.52,-1.57,2.98,107.34,103692,Alto
2023,5,2023-05-01,Nordeste,PE,GNV,4.51,4.15,5.09,-0.51,3.71,61.13,77398,Baixo
2023,5,2023-05-01,Nordeste,PE,Gasolina,7.21,6.63,8.15,-1.08,9.26,76.28,137490,Baixo
2023,5,2023-05-01,Nordeste,CE,Diesel,6.04,5.55,6.82,-6.6,4.99,82.97,89708,Médio
2023,5,2023-05-01,Nordeste,CE,Diesel,5.66,5.21,6.4,2.24,2.92,82.45,95474,Alto
2023,5,2023-05-01,Nordeste,MA,Diesel,3.03,2.79,3.42,2.65,10.93,51.65,201286,Crítico
2023,5,2023-05-01,Nordeste,PB,GLP,5.0,4.6,5.65,6.94,7.82,102.66,96208,Médio
2023,5,2023-05-01,Centro-Oeste,DF,GNV,3.82,3.52,4.32,4.0,10.62,51.52,216384,Alto
2023,5,2023-05-01,Centro-Oeste,GO,Etanol,3.07,2.83,3.47,1.06,9.74,53.61,135191,Médio
2023,5,2023-05-01,Centro-Oeste,GO,Gasolina,7.51,6.91,8.49,-0.2,11.44,57.12,158815,Alto
2023,5,2023-05-01,Centro-Oeste,MT,Etanol,7.33,6.75,8.29,-1.97,3.86,96.49,142346,Crítico
2023,5,2023-05-01,Centro-Oeste,MS,Gasolina,4.3,3.96,4.86,0.11,6.2,91.67,15367,Crítico
2023,5,2023-05-01,Sudeste,SP,GLP,7.05,6.48,7.96,5.53,11.18,66.44,73838,Alto
2023,5,2023-05-01,Sudeste,SP,GNV,3.13,2.88,3.54,4.44,10.86,63.61,181931,Médio
2023,5,2023-05-01,Sudeste,SP,Diesel,5.98,5.5,6.75,2.74,2.86,60.05,92549,Crítico
2023,5,2023-05-01,Sudeste,RJ,Diesel,5.15,4.74,5.82,0.85,7.93,96.93,125721,Crítico
2023,5,2023-05-01,Sudeste,RJ,Etanol,3.74,3.45,4.23,-1.11,7.6,96.49,32633,Baixo
2023,5,2023-05-01,Sudeste,RJ,Diesel,3.26,3.0,3.69,2.15,3.74,55.98,233172,Médio
2023,5,2023-05-01,Sudeste,RJ,GNV,6.64,6.11,7.5,-4.88,7.42,75.72,84493,Crítico
2023,5,2023-05-01,Sudeste,MG,Etanol,7.78,7.16,8.79,2.23,7.57,63.8,109994,Crítico
2023,5,2023-05-01,Sudeste,MG,Diesel,4.02,3.7,4.55,-4.65,3.52,78.66,19774,Médio
2023,5,2023-05-01,Sudeste,MG,Gasolina,6.1,5.61,6.9,0.62,10.66,46.84,50362,Alto
2023,5,2023-05-01,Sudeste,ES,GLP,6.08,5.59,6.87,2.9,10.87,57.47,223859,Alto
2023,5,2023-05-01,Sudeste,ES,GNV,7.14,6.57,8.06,2.06,3.49,46.42,34822,Crítico
2023,5,2023-05-01,Sudeste,ES,GLP,4.8,4.42,5.43,-1.24,9.88,105.23,175080,Crítico
2023,5,2023-05-01,Sul,PR,GNV,4.26,3.92,4.81,1.71,6.08,101.71,51308,Baixo
2023,5,2023-05-01,Sul,PR,GNV,6.68,6.14,7.55,-1.87,11.55,90.83,14787,Baixo
2023,5,2023-05-01,Sul,SC,Gasolina,6.22,5.72,7.03,0.88,11.2,88.63,45693,Baixo
2023,5,2023-05-01,Sul,SC,GLP,5.37,4.94,6.07,-1.07,4.08,100.9,126952,Alto
2023,5,2023-05-01,Sul,RS,Etanol,4.34,3.99,4.9,0.03,5.82,56.58,202465,Crítico
2023,5,2023-05-01,Sul,RS,Gasolina,5.26,4.84,5.94,5.38,11.41,104.07,5442,Médio
2023,6,2023-06-01,Norte,AM,Gasolina,6.7,6.16,7.57,-3.1,7.99,55.56,7940,Médio
2023,6,2023-06-01,Norte,PA,Diesel,4.67,4.3,5.28,1.81,11.16,68.95,185240,Baixo
2023,6,2023-06-01,Norte,PA,Diesel,6.07,5.58,6.86,-0.78,4.55,70.13,122148,Alto
2023,6,2023-06-01,Norte,RO,Gasolina,5.5,5.06,6.21,0.67,10.04,104.3,130387,Alto
2023,6,2023-06-01,Norte,TO,Etanol,5.02,4.62,5.67,-4.36,10.56,91.66,54000,Baixo
2023,6,2023-06-01,Nordeste,BA,GNV,4.56,4.2,5.16,6.17,10.18,52.58,249977,Médio
2023,6,2023-06-01,Nordeste,BA,Gasolina,7.73,7.11,8.74,-4.94,4.23,105.22,213803,Baixo
2023,6,2023-06-01,Nordeste,PE,Diesel,3.16,2.91,3.57,7.14,2.46,61.32,100620,Médio
2023,6,2023-06-01,Nordeste,PE,Etanol,6.57,6.04,7.42,4.99,10.24,69.33,8584,Baixo
2023,6,2023-06-01,Nordeste,CE,Diesel,5.34,4.92,6.04,1.65,11.92,90.34,87226,Baixo
2023,6,2023-06-01,Nordeste,CE,GNV,6.91,6.35,7.81,-0.44,5.05,49.48,110235,Alto
2023,6,2023-06-01,Nordeste,MA,GLP,3.85,3.54,4.35,3.5,5.36,72.72,92820,Crítico
2023,6,2023-06-01,Nordeste,PB,GNV,4.6,4.23,5.2,6.69,10.83,62.89,147889,Médio
2023,6,2023-06-01,Centro-Oeste,DF,Gasolina,5.3,4.87,5.99,1.1,4.94,76.3,80901,Médio
2023,6,2023-06-01,Centro-Oeste,GO,Diesel,4.9,4.51,5.54,5.47,7.02,61.7,106059,Baixo
2023,6,2023-06-01,Centro-Oeste,GO,Diesel,7.51,6.91,8.48,0.76,2.73,102.22,166156,Alto
2023,6,2023-06-01,Centro-Oeste,MT,Diesel,5.56,5.12,6.28,1.66,6.76,57.57,84137,Médio
2023,6,2023-06-01,Centro-Oeste,MS,Gasolina,4.08,3.75,4.61,-15.61,11.43,104.19,109216,Médio
2023,6,2023-06-01,Sudeste,SP,GLP,3.93,3.61,4.44,-7.9,5.71,66.56,172405,Crítico
2023,6,2023-06-01,Sudeste,SP,GLP,6.37,5.86,7.2,1.38,8.8,46.29,218587,Médio
2023,6,2023-06-01,Sudeste,SP,GNV,6.27,5.77,7.08,-3.17,7.28,62.93,169409,Crítico
2023,6,2023-06-01,Sudeste,RJ,GNV,3.2,2.94,3.61,-1.94,5.83,67.79,125234,Alto
2023,6,2023-06-01,Sudeste,RJ,GLP,3.5,3.22,3.96,0.2,4.85,99.15,132680,Crítico
2023,6,2023-06-01,Sudeste,RJ,Gasolina,6.99,6.43,7.9,-3.73,3.28,59.59,248890,Baixo
2023,6,2023-06-01,Sudeste,RJ,GLP,6.39,5.88,7.23,3.66,3.4,89.36,232904,Alto
2023,6,2023-06-01,Sudeste,MG,GNV,3.43,3.15,3.87,0.69,9.33,55.45,95663,Crítico
2023,6,2023-06-01,Sudeste,MG,GLP,7.51,6.91,8.49,1.37,7.89,91.9,47866,Baixo
2023,6,2023-06-01,Sudeste,MG,Etanol,7.01,6.45,7.92,1.28,7.15,105.66,74428,Médio
2023,6,2023-06-01,Sudeste,ES,GNV,6.64,6.11,7.51,2.89,4.78,95.68,5487,Crítico
2023,6,2023-06-01,Sudeste,ES,Gasolina,4.14,3.81,4.68,0.91,5.16,75.21,53370,Crítico
2023,6,2023-06-01,Sudeste,ES,Diesel,3.51,3.23,3.97,-0.49,11.73,77.49,242313,Médio
2023,6,2023-06-01,Sul,PR,Etanol,6.72,6.18,7.59,-0.89,8.21,87.92,18786,Baixo
2023,6,2023-06-01,Sul,PR,Gasolina,3.34,3.07,3.77,2.56,9.78,63.18,231454,Baixo
2023,6,2023-06-01,Sul,SC,GNV,5.09,4.69,5.76,-1.35,10.76,95.63,72353,Alto
2023,6,2023-06-01,Sul,SC,GNV,4.94,4.55,5.59,-0.27,8.58,83.1,36932,Crítico
2023,6,2023-06-01,Sul,RS,Diesel,7.2,6.62,8.13,-1.09,7.7,106.52,162856,Alto
2023,6,2023-06-01,Sul,RS,Etanol,7.46,6.86,8.43,6.89,6.57,62.77,97941,Baixo
2023,7,2023-07-01,Norte,AM,Etanol,6.9,6.35,7.8,1.32,2.91,46.69,209249,Médio
2023,7,2023-07-01,Norte,PA,Diesel,7.52,6.92,8.5,-8.45,4.16,58.45,157462,Alto
2023,7,2023-07-01,Norte,PA,Etanol,5.77,5.31,6.52,2.37,11.19,54.63,5823,Crítico
2023,7,2023-07-01,Norte,RO,Gasolina,7.21,6.63,8.14,3.37,5.31,76.07,219398,Médio
2023,7,2023-07-01,Norte,TO,Gasolina,4.31,3.96,4.87,4.39,5.53,74.0,6499,Baixo
2023,7,2023-07-01,Nordeste,BA,Etanol,7.78,7.15,8.79,3.68,4.09,65.54,92111,Crítico
2023,7,2023-07-01,Nordeste,BA,Etanol,3.03,2.79,3.42,-4.82,3.08,82.74,50023,Baixo
2023,7,2023-07-01,Nordeste,PE,Diesel,3.56,3.27,4.02,3.11,10.76,88.04,199815,Crítico
2023,7,2023-07-01,Nordeste,PE,Diesel,4.36,4.02,4.93,-2.27,4.86,106.18,38515,Baixo
2023,7,2023-07-01,Nordeste,CE,GLP,5.08,4.67,5.74,-2.61,7.8,47.56,6520,Crítico
2023,7,2023-07-01,Nordeste,CE,GNV,3.29,3.03,3.72,-6.1,4.0,95.6,116128,Crítico
2023,7,2023-07-01,Nordeste,MA,GLP,3.48,3.2,3.94,6.86,6.13,102.12,52356,Médio
2023,7,2023-07-01,Nordeste,PB,GLP,3.21,2.95,3.63,1.86,6.9,56.06,155696,Médio
2023,7,2023-07-01,Centro-Oeste,DF,Gasolina,3.69,3.4,4.17,1.92,5.4,103.73,55036,Alto
2023,7,2023-07-01,Centro-Oeste,GO,Gasolina,5.2,4.79,5.88,0.86,3.24,62.24,11522,Alto
2023,7,2023-07-01,Centro-Oeste,GO,Gasolina,7.25,6.67,8.19,-1.09,6.81,56.03,224461,Baixo
2023,7,2023-07-01,Centro-Oeste,MT,Gasolina,5.36,4.93,6.05,4.2,9.79,54.33,133851,Crítico
2023,7,2023-07-01,Centro-Oeste,MS,Etanol,6.25,5.75,7.06,3.49,7.44,50.08,222965,Crítico
2023,7,2023-07-01,Sudeste,SP,Diesel,3.94,3.63,4.45,2.34,6.43,93.58,40047,Crítico
2023,7,2023-07-01,Sudeste,SP,GLP,6.72,6.18,7.6,0.35,11.26,94.34,157862,Baixo
2023,7,2023-07-01,Sudeste,SP,Gasolina,5.83,5.36,6.58,6.84,4.2,69.13,244255,Crítico
2023,7,2023-07-01,Sudeste,RJ,Etanol,7.14,6.57,8.07,-0.82,11.21,101.61,9838,Crítico
2023,7,2023-07-01,Sudeste,RJ,Etanol,6.63,6.1,7.5,-3.61,7.03,53.92,47860,Crítico
2023,7,2023-07-01,Sudeste,RJ,Diesel,4.14,3.81,4.68,-3.44,5.91,87.83,171407,Alto
2023,7,2023-07-01,Sudeste,RJ,Gasolina,5.82,5.36,6.58,0.16,2.61,88.87,180504,Médio
2023,7,2023-07-01,Sudeste,MG,Etanol,3.29,3.02,3.71,1.11,11.17,107.68,211006,Baixo
2023,7,2023-07-01,Sudeste,MG,GNV,7.48,6.88,8.45,2.69,10.15,75.65,35463,Crítico
2023,7,2023-07-01,Sudeste,MG,GLP,6.53,6.01,7.38,-0.75,8.2,109.69,189078,Crítico
2023,7,2023-07-01,Sudeste,ES,Gasolina,4.91,4.52,5.55,-2.32,11.13,88.11,123732,Alto
2023,7,2023-07-01,Sudeste,ES,GLP,7.97,7.34,9.01,3.61,5.61,63.44,204103,Alto
2023,7,2023-07-01,Sudeste,ES,Gasolina,7.39,6.79,8.35,1.68,6.28,89.14,206070,Baixo
2023,7,2023-07-01,Sul,PR,Gasolina,4.52,4.16,5.11,-3.29,7.99,66.2,19988,Baixo
2023,7,2023-07-01,Sul,PR,GNV,4.62,4.25,5.22,0.94,3.37,90.19,100553,Alto
2023,7,2023-07-01,Sul,SC,GNV,3.67,3.37,4.14,-4.73,4.77,47.56,188862,Crítico
2023,7,2023-07-01,Sul,SC,Etanol,5.55,5.11,6.28,-7.5,11.01,58.37,190712,Médio
2023,7,2023-07-01,Sul,RS,GNV,5.98,5.5,6.75,8.35,3.96,106.49,106963,Médio
2023,7,2023-07-01,Sul,RS,Diesel,6.99,6.43,7.9,-2.45,9.45,102.81,140936,Médio
2023,8,2023-08-01,Norte,AM,Etanol,3.98,3.66,4.5,-0.97,11.69,99.63,52135,Alto
2023,8,2023-08-01,Norte,PA,Diesel,3.14,2.89,3.55,2.25,4.33,61.73,193909,Crítico
2023,8,2023-08-01,Norte,PA,Etanol,7.17,6.59,8.1,6.75,7.4,67.45,232227,Baixo
2023,8,2023-08-01,Norte,RO,GNV,7.84,7.22,8.86,2.64,9.62,88.55,42169,Crítico
2023,8,2023-08-01,Norte,TO,Etanol,3.96,3.64,4.47,4.82,10.4,48.34,12081,Crítico
2023,8,2023-08-01,Nordeste,BA,Gasolina,3.83,3.52,4.33,-3.35,7.03,53.11,85801,Médio
2023,8,2023-08-01,Nordeste,BA,Diesel,3.22,2.96,3.63,0.01,9.83,78.93,102835,Crítico
2023,8,2023-08-01,Nordeste,PE,GNV,5.06,4.66,5.72,1.79,5.33,82.01,107813,Médio
2023,8,2023-08-01,Nordeste,PE,GLP,7.76,7.14,8.77,7.09,3.06,99.19,208438,Médio
2023,8,2023-08-01,Nordeste,CE,Etanol,6.92,6.37,7.82,-4.72,9.47,61.0,39518,Crítico
2023,8,2023-08-01,Nordeste,CE,Gasolina,4.67,4.29,5.27,3.58,8.63,47.46,194694,Baixo
2023,8,2023-08-01,Nordeste,MA,Etanol,6.87,6.32,7.77,2.97,2.48,91.84,182841,Baixo
2023,8,2023-08-01,Nordeste,PB,Gasolina,4.43,4.08,5.01,-2.92,9.41,100.71,44153,Baixo
2023,8,2023-08-01,Centro-Oeste,DF,Etanol,6.75,6.21,7.62,-9.13,11.64,66.5,48058,Alto
2023,8,2023-08-01,Centro-Oeste,GO,Gasolina,7.41,6.82,8.37,8.54,9.88,90.2,183873,Crítico
2023,8,2023-08-01,Centro-Oeste,GO,GLP,3.38,3.11,3.82,5.78,9.93,55.68,233975,Alto
2023,8,2023-08-01,Centro-Oeste,MT,GNV,6.8,6.26,7.69,-2.23,5.47,101.38,126575,Médio
2023,8,2023-08-01,Centro-Oeste,MS,GLP,7.45,6.86,8.42,-4.54,10.54,86.58,216808,Crítico
2023,8,2023-08-01,Sudeste,SP,Diesel,3.18,2.93,3.6,-2.87,3.0,72.61,244506,Alto
2023,8,2023-08-01,Sudeste,SP,GLP,7.94,7.31,8.97,-3.36,10.79,95.04,83727,Médio
2023,8,2023-08-01,Sudeste,SP,GLP,5.42,4.99,6.13,9.87,8.3,77.85,59340,Alto
2023,8,2023-08-01,Sudeste,RJ,Etanol,5.09,4.68,5.75,-3.82,2.42,103.61,124075,Médio
2023,8,2023-08-01,Sudeste,RJ,Etanol,4.41,4.05,4.98,1.57,7.42,64.31,183659,Alto
2023,8,2023-08-01,Sudeste,RJ,Etanol,5.19,4.77,5.86,-1.27,11.47,54.12,133711,Médio
2023,8,2023-08-01,Sudeste,RJ,Diesel,3.02,2.78,3.41,-2.54,6.09,67.06,51506,Médio
2023,8,2023-08-01,Sudeste,MG,GLP,7.88,7.25,8.9,8.01,4.0,109.61,100700,Crítico
2023,8,2023-08-01,Sudeste,MG,GLP,3.92,3.6,4.42,7.25,4.46,97.65,136632,Médio
2023,8,2023-08-01,Sudeste,MG,GLP,6.63,6.1,7.49,-4.41,9.61,85.55,23316,Médio
2023,8,2023-08-01,Sudeste,ES,Etanol,6.1,5.61,6.89,-7.77,4.61,46.95,121295,Baixo
2023,8,2023-08-01,Sudeste,ES,Diesel,5.29,4.87,5.98,-0.34,3.55,83.61,79481,Alto
2023,8,2023-08-01,Sudeste,ES,Gasolina,5.16,4.75,5.84,5.11,9.95,78.02,213925,Crítico
2023,8,2023-08-01,Sul,PR,Diesel,3.4,3.13,3.84,5.93,10.66,45.88,148497,Alto
2023,8,2023-08-01,Sul,PR,Etanol,4.23,3.89,4.78,-3.68,6.18,88.69,141261,Baixo
2023,8,2023-08-01,Sul,SC,Diesel,7.8,7.18,8.81,-3.02,3.18,104.67,83072,Baixo
2023,8,2023-08-01,Sul,SC,GNV,4.25,3.91,4.8,2.31,5.05,48.61,25721,Baixo
2023,8,2023-08-01,Sul,RS,GNV,7.7,7.08,8.7,3.2,8.46,104.73,74481,Baixo
2023,8,2023-08-01,Sul,RS,Diesel,4.54,4.17,5.12,-5.61,3.86,67.06,92360,Médio
2023,9,2023-09-01,Norte,AM,GNV,7.99,7.35,9.03,-1.24,4.72,84.64,148743,Médio
2023,9,2023-09-01,Norte,PA,Etanol,6.5,5.98,7.34,3.93,10.7,55.34,145023,Baixo
2023,9,2023-09-01,Norte,PA,Etanol,7.59,6.98,8.58,-1.05,5.52,63.86,194489,Médio
2023,9,2023-09-01,Norte,RO,GLP,7.08,6.51,8.0,3.25,10.14,75.5,112003,Alto
2023,9,2023-09-01,Norte,TO,Diesel,3.48,3.2,3.93,-1.16,6.37,68.22,176092,Médio
2023,9,2023-09-01,Nordeste,BA,Gasolina,7.88,7.25,8.9,4.51,2.82,61.41,235074,Baixo
2023,9,2023-09-01,Nordeste,BA,GLP,3.38,3.11,3.82,-2.25,5.9,74.39,57558,Alto
2023,9,2023-09-01,Nordeste,PE,Gasolina,6.14,5.65,6.93,2.72,8.34,71.26,154678,Crítico
2023,9,2023-09-01,Nordeste,PE,GNV,3.41,3.13,3.85,1.82,8.22,59.84,26366,Crítico
2023,9,2023-09-01,Nordeste,CE,Diesel,4.69,4.31,5.29,-4.72,4.54,80.45,125581,Alto
2023,9,2023-09-01,Nordeste,CE,Gasolina,5.76,5.3,6.51,3.86,7.82,70.28,194299,Médio
2023,9,2023-09-01,Nordeste,MA,GLP,7.13,6.56,8.05,5.17,7.66,70.47,27564,Crítico
2023,9,2023-09-01,Nordeste,PB,GNV,5.13,4.72,5.8,0.71,3.03,91.41,178670,Alto
2023,9,2023-09-01,Centro-Oeste,DF,GNV,5.93,5.45,6.7,0.53,2.56,58.37,151491,Médio
2023,9,2023-09-01,Centro-Oeste,GO,Gasolina,7.91,7.28,8.94,4.37,3.44,89.99,13999,Baixo
2023,9,2023-09-01,Centro-Oeste,GO,Etanol,5.86,5.39,6.62,-3.99,3.04,90.13,147015,Médio
2023,9,2023-09-01,Centro-Oeste,MT,Etanol,6.85,6.3,7.74,-3.11,10.61,108.24,153320,Crítico
2023,9,2023-09-01,Centro-Oeste,MS,GNV,3.17,2.92,3.58,4.33,2.14,104.68,48629,Baixo
2023,9,2023-09-01,Sudeste,SP,Gasolina,5.69,5.24,6.43,5.12,11.1,108.18,31640,Crítico
2023,9,2023-09-01,Sudeste,SP,Diesel,6.08,5.6,6.87,0.51,3.0,96.91,127449,Baixo
2023,9,2023-09-01,Sudeste,SP,Gasolina,6.75,6.21,7.63,4.14,5.2,79.25,60228,Médio
2023,9,2023-09-01,Sudeste,RJ,Diesel,6.56,6.03,7.41,-4.48,4.19,77.73,161398,Crítico
2023,9,2023-09-01,Sudeste,RJ,GNV,6.73,6.19,7.6,5.71,10.62,74.53,45616,Baixo
2023,9,2023-09-01,Sudeste,RJ,Etanol,7.34,6.75,8.29,7.14,9.03,69.69,205976,Crítico
2023,9,2023-09-01,Sudeste,RJ,Etanol,5.26,4.84,5.95,1.5,7.2,71.52,126308,Médio
2023,9,2023-09-01,Sudeste,MG,Etanol,3.75,3.45,4.23,-2.85,10.08,50.56,122637,Crítico
2023,9,2023-09-01,Sudeste,MG,Diesel,4.62,4.25,5.22,-0.15,8.5,83.68,141889,Alto
2023,9,2023-09-01,Sudeste,MG,Etanol,6.46,5.94,7.3,-7.09,10.84,87.34,37549,Médio
2023,9,2023-09-01,Sudeste,ES,Gasolina,5.58,5.14,6.31,-10.21,3.5,87.5,80504,Baixo
2023,9,2023-09-01,Sudeste,ES,GNV,6.83,6.28,7.72,2.97,6.07,103.22,227739,Médio
2023,9,2023-09-01,Sudeste,ES,GLP,5.53,5.09,6.25,4.78,4.16,58.53,29711,Médio
2023,9,2023-09-01,Sul,PR,GNV,7.65,7.04,8.64,-1.07,6.08,88.16,25771,Médio
2023,9,2023-09-01,Sul,PR,GLP,4.03,3.7,4.55,-2.9,11.71,104.53,109573,Crítico
2023,9,2023-09-01,Sul,SC,GLP,4.69,4.31,5.29,-2.06,5.39,52.97,58587,Crítico
2023,9,2023-09-01,Sul,SC,Etanol,6.23,5.73,7.04,1.44,7.5,68.73,231632,Baixo
2023,9,2023-09-01,Sul,RS,GLP,4.39,4.04,4.97,12.43,5.45,77.76,239226,Médio
2023,9,2023-09-01,Sul,RS,GNV,3.53,3.25,3.99,3.99,7.63,79.2,195541,Alto
2023,10,2023-10-01,Norte,AM,Diesel,3.65,3.36,4.13,2.16,4.82,51.44,167640,Alto
2023,10,2023-10-01,Norte,PA,GLP,5.64,5.19,6.37,5.01,6.37,54.03,30995,Alto
2023,10,2023-10-01,Norte,PA,Etanol,7.09,6.52,8.01,2.12,8.51,102.09,211548,Crítico
2023,10,2023-10-01,Norte,RO,GLP,6.85,6.3,7.74,1.94,2.76,59.27,64519,Médio
2023,10,2023-10-01,Norte,TO,GNV,7.9,7.27,8.92,-5.39,8.88,58.04,157923,Médio
2023,10,2023-10-01,Nordeste,BA,Etanol,5.17,4.75,5.84,2.93,2.15,93.84,238953,Alto
2023,10,2023-10-01,Nordeste,BA,GLP,6.02,5.53,6.8,-0.66,10.58,89.8,15097,Baixo
2023,10,2023-10-01,Nordeste,PE,Diesel,3.36,3.09,3.79,-3.57,6.94,49.03,80011,Baixo
2023,10,2023-10-01,Nordeste,PE,Gasolina,7.31,6.72,8.26,1.77,4.44,92.23,93135,Médio
2023,10,2023-10-01,Nordeste,CE,Etanol,6.29,5.79,7.11,10.28,5.77,88.83,229699,Baixo
2023,10,2023-10-01,Nordeste,CE,Gasolina,5.68,5.22,6.42,6.86,9.0,91.58,225044,Crítico
2023,10,2023-10-01,Nordeste,MA,GNV,3.31,3.04,3.74,-2.82,3.3,100.36,74716,Baixo
2023,10,2023-10-01,Nordeste,PB,Gasolina,6.2,5.71,7.01,5.81,4.88,47.35,99843,Médio
2023,10,2023-10-01,Centro-Oeste,DF,Gasolina,6.04,5.55,6.82,-4.23,2.02,91.17,82669,Baixo
2023,10,2023-10-01,Centro-Oeste,GO,Gasolina,3.74,3.44,4.23,-1.76,6.46,59.71,33289,Crítico
2023,10,2023-10-01,Centro-Oeste,GO,Gasolina,4.39,4.04,4.96,6.4,10.12,76.33,46570,Médio
2023,10,2023-10-01,Centro-Oeste,MT,GLP,7.67,7.06,8.67,-0.82,5.49,65.24,13136,Alto
2023,10,2023-10-01,Centro-Oeste,MS,GLP,7.74,7.12,8.74,6.06,11.36,101.75,115544,Alto
2023,10,2023-10-01,Sudeste,SP,GNV,7.11,6.54,8.03,3.77,11.21,47.84,154419,Baixo
2023,10,2023-10-01,Sudeste,SP,GNV,6.71,6.18,7.59,1.97,2.69,54.15,72260,Crítico
2023,10,2023-10-01,Sudeste,SP,Diesel,4.73,4.35,5.34,-1.1,6.88,88.94,81526,Crítico
2023,10,2023-10-01,Sudeste,RJ,GNV,4.12,3.79,4.65,-3.62,7.43,49.42,100818,Alto
2023,10,2023-10-01,Sudeste,RJ,Diesel,3.45,3.17,3.9,-3.48,11.47,89.18,193206,Médio
2023,10,2023-10-01,Sudeste,RJ,Diesel,7.8,7.18,8.82,2.1,4.84,82.78,98550,Médio
2023,10,2023-10-01,Sudeste,RJ,Gasolina,7.06,6.49,7.97,6.82,3.47,56.39,186718,Médio
2023,10,2023-10-01,Sudeste,MG,GLP,5.24,4.82,5.92,-8.65,11.7,64.16,79853,Alto
2023,10,2023-10-01,Sudeste,MG,Gasolina,5.22,4.81,5.9,1.84,6.01,52.92,184753,Alto
2023,10,2023-10-01,Sudeste,MG,GLP,3.77,3.47,4.26,7.26,2.54,98.35,196235,Médio
2023,10,2023-10-01,Sudeste,ES,Diesel,5.0,4.6,5.65,0.84,5.47,72.71,42007,Alto
2023,10,2023-10-01,Sudeste,ES,GNV,7.41,6.82,8.38,-2.22,6.5,107.27,97369,Alto
2023,10,2023-10-01,Sudeste,ES,GLP,6.57,6.04,7.42,4.48,8.27,79.53,152978,Médio
2023,10,2023-10-01,Sul,PR,GLP,7.1,6.54,8.03,-0.54,7.66,47.86,224763,Alto
2023,10,2023-10-01,Sul,PR,GLP,4.04,3.71,4.56,2.87,2.87,72.98,67271,Médio
2023,10,2023-10-01,Sul,SC,Diesel,5.77,5.31,6.52,-2.9,11.74,58.86,126824,Crítico
2023,10,2023-10-01,Sul,SC,Etanol,6.03,5.54,6.81,5.97,7.11,80.43,24168,Alto
2023,10,2023-10-01,Sul,RS,GLP,5.96,5.48,6.73,3.19,6.6,99.47,238254,Crítico
2023,10,2023-10-01,Sul,RS,Gasolina,4.8,4.42,5.42,-1.96,11.1,91.72,36790,Alto
2023,11,2023-11-01,Norte,AM,GLP,4.53,4.16,5.11,0.02,3.75,82.51,105706,Crítico
2023,11,2023-11-01,Norte,PA,GNV,6.63,6.1,7.49,3.45,11.98,51.44,239402,Baixo
2023,11,2023-11-01,Norte,PA,Gasolina,6.83,6.29,7.72,6.09,8.01,52.98,113138,Baixo
2023,11,2023-11-01,Norte,RO,Etanol,5.42,4.99,6.12,-1.94,11.04,78.49,133782,Alto
2023,11,2023-11-01,Norte,TO,GLP,5.31,4.89,6.01,6.88,11.32,78.01,184015,Baixo
2023,11,2023-11-01,Nordeste,BA,Gasolina,4.04,3.72,4.57,6.41,8.97,93.55,26109,Alto
2023,11,2023-11-01,Nordeste,BA,Diesel,5.61,5.16,6.34,-4.27,7.49,65.51,134110,Alto
2023,11,2023-11-01,Nordeste,PE,GLP,7.93,7.3,8.97,1.32,7.41,84.13,173813,Médio
2023,11,2023-11-01,Nordeste,PE,GNV,7.66,7.05,8.65,-1.41,4.29,62.28,248807,Alto
2023,11,2023-11-01,Nordeste,CE,Etanol,7.9,7.27,8.93,-1.14,3.46,61.55,161996,Alto
2023,11,2023-11-01,Nordeste,CE,Diesel,7.43,6.84,8.4,2.38,9.16,92.51,133806,Alto
2023,11,2023-11-01,Nordeste,MA,Diesel,6.77,6.23,7.65,5.11,8.66,51.58,28284,Alto
2023,11,2023-11-01,Nordeste,PB,Gasolina,5.02,4.62,5.67,-0.46,6.37,70.65,105858,Médio
2023,11,2023-11-01,Centro-Oeste,DF,Gasolina,6.35,5.84,7.17,-2.79,10.74,77.16,9759,Crítico
2023,11,2023-11-01,Centro-Oeste,GO,Diesel,3.18,2.93,3.6,3.39,6.06,52.11,59260,Alto
2023,11,2023-11-01,Centro-Oeste,GO,GNV,4.12,3.79,4.65,2.59,5.08,59.52,37539,Alto
2023,11,2023-11-01,Centro-Oeste,MT,GLP,3.47,3.19,3.92,0.69,11.68,83.99,210351,Baixo
2023,11,2023-11-01,Centro-Oeste,MS,GLP,7.97,7.33,9.0,1.13,2.78,55.26,235950,Baixo
2023,11,2023-11-01,Sudeste,SP,Etanol,6.89,6.34,7.78,-1.08,7.04,73.39,191538,Baixo
2023,11,2023-11-01,Sudeste,SP,Gasolina,5.3,4.87,5.99,1.76,5.28,69.67,35939,Crítico
2023,11,2023-11-01,Sudeste,SP,Gasolina,6.11,5.62,6.9,-0.51,3.78,87.52,64032,Médio
2023,11,2023-11-01,Sudeste,RJ,Diesel,5.74,5.28,6.48,2.69,10.26,66.73,100255,Alto
2023,11,2023-11-01,Sudeste,RJ,GLP,7.35,6.76,8.3,-6.71,9.63,100.09,213315,Médio
2023,11,2023-11-01,Sudeste,RJ,Etanol,3.61,3.32,4.08,-2.01,4.41,63.18,115929,Médio
2023,11,2023-11-01,Sudeste,RJ,GLP,5.78,5.32,6.53,-0.37,11.09,103.55,64855,Médio
2023,11,2023-11-01,Sudeste,MG,GLP,7.04,6.47,7.95,5.67,3.66,103.59,190030,Médio
2023,11,2023-11-01,Sudeste,MG,Gasolina,6.21,5.72,7.02,7.68,4.92,80.8,60982,Médio
2023,11,2023-11-01,Sudeste,MG,Gasolina,7.97,7.33,9.01,2.19,10.27,86.41,182541,Crítico
2023,11,2023-11-01,Sudeste,ES,Gasolina,7.82,7.19,8.83,0.25,4.96,68.85,245752,Baixo
2023,11,2023-11-01,Sudeste,ES,Etanol,5.1,4.69,5.76,3.14,9.57,67.44,106717,Médio
2023,11,2023-11-01,Sudeste,ES,GLP,7.29,6.71,8.24,-0.96,6.19,80.79,195630,Baixo
2023,11,2023-11-01,Sul,PR,GNV,5.66,5.21,6.4,-1.36,6.65,106.05,7410,Médio
2023,11,2023-11-01,Sul,PR,Gasolina,4.44,4.09,5.02,-3.48,2.9,57.49,246004,Médio
2023,11,2023-11-01,Sul,SC,Gasolina,6.4,5.89,7.23,-4.3,9.13,59.27,176624,Médio
2023,11,2023-11-01,Sul,SC,Diesel,3.71,3.42,4.2,-0.23,11.62,78.2,178684,Médio
2023,11,2023-11-01,Sul,RS,GLP,3.39,3.11,3.83,0.78,8.09,59.28,68701,Alto
2023,11,2023-11-01,Sul,RS,Gasolina,5.69,5.24,6.43,-1.4,9.84,90.66,57390,Alto
2023,12,2023-12-01,Norte,AM,Diesel,5.51,5.07,6.22,1.99,5.15,97.99,105572,Médio
2023,12,2023-12-01,Norte,PA,Gasolina,6.72,6.18,7.59,-8.95,5.18,73.92,222201,Alto
2023,12,2023-12-01,Norte,PA,Gasolina,3.92,3.6,4.42,-0.03,4.53,47.1,171758,Alto
2023,12,2023-12-01,Norte,RO,Diesel,4.98,4.58,5.63,-0.64,8.91,88.32,179344,Crítico
2023,12,2023-12-01,Norte,TO,Diesel,5.58,5.13,6.3,4.98,6.56,72.74,133948,Crítico
2023,12,2023-12-01,Nordeste,BA,Diesel,3.87,3.56,4.37,7.07,11.48,75.84,138485,Alto
2023,12,2023-12-01,Nordeste,BA,Diesel,7.34,6.75,8.29,1.72,6.57,105.69,222056,Crítico
2023,12,2023-12-01,Nordeste,PE,Diesel,3.9,3.59,4.41,-3.73,6.57,58.63,55977,Crítico
2023,12,2023-12-01,Nordeste,PE,Etanol,4.73,4.35,5.35,0.9,5.42,59.98,178918,Médio
2023,12,2023-12-01,Nordeste,CE,Gasolina,3.76,3.46,4.25,-8.36,5.02,45.68,76505,Alto
2023,12,2023-12-01,Nordeste,CE,Diesel,3.18,2.92,3.59,-1.36,6.16,99.31,75209,Crítico
2023,12,2023-12-01,Nordeste,MA,GNV,7.35,6.76,8.3,3.71,8.42,49.0,127241,Crítico
2023,12,2023-12-01,Nordeste,PB,Etanol,7.59,6.99,8.58,-1.37,9.42,90.84,8182,Médio
2023,12,2023-12-01,Centro-Oeste,DF,Etanol,4.45,4.09,5.02,-1.88,3.73,51.64,171925,Crítico
2023,12,2023-12-01,Centro-Oeste,GO,Diesel,5.37,4.94,6.07,-9.46,9.8,77.93,59757,Médio
2023,12,2023-12-01,Centro-Oeste,GO,Gasolina,7.32,6.74,8.28,1.56,2.75,45.83,163698,Alto
2023,12,2023-12-01,Centro-Oeste,MT,GLP,6.31,5.81,7.13,-0.63,2.87,98.46,94955,Baixo
2023,12,2023-12-01,Centro-Oeste,MS,Etanol,4.19,3.85,4.73,-3.99,2.18,84.5,120678,Alto
2023,12,2023-12-01,Sudeste,SP,Etanol,7.23,6.65,8.17,-3.36,5.64,49.84,98347,Alto
2023,12,2023-12-01,Sudeste,SP,GLP,7.07,6.5,7.99,6.32,8.73,54.73,8504,Baixo
2023,12,2023-12-01,Sudeste,SP,Gasolina,3.78,3.48,4.28,-3.08,9.83,73.09,136920,Crítico
2023,12,2023-12-01,Sudeste,RJ,Diesel,6.52,6.0,7.37,-1.29,2.13,68.28,165317,Alto
2023,12,2023-12-01,Sudeste,RJ,Gasolina,5.16,4.75,5.83,-0.42,7.09,83.37,12813,Médio
2023,12,2023-12-01,Sudeste,RJ,GNV,7.36,6.77,8.31,3.42,6.85,79.19,119993,Crítico
2023,12,2023-12-01,Sudeste,RJ,Gasolina,5.84,5.38,6.6,0.98,2.56,107.24,168676,Médio
2023,12,2023-12-01,Sudeste,MG,GLP,6.37,5.86,7.2,1.8,4.68,65.33,105516,Alto
2023,12,2023-12-01,Sudeste,MG,Etanol,4.11,3.78,4.64,-2.31,8.91,64.57,23871,Médio
2023,12,2023-12-01,Sudeste,MG,GNV,3.03,2.78,3.42,-2.6,6.69,87.06,202076,Alto
2023,12,2023-12-01,Sudeste,ES,Diesel,6.47,5.95,7.31,-0.68,10.93,108.5,167457,Médio
2023,12,2023-12-01,Sudeste,ES,Etanol,7.31,6.72,8.26,1.64,3.24,85.28,127815,Alto
2023,12,2023-12-01,Sudeste,ES,GNV,3.59,3.3,4.06,-3.65,4.68,45.6,205846,Baixo
2023,12,2023-12-01,Sul,PR,GNV,3.11,2.86,3.52,3.56,6.72,70.21,165176,Médio
2023,12,2023-12-01,Sul,PR,Diesel,3.08,2.83,3.48,-5.17,2.74,60.53,213358,Crítico
2023,12,2023-12-01,Sul,SC,Etanol,5.48,5.04,6.19,-1.38,9.87,50.82,102296,Alto
2023,12,2023-12-01,Sul,SC,GNV,4.33,3.98,4.89,-0.99,4.11,50.41,70673,Médio
2023,12,2023-12-01,Sul,RS,Etanol,4.83,4.45,5.46,-1.57,7.13,70.48,214755,Crítico
2023,12,2023-12-01,Sul,RS,Gasolina,4.35,4.0,4.92,-6.47,3.85,45.24,215923,Baixo
2024,1,2024-01-01,Norte,AM,Gasolina,7.0,6.44,7.91,3.79,7.39,52.51,14222,Alto
2024,1,2024-01-01,Norte,PA,GLP,7.01,6.45,7.92,6.92,10.55,108.12,143483,Médio
2024,1,2024-01-01,Norte,PA,Diesel,4.91,4.52,5.55,5.2,10.59,74.89,249424,Alto
2024,1,2024-01-01,Norte,RO,Gasolina,4.67,4.3,5.28,1.85,11.63,53.82,70647,Crítico
2024,1,2024-01-01,Norte,TO,Gasolina,7.84,7.21,8.86,-2.14,7.13,52.69,16344,Crítico
2024,1,2024-01-01,Nordeste,BA,Gasolina,3.35,3.08,3.78,2.05,2.84,47.51,156778,Crítico
2024,1,2024-01-01,Nordeste,BA,Gasolina,6.3,5.79,7.12,0.83,2.77,86.67,141060,Alto
2024,1,2024-01-01,Nordeste,PE,Etanol,6.08,5.59,6.87,-0.36,2.97,58.89,11098,Baixo
2024,1,2024-01-01,Nordeste,PE,GNV,7.42,6.82,8.38,8.52,2.8,77.24,171383,Médio
2024,1,2024-01-01,Nordeste,CE,Etanol,4.78,4.4,5.4,12.59,10.27,77.15,28234,Baixo
2024,1,2024-01-01,Nordeste,CE,Gasolina,6.14,5.65,6.94,-1.34,5.02,73.52,220411,Alto
2024,1,2024-01-01,Nordeste,MA,Diesel,6.21,5.71,7.02,7.45,9.46,102.21,42607,Alto
2024,1,2024-01-01,Nordeste,PB,GLP,6.91,6.35,7.8,-2.7,2.86,95.13,234400,Médio
2024,1,2024-01-01,Centro-Oeste,DF,GLP,3.48,3.2,3.93,0.8,3.55,91.77,154586,Médio
2024,1,2024-01-01,Centro-Oeste,GO,Etanol,6.65,6.12,7.51,3.36,8.2,85.63,239165,Médio
2024,1,2024-01-01,Centro-Oeste,GO,GNV,5.18,4.77,5.86,1.24,8.53,92.84,213635,Baixo
2024,1,2024-01-01,Centro-Oeste,MT,Diesel,6.82,6.28,7.71,0.34,9.0,88.76,105268,Baixo
2024,1,2024-01-01,Centro-Oeste,MS,Diesel,6.41,5.9,7.24,1.54,4.57,66.34,151722,Crítico
2024,1,2024-01-01,Sudeste,SP,GLP,6.72,6.18,7.59,0.86,7.58,68.63,143743,Alto
2024,1,2024-01-01,Sudeste,SP,Gasolina,4.61,4.24,5.21,3.52,8.19,100.44,198021,Crítico
2024,1,2024-01-01,Sudeste,SP,Gasolina,7.35,6.77,8.31,0.75,10.38,54.36,156665,Alto
2024,1,2024-01-01,Sudeste,RJ,Gasolina,5.95,5.47,6.72,-2.21,9.5,58.39,98529,Alto
2024,1,2024-01-01,Sudeste,RJ,GNV,7.12,6.55,8.04,1.81,11.59,79.09,181011,Baixo
2024,1,2024-01-01,Sudeste,RJ,Etanol,3.56,3.27,4.02,1.15,2.95,88.12,205029,Baixo
2024,1,2024-01-01,Sudeste,RJ,Gasolina,3.54,3.26,4.0,-0.37,10.44,79.59,17817,Baixo
2024,1,2024-01-01,Sudeste,MG,Diesel,4.02,3.7,4.54,-0.2,6.68,79.78,205822,Baixo
2024,1,2024-01-01,Sudeste,MG,Gasolina,7.82,7.19,8.83,5.04,8.36,61.99,74536,Médio
2024,1,2024-01-01,Sudeste,MG,Diesel,6.93,6.37,7.83,-0.86,2.27,77.68,19735,Alto
2024,1,2024-01-01,Sudeste,ES,GNV,4.24,3.9,4.79,-0.84,2.52,80.32,52204,Crítico
2024,1,2024-01-01,Sudeste,ES,GNV,6.95,6.4,7.86,-0.63,2.32,79.31,144303,Baixo
2024,1,2024-01-01,Sudeste,ES,GLP,4.23,3.89,4.78,1.93,7.02,45.46,187575,Alto
2024,1,2024-01-01,Sul,PR,GNV,7.02,6.46,7.93,2.79,4.51,62.22,31086,Baixo
2024,1,2024-01-01,Sul,PR,Gasolina,5.56,5.12,6.28,-0.63,5.38,87.59,201916,Crítico
2024,1,2024-01-01,Sul,SC,Diesel,3.01,2.77,3.4,-3.03,9.17,69.04,66987,Médio
2024,1,2024-01-01,Sul,SC,GLP,6.37,5.86,7.19,2.1,2.98,78.86,218057,Alto
2024,1,2024-01-01,Sul,RS,Diesel,5.67,5.22,6.41,-0.78,2.83,83.39,149116,Crítico
2024,1,2024-01-01,Sul,RS,Etanol,7.05,6.49,7.97,2.54,2.97,61.53,142993,Alto
2024,2,2024-02-01,Norte,AM,Gasolina,3.73,3.43,4.21,-1.63,8.27,80.36,125022,Baixo
2024,2,2024-02-01,Norte,PA,Diesel,5.3,4.88,5.99,2.72,7.99,99.53,235948,Médio
2024,2,2024-02-01,Norte,PA,GLP,7.73,7.11,8.73,4.31,4.27,68.6,212240,Alto
2024,2,2024-02-01,Norte,RO,GLP,5.01,4.61,5.67,-3.82,7.23,102.44,64066,Médio
2024,2,2024-02-01,Norte,TO,GLP,5.84,5.37,6.6,7.0,9.91,46.2,90660,Baixo
2024,2,2024-02-01,Nordeste,BA,GNV,5.57,5.13,6.3,7.2,8.43,67.78,64137,Crítico
2024,2,2024-02-01,Nordeste,BA,GNV,5.3,4.88,5.99,7.15,9.75,55.99,187983,Alto
2024,2,2024-02-01,Nordeste,PE,Etanol,7.08,6.51,8.0,0.78,8.32,79.91,211907,Médio
2024,2,2024-02-01,Nordeste,PE,Diesel,3.64,3.35,4.11,-2.57,2.75,67.47,161430,Baixo
2024,2,2024-02-01,Nordeste,CE,Gasolina,7.82,7.19,8.84,3.51,2.89,75.03,75001,Alto
2024,2,2024-02-01,Nordeste,CE,Etanol,5.84,5.37,6.6,-0.73,6.52,65.6,213439,Médio
2024,2,2024-02-01,Nordeste,MA,GNV,5.96,5.48,6.73,-4.39,8.84,107.67,214518,Alto
2024,2,2024-02-01,Nordeste,PB,GNV,3.32,3.05,3.75,-3.87,5.06,84.18,139364,Crítico
2024,2,2024-02-01,Centro-Oeste,DF,Diesel,7.05,6.48,7.96,1.97,7.16,96.96,230141,Baixo
2024,2,2024-02-01,Centro-Oeste,GO,GLP,3.39,3.12,3.84,-1.12,4.06,60.89,154388,Alto
2024,2,2024-02-01,Centro-Oeste,GO,GNV,3.07,2.82,3.46,1.34,11.95,59.33,247822,Crítico
2024,2,2024-02-01,Centro-Oeste,MT,Gasolina,4.29,3.95,4.85,-3.76,7.78,48.75,232467,Crítico
2024,2,2024-02-01,Centro-Oeste,MS,Diesel,7.49,6.89,8.46,-1.73,10.45,92.54,134276,Alto
2024,2,2024-02-01,Sudeste,SP,Diesel,5.24,4.82,5.92,-4.59,6.64,45.54,102847,Baixo
2024,2,2024-02-01,Sudeste,SP,Diesel,3.75,3.45,4.24,2.69,7.07,89.26,225513,Baixo
2024,2,2024-02-01,Sudeste,SP,Etanol,4.94,4.54,5.58,4.51,8.0,107.5,207112,Baixo
2024,2,2024-02-01,Sudeste,RJ,Etanol,5.03,4.62,5.68,3.72,8.79,89.92,32841,Baixo
2024,2,2024-02-01,Sudeste,RJ,GNV,3.43,3.16,3.88,8.29,9.55,97.86,112754,Médio
2024,2,2024-02-01,Sudeste,RJ,Diesel,3.84,3.53,4.34,-1.11,10.69,53.47,71704,Baixo
2024,2,2024-02-01,Sudeste,RJ,Gasolina,7.31,6.72,8.26,-7.71,2.21,50.52,146552,Alto
2024,2,2024-02-01,Sudeste,MG,Diesel,3.56,3.28,4.02,1.17,6.04,75.8,24436,Alto
2024,2,2024-02-01,Sudeste,MG,Diesel,4.63,4.26,5.23,3.98,2.41,63.25,67600,Alto
2024,2,2024-02-01,Sudeste,MG,GNV,7.62,7.01,8.62,-0.8,11.88,69.58,72306,Médio
2024,2,2024-02-01,Sudeste,ES,GLP,5.81,5.34,6.56,-2.34,6.8,94.3,81097,Crítico
2024,2,2024-02-01,Sudeste,ES,Etanol,7.71,7.1,8.72,1.31,7.63,64.77,177917,Baixo
2024,2,2024-02-01,Sudeste,ES,Diesel,5.26,4.84,5.95,-6.11,7.81,89.49,198355,Alto
2024,2,2024-02-01,Sul,PR,GNV,3.16,2.91,3.57,10.64,2.45,88.76,126926,Médio
2024,2,2024-02-01,Sul,PR,Diesel,3.38,3.11,3.81,4.26,7.28,103.78,196780,Alto
2024,2,2024-02-01,Sul,SC,GNV,3.4,3.13,3.84,-1.57,6.89,103.62,130388,Médio
2024,2,2024-02-01,Sul,SC,GLP,7.39,6.8,8.35,-1.4,4.13,60.87,176150,Crítico
2024,2,2024-02-01,Sul,RS,Gasolina,5.94,5.46,6.71,8.0,8.71,64.54,192672,Crítico
2024,2,2024-02-01,Sul,RS,GNV,3.09,2.84,3.49,4.84,8.6,70.19,152998,Baixo
2024,3,2024-03-01,Norte,AM,GLP,4.86,4.47,5.49,-4.95,10.22,92.62,98168,Médio
2024,3,2024-03-01,Norte,PA,Etanol,3.81,3.51,4.31,1.81,6.04,102.53,226401,Médio
2024,3,2024-03-01,Norte,PA,Etanol,5.15,4.74,5.82,1.15,11.97,88.55,235502,Alto
2024,3,2024-03-01,Norte,RO,GNV,4.04,3.71,4.56,4.69,10.31,92.27,35403,Baixo
2024,3,2024-03-01,Norte,TO,Etanol,3.38,3.11,3.82,-4.03,5.67,68.35,30380,Crítico
2024,3,2024-03-01,Nordeste,BA,GNV,5.79,5.32,6.54,3.24,4.5,63.7,230906,Crítico
2024,3,2024-03-01,Nordeste,BA,GLP,3.23,2.97,3.65,8.88,11.54,48.83,165872,Crítico
2024,3,2024-03-01,Nordeste,PE,GLP,7.97,7.33,9.0,-4.53,5.84,72.54,90056,Médio
2024,3,2024-03-01,Nordeste,PE,GNV,5.86,5.39,6.62,2.15,3.82,64.48,145122,Alto
2024,3,2024-03-01,Nordeste,CE,Diesel,5.55,5.1,6.27,2.03,11.58,52.47,79049,Crítico
2024,3,2024-03-01,Nordeste,CE,GLP,4.3,3.95,4.85,3.2,10.44,65.31,233375,Alto
2024,3,2024-03-01,Nordeste,MA,GNV,4.51,4.15,5.1,2.8,5.49,98.57,42250,Alto
2024,3,2024-03-01,Nordeste,PB,GNV,3.97,3.65,4.48,-3.61,3.85,61.1,230862,Baixo
2024,3,2024-03-01,Centro-Oeste,DF,GNV,5.74,5.28,6.48,6.47,11.68,107.12,24954,Baixo
2024,3,2024-03-01,Centro-Oeste,GO,Gasolina,5.65,5.2,6.39,-3.45,7.96,65.28,231595,Médio
2024,3,2024-03-01,Centro-Oeste,GO,GLP,4.19,3.85,4.73,0.84,8.02,58.97,18754,Médio
2024,3,2024-03-01,Centro-Oeste,MT,Gasolina,4.27,3.93,4.82,1.47,4.9,72.37,184684,Médio
2024,3,2024-03-01,Centro-Oeste,MS,Diesel,5.74,5.28,6.49,-2.12,8.04,47.28,70243,Crítico
2024,3,2024-03-01,Sudeste,SP,GLP,4.93,4.54,5.57,0.65,8.94,102.45,201242,Crítico
2024,3,2024-03-01,Sudeste,SP,Gasolina,7.62,7.01,8.61,-2.43,8.93,92.04,80420,Crítico
2024,3,2024-03-01,Sudeste,SP,Gasolina,4.4,4.05,4.97,2.54,7.53,80.67,186921,Crítico
2024,3,2024-03-01,Sudeste,RJ,GLP,3.29,3.03,3.72,-5.39,4.96,80.85,131856,Médio
2024,3,2024-03-01,Sudeste,RJ,Diesel,4.15,3.82,4.69,-0.93,9.98,105.83,237333,Baixo
2024,3,2024-03-01,Sudeste,RJ,Etanol,6.9,6.35,7.8,-0.62,7.83,84.12,223142,Alto
2024,3,2024-03-01,Sudeste,RJ,Etanol,5.26,4.84,5.94,-0.37,9.52,68.56,151651,Crítico
2024,3,2024-03-01,Sudeste,MG,GNV,3.42,3.15,3.87,1.73,2.27,50.52,219874,Crítico
2024,3,2024-03-01,Sudeste,MG,Etanol,4.52,4.16,5.11,2.86,3.02,103.42,161186,Alto
2024,3,2024-03-01,Sudeste,MG,Gasolina,6.14,5.65,6.94,-1.27,6.79,76.46,37757,Alto
2024,3,2024-03-01,Sudeste,ES,Diesel,6.7,6.16,7.57,-0.99,11.1,56.82,192936,Crítico
2024,3,2024-03-01,Sudeste,ES,Gasolina,6.95,6.39,7.85,4.71,10.79,63.49,178707,Alto
2024,3,2024-03-01,Sudeste,ES,GLP,7.92,7.29,8.95,4.67,11.2,102.23,73965,Crítico
2024,3,2024-03-01,Sul,PR,Etanol,5.27,4.85,5.96,2.79,6.61,83.93,184754,Crítico
2024,3,2024-03-01,Sul,PR,GNV,3.97,3.65,4.48,2.65,2.73,61.66,161097,Alto
2024,3,2024-03-01,Sul,SC,GLP,3.58,3.29,4.04,-8.17,4.49,63.49,202332,Crítico
2024,3,2024-03-01,Sul,SC,GNV,4.19,3.86,4.74,4.9,3.61,62.22,48663,Alto
2024,3,2024-03-01,Sul,RS,Gasolina,3.37,3.1,3.8,-6.29,7.17,96.76,7695,Crítico
2024,3,2024-03-01,Sul,RS,GNV,7.84,7.22,8.86,0.48,2.77,72.27,85102,Alto
2024,4,2024-04-01,Norte,AM,Etanol,4.69,4.32,5.3,-2.19,4.26,54.72,39714,Crítico
2024,4,2024-04-01,Norte,PA,GLP,6.85,6.3,7.74,4.42,8.81,60.11,204538,Baixo
2024,4,2024-04-01,Norte,PA,Etanol,5.43,5.0,6.14,-0.37,9.98,82.2,11717,Baixo
2024,4,2024-04-01,Norte,RO,Etanol,7.18,6.6,8.11,-0.96,8.62,72.58,79429,Crítico
2024,4,2024-04-01,Norte,TO,GNV,7.99,7.35,9.03,5.26,5.02,49.77,134465,Médio
2024,4,2024-04-01,Nordeste,BA,GLP,4.05,3.73,4.58,-6.64,5.48,107.0,185398,Médio
2024,4,2024-04-01,Nordeste,BA,GNV,4.19,3.86,4.74,2.34,6.56,108.87,175033,Crítico
2024,4,2024-04-01,Nordeste,PE,GLP,5.38,4.95,6.08,0.75,4.61,48.92,17125,Alto
2024,4,2024-04-01,Nordeste,PE,Diesel,7.5,6.9,8.48,-2.64,6.95,52.37,108181,Baixo
2024,4,2024-04-01,Nordeste,CE,Diesel,3.67,3.38,4.15,5.58,11.02,80.22,37635,Alto
2024,4,2024-04-01,Nordeste,CE,Gasolina,4.15,3.82,4.69,-3.52,7.07,55.72,108707,Médio
2024,4,2024-04-01,Nordeste,MA,GNV,5.47,5.04,6.19,1.31,7.45,90.93,5022,Crítico
2024,4,2024-04-01,Nordeste,PB,Diesel,7.53,6.93,8.51,5.27,8.26,107.73,22153,Baixo
2024,4,2024-04-01,Centro-Oeste,DF,Diesel,7.15,6.58,8.08,-3.3,6.44,46.06,89367,Baixo
2024,4,2024-04-01,Centro-Oeste,GO,Etanol,5.66,5.21,6.4,1.67,9.32,69.04,167916,Crítico
2024,4,2024-04-01,Centro-Oeste,GO,Diesel,5.69,5.24,6.43,2.19,5.98,62.03,115689,Baixo
2024,4,2024-04-01,Centro-Oeste,MT,Diesel,4.46,4.1,5.04,-3.78,10.96,66.75,168477,Crítico
2024,4,2024-04-01,Centro-Oeste,MS,Etanol,3.44,3.16,3.88,-2.43,7.35,96.47,15503,Baixo
2024,4,2024-04-01,Sudeste,SP,GLP,5.57,5.13,6.3,-1.48,8.67,57.54,63423,Baixo
2024,4,2024-04-01,Sudeste,SP,Etanol,4.13,3.8,4.67,-8.98,3.61,73.88,55141,Baixo
2024,4,2024-04-01,Sudeste,SP,Etanol,3.31,3.05,3.75,-1.76,2.03,94.6,174840,Crítico
2024,4,2024-04-01,Sudeste,RJ,GNV,5.17,4.76,5.85,6.56,6.91,103.17,19049,Baixo
2024,4,2024-04-01,Sudeste,RJ,Diesel,5.33,4.9,6.02,2.02,9.65,96.24,107514,Crítico
2024,4,2024-04-01,Sudeste,RJ,GNV,5.28,4.85,5.96,-6.24,10.63,52.73,117912,Crítico
2024,4,2024-04-01,Sudeste,RJ,Diesel,4.34,3.99,4.91,-1.46,8.56,71.43,204540,Crítico
2024,4,2024-04-01,Sudeste,MG,Diesel,5.5,5.06,6.22,0.78,9.84,106.31,242133,Crítico
2024,4,2024-04-01,Sudeste,MG,GNV,3.16,2.91,3.58,3.94,11.98,96.04,123645,Baixo
2024,4,2024-04-01,Sudeste,MG,Etanol,6.66,6.12,7.52,1.75,3.09,79.65,91722,Médio
2024,4,2024-04-01,Sudeste,ES,GLP,3.21,2.95,3.63,1.61,8.32,99.32,230628,Crítico
2024,4,2024-04-01,Sudeste,ES,Diesel,5.4,4.97,6.1,4.58,10.11,47.72,73881,Crítico
2024,4,2024-04-01,Sudeste,ES,Diesel,5.19,4.78,5.87,-2.62,9.87,84.0,179654,Baixo
2024,4,2024-04-01,Sul,PR,GLP,4.39,4.04,4.96,-1.98,7.37,80.11,179471,Baixo
2024,4,2024-04-01,Sul,PR,Gasolina,5.62,5.17,6.36,4.88,7.9,62.08,233350,Baixo
2024,4,2024-04-01,Sul,SC,GNV,6.42,5.9,7.25,3.04,9.38,48.88,211122,Médio
2024,4,2024-04-01,Sul,SC,Etanol,3.18,2.92,3.59,2.8,4.14,89.38,218108,Crítico
2024,4,2024-04-01,Sul,RS,Diesel,6.79,6.25,7.68,2.98,7.11,92.38,28549,Alto
2024,4,2024-04-01,Sul,RS,GNV,5.6,5.15,6.33,-0.33,7.46,45.7,139801,Crítico
2024,5,2024-05-01,Norte,AM,GLP,7.64,7.03,8.64,-3.37,7.18,96.33,12483,Alto
2024,5,2024-05-01,Norte,PA,Gasolina,3.99,3.67,4.51,-2.81,11.45,100.9,179909,Baixo
2024,5,2024-05-01,Norte,PA,Etanol,3.83,3.52,4.33,-4.25,8.34,98.56,145469,Alto
2024,5,2024-05-01,Norte,RO,GLP,3.67,3.37,4.14,6.91,9.45,65.78,54491,Crítico
2024,5,2024-05-01,Norte,TO,Diesel,7.11,6.54,8.03,-0.94,9.43,67.01,119452,Baixo
2024,5,2024-05-01,Nordeste,BA,Gasolina,3.33,3.06,3.76,-3.09,4.48,81.42,216815,Médio
2024,5,2024-05-01,Nordeste,BA,Gasolina,6.01,5.53,6.8,3.41,8.64,62.45,106733,Baixo
2024,5,2024-05-01,Nordeste,PE,GLP,5.94,5.46,6.71,-0.9,3.86,50.58,42697,Alto
2024,5,2024-05-01,Nordeste,PE,Diesel,4.34,4.0,4.91,-1.45,10.29,67.3,13379,Baixo
2024,5,2024-05-01,Nordeste,CE,Etanol,5.72,5.26,6.46,2.77,8.02,92.61,137744,Alto
2024,5,2024-05-01,Nordeste,CE,GNV,7.34,6.75,8.29,2.81,9.77,98.24,175082,Médio
2024,5,2024-05-01,Nordeste,MA,GLP,6.58,6.05,7.43,3.95,5.79,91.47,209183,Alto
2024,5,2024-05-01,Nordeste,PB,Etanol,7.4,6.81,8.36,-7.51,4.76,61.14,160609,Baixo
2024,5,2024-05-01,Centro-Oeste,DF,GNV,6.7,6.17,7.58,-11.15,7.28,94.3,225844,Alto
2024,5,2024-05-01,Centro-Oeste,GO,GLP,7.36,6.77,8.31,-5.04,3.54,83.2,207421,Alto
2024,5,2024-05-01,Centro-Oeste,GO,Etanol,4.44,4.08,5.02,-3.09,5.0,90.87,23460,Médio
2024,5,2024-05-01,Centro-Oeste,MT,Etanol,7.17,6.6,8.1,7.53,8.62,87.65,74134,Baixo
2024,5,2024-05-01,Centro-Oeste,MS,GNV,4.29,3.95,4.85,6.48,8.23,99.74,50425,Baixo
2024,5,2024-05-01,Sudeste,SP,Diesel,5.69,5.24,6.43,2.18,4.6,103.91,170592,Baixo
2024,5,2024-05-01,Sudeste,SP,Gasolina,6.76,6.22,7.64,-2.08,5.02,107.25,209862,Baixo
2024,5,2024-05-01,Sudeste,SP,GLP,5.81,5.35,6.57,-2.87,10.13,62.54,90835,Alto
2024,5,2024-05-01,Sudeste,RJ,Etanol,4.54,4.17,5.13,1.98,4.27,45.77,186427,Alto
2024,5,2024-05-01,Sudeste,RJ,Etanol,5.9,5.43,6.66,0.9,7.57,98.25,119583,Alto
2024,5,2024-05-01,Sudeste,RJ,Diesel,5.65,5.2,6.38,5.27,2.34,83.42,21808,Alto
2024,5,2024-05-01,Sudeste,RJ,GNV,5.56,5.12,6.29,1.62,3.04,95.8,102079,Alto
2024,5,2024-05-01,Sudeste,MG,GLP,3.77,3.47,4.26,-3.48,4.75,78.23,195236,Médio
2024,5,2024-05-01,Sudeste,MG,Gasolina,3.39,3.12,3.83,1.01,9.06,99.4,217018,Médio
2024,5,2024-05-01,Sudeste,MG,Gasolina,5.37,4.94,6.06,-3.07,5.13,50.01,111270,Crítico
2024,5,2024-05-01,Sudeste,ES,Etanol,7.67,7.06,8.67,-0.71,3.75,92.01,235871,Baixo
2024,5,2024-05-01,Sudeste,ES,Diesel,6.58,6.05,7.43,-3.11,2.3,60.97,55870,Crítico
2024,5,2024-05-01,Sudeste,ES,GLP,7.97,7.33,9.01,0.13,3.97,73.38,22458,Baixo
2024,5,2024-05-01,Sul,PR,Diesel,4.15,3.82,4.69,1.54,11.05,101.99,51097,Baixo
2024,5,2024-05-01,Sul,PR,Gasolina,5.85,5.38,6.61,-6.98,6.67,105.06,71547,Médio
2024,5,2024-05-01,Sul,SC,GNV,7.05,6.49,7.97,4.99,11.13,54.59,109023,Médio
2024,5,2024-05-01,Sul,SC,GNV,5.27,4.85,5.95,6.88,11.37,61.41,157295,Baixo
2024,5,2024-05-01,Sul,RS,Diesel,3.7,3.4,4.18,4.08,9.15,105.37,100243,Baixo
2024,5,2024-05-01,Sul,RS,Gasolina,6.14,5.65,6.93,2.72,7.99,84.85,100897,Alto
2024,6,2024-06-01,Norte,AM,GLP,6.34,5.83,7.17,0.17,7.82,72.27,166520,Crítico
2024,6,2024-06-01,Norte,PA,GNV,6.81,6.26,7.69,5.16,5.94,85.33,220483,Médio
2024,6,2024-06-01,Norte,PA,GLP,4.8,4.42,5.42,-3.45,8.11,60.18,145190,Crítico
2024,6,2024-06-01,Norte,RO,GNV,6.07,5.58,6.86,3.28,6.95,83.13,180618,Baixo
2024,6,2024-06-01,Norte,TO,Diesel,3.6,3.31,4.06,-1.98,11.08,77.09,163156,Baixo
2024,6,2024-06-01,Nordeste,BA,GLP,5.93,5.45,6.7,2.11,3.4,108.83,167033,Médio
2024,6,2024-06-01,Nordeste,BA,Etanol,5.65,5.2,6.38,3.36,3.48,105.91,37366,Crítico
2024,6,2024-06-01,Nordeste,PE,GLP,4.36,4.02,4.93,-5.52,8.08,85.68,117430,Baixo
2024,6,2024-06-01,Nordeste,PE,GLP,5.59,5.14,6.32,-1.11,10.92,82.25,95256,Crítico
2024,6,2024-06-01,Nordeste,CE,GNV,5.01,4.61,5.66,-1.05,4.45,104.1,157506,Baixo
2024,6,2024-06-01,Nordeste,CE,GNV,6.13,5.64,6.93,3.63,3.0,86.95,69297,Crítico
2024,6,2024-06-01,Nordeste,MA,Gasolina,4.32,3.98,4.89,0.76,3.9,93.14,25879,Alto
2024,6,2024-06-01,Nordeste,PB,Gasolina,3.44,3.17,3.89,0.69,5.91,61.8,209695,Médio
2024,6,2024-06-01,Centro-Oeste,DF,GLP,6.59,6.06,7.44,-2.81,6.5,59.75,237817,Crítico
2024,6,2024-06-01,Centro-Oeste,GO,Diesel,4.58,4.22,5.18,6.25,5.48,101.32,154438,Médio
2024,6,2024-06-01,Centro-Oeste,GO,GNV,4.9,4.51,5.54,-8.62,3.32,47.97,145370,Crítico
2024,6,2024-06-01,Centro-Oeste,MT,GLP,6.06,5.58,6.85,0.93,4.18,95.4,180266,Alto
2024,6,2024-06-01,Centro-Oeste,MS,GLP,5.04,4.63,5.69,2.08,6.47,54.82,208212,Médio
2024,6,2024-06-01,Sudeste,SP,GLP,5.7,5.24,6.44,-1.15,3.59,109.63,232914,Crítico
2024,6,2024-06-01,Sudeste,SP,GNV,5.22,4.8,5.9,1.94,10.39,106.89,208427,Crítico
2024,6,2024-06-01,Sudeste,SP,Etanol,6.58,6.06,7.44,-0.24,7.51,103.36,200056,Crítico
2024,6,2024-06-01,Sudeste,RJ,Etanol,5.38,4.95,6.08,0.04,8.6,83.36,215804,Baixo
2024,6,2024-06-01,Sudeste,RJ,Etanol,3.08,2.83,3.48,1.68,3.81,78.7,42232,Alto
2024,6,2024-06-01,Sudeste,RJ,Etanol,5.15,4.74,5.82,-2.01,8.54,81.46,116881,Crítico
2024,6,2024-06-01,Sudeste,RJ,Gasolina,7.89,7.26,8.92,-5.37,3.87,80.78,140705,Baixo
2024,6,2024-06-01,Sudeste,MG,GNV,3.99,3.67,4.51,0.1,11.54,69.86,196939,Crítico
2024,6,2024-06-01,Sudeste,MG,Etanol,7.73,7.11,8.74,-0.39,4.35,81.0,150610,Médio
2024,6,2024-06-01,Sudeste,MG,Diesel,3.24,2.98,3.66,0.05,9.96,76.53,104125,Médio
2024,6,2024-06-01,Sudeste,ES,Diesel,3.35,3.08,3.79,1.86,5.91,63.77,226028,Crítico
2024,6,2024-06-01,Sudeste,ES,Diesel,5.22,4.81,5.9,2.02,5.35,75.13,110158,Alto
2024,6,2024-06-01,Sudeste,ES,GLP,7.57,6.97,8.56,-3.54,9.77,57.21,95805,Alto
2024,6,2024-06-01,Sul,PR,Gasolina,5.14,4.73,5.81,-0.27,9.37,49.32,58441,Alto
2024,6,2024-06-01,Sul,PR,Etanol,6.57,6.05,7.43,-1.4,5.07,106.35,64551,Alto
2024,6,2024-06-01,Sul,SC,Diesel,5.45,5.01,6.16,1.49,8.7,91.26,194961,Baixo
2024,6,2024-06-01,Sul,SC,Etanol,3.04,2.79,3.43,9.26,11.12,95.67,217709,Baixo
2024,6,2024-06-01,Sul,RS,Diesel,3.42,3.15,3.87,-5.03,4.8,81.27,244277,Crítico
2024,6,2024-06-01,Sul,RS,Diesel,3.43,3.16,3.88,4.83,7.32,80.93,13472,Médio
2024,7,2024-07-01,Norte,AM,Gasolina,7.14,6.57,8.07,-6.69,9.14,74.64,86205,Médio
2024,7,2024-07-01,Norte,PA,Gasolina,3.81,3.5,4.3,0.76,2.67,108.99,226125,Médio
2024,7,2024-07-01,Norte,PA,Etanol,7.19,6.61,8.12,-5.02,8.52,78.1,249919,Alto
2024,7,2024-07-01,Norte,RO,GNV,4.96,4.56,5.61,0.19,2.52,97.23,49045,Baixo
2024,7,2024-07-01,Norte,TO,GNV,3.43,3.15,3.87,-4.0,7.47,58.97,189830,Crítico
2024,7,2024-07-01,Nordeste,BA,GNV,3.43,3.15,3.87,-5.79,9.75,105.19,189877,Alto
2024,7,2024-07-01,Nordeste,BA,GLP,3.9,3.59,4.4,3.07,8.15,80.22,80564,Crítico
2024,7,2024-07-01,Nordeste,PE,Etanol,3.78,3.48,4.27,7.91,4.4,49.77,196807,Médio
2024,7,2024-07-01,Nordeste,PE,GNV,6.57,6.04,7.42,0.77,9.39,64.38,135057,Médio
2024,7,2024-07-01,Nordeste,CE,Etanol,4.59,4.22,5.18,-3.21,11.58,104.45,131062,Alto
2024,7,2024-07-01,Nordeste,CE,Etanol,5.57,5.12,6.29,4.88,10.01,98.62,18227,Alto
2024,7,2024-07-01,Nordeste,MA,Gasolina,3.62,3.33,4.09,-1.21,3.7,102.0,59090,Médio
2024,7,2024-07-01,Nordeste,PB,Etanol,4.86,4.47,5.49,0.15,10.33,52.61,143177,Baixo
2024,7,2024-07-01,Centro-Oeste,DF,GLP,6.99,6.43,7.89,2.55,5.56,97.01,29401,Médio
2024,7,2024-07-01,Centro-Oeste,GO,GLP,4.55,4.18,5.14,0.39,4.26,64.3,247141,Médio
2024,7,2024-07-01,Centro-Oeste,GO,GNV,3.43,3.15,3.87,-6.0,4.8,46.53,143707,Crítico
2024,7,2024-07-01,Centro-Oeste,MT,Etanol,6.5,5.98,7.34,5.29,8.52,81.43,157528,Médio
2024,7,2024-07-01,Centro-Oeste,MS,Etanol,7.45,6.85,8.42,7.43,11.65,88.1,166390,Crítico
2024,7,2024-07-01,Sudeste,SP,GNV,5.84,5.37,6.6,-6.21,7.81,89.29,76017,Crítico
2024,7,2024-07-01,Sudeste,SP,GLP,6.75,6.21,7.63,4.15,4.25,45.57,197252,Médio
2024,7,2024-07-01,Sudeste,SP,Gasolina,5.9,5.43,6.67,-3.92,4.13,46.61,49796,Médio
2024,7,2024-07-01,Sudeste,RJ,Gasolina,3.06,2.81,3.46,2.46,10.6,80.69,217309,Médio
2024,7,2024-07-01,Sudeste,RJ,GNV,7.81,7.18,8.82,-8.09,5.84,61.38,152427,Médio
2024,7,2024-07-01,Sudeste,RJ,GNV,4.39,4.04,4.96,-1.63,4.0,69.72,197585,Médio
2024,7,2024-07-01,Sudeste,RJ,Diesel,6.4,5.89,7.23,-1.26,3.47,90.59,240960,Crítico
2024,7,2024-07-01,Sudeste,MG,Diesel,5.16,4.75,5.83,-0.38,11.28,95.99,69869,Crítico
2024,7,2024-07-01,Sudeste,MG,Gasolina,6.19,5.7,7.0,4.41,5.68,88.47,217311,Alto
2024,7,2024-07-01,Sudeste,MG,GLP,5.81,5.34,6.56,-4.6,5.86,109.43,166146,Crítico
2024,7,2024-07-01,Sudeste,ES,Gasolina,6.05,5.56,6.83,12.47,10.98,85.71,168110,Crítico
2024,7,2024-07-01,Sudeste,ES,GLP,5.1,4.69,5.76,-2.33,6.37,80.86,115598,Médio
2024,7,2024-07-01,Sudeste,ES,GNV,5.99,5.51,6.77,-4.35,10.05,99.3,60017,Médio
2024,7,2024-07-01,Sul,PR,Diesel,4.4,4.05,4.97,-3.47,10.71,89.26,123577,Médio
2024,7,2024-07-01,Sul,PR,GNV,4.29,3.95,4.85,2.88,10.11,94.51,135168,Alto
2024,7,2024-07-01,Sul,SC,Gasolina,4.71,4.33,5.32,5.02,8.33,70.83,237339,Médio
2024,7,2024-07-01,Sul,SC,Etanol,7.8,7.18,8.81,-1.44,3.85,75.64,19389,Baixo
2024,7,2024-07-01,Sul,RS,Etanol,3.84,3.54,4.34,-3.62,11.27,96.18,76909,Médio
2024,7,2024-07-01,Sul,RS,GLP,4.96,4.56,5.6,3.25,7.44,56.99,164343,Baixo
2024,8,2024-08-01,Norte,AM,Gasolina,4.71,4.34,5.33,5.65,2.52,46.62,30116,Baixo
2024,8,2024-08-01,Norte,PA,GNV,3.1,2.86,3.51,-1.08,7.11,101.8,32525,Baixo
2024,8,2024-08-01,Norte,PA,Gasolina,5.11,4.7,5.77,0.31,6.49,78.23,42342,Baixo
2024,8,2024-08-01,Norte,RO,Gasolina,6.89,6.34,7.79,0.43,11.69,61.94,216585,Crítico
2024,8,2024-08-01,Norte,TO,Gasolina,4.01,3.69,4.53,5.32,8.5,83.54,122798,Alto
2024,8,2024-08-01,Nordeste,BA,Diesel,3.04,2.8,3.44,2.53,2.02,104.05,195577,Baixo
2024,8,2024-08-01,Nordeste,BA,Gasolina,4.05,3.73,4.58,-4.41,5.84,100.15,16103,Baixo
2024,8,2024-08-01,Nordeste,PE,Diesel,6.16,5.67,6.96,-1.7,5.63,108.61,223247,Baixo
2024,8,2024-08-01,Nordeste,PE,Gasolina,6.42,5.91,7.26,5.82,2.08,64.47,16050,Crítico
2024,8,2024-08-01,Nordeste,CE,Gasolina,3.14,2.89,3.55,1.17,5.02,95.75,145311,Baixo
2024,8,2024-08-01,Nordeste,CE,GNV,7.13,6.56,8.05,6.19,4.39,97.28,143624,Crítico
2024,8,2024-08-01,Nordeste,MA,GLP,7.64,7.03,8.64,-0.14,10.85,75.41,68307,Médio
2024,8,2024-08-01,Nordeste,PB,Gasolina,6.78,6.24,7.66,-2.47,7.62,52.99,62121,Alto
2024,8,2024-08-01,Centro-Oeste,DF,Gasolina,4.79,4.41,5.42,5.92,11.5,104.56,244479,Crítico
2024,8,2024-08-01,Centro-Oeste,GO,Diesel,3.44,3.16,3.88,2.82,3.35,89.16,18241,Médio
2024,8,2024-08-01,Centro-Oeste,GO,GLP,3.0,2.76,3.4,-1.18,6.93,106.58,121967,Alto
2024,8,2024-08-01,Centro-Oeste,MT,GNV,7.28,6.7,8.22,-1.59,5.68,67.99,90439,Baixo
2024,8,2024-08-01,Centro-Oeste,MS,Gasolina,7.93,7.29,8.96,0.49,7.07,65.17,185342,Baixo
2024,8,2024-08-01,Sudeste,SP,Diesel,5.86,5.39,6.62,6.35,8.74,78.35,111354,Médio
2024,8,2024-08-01,Sudeste,SP,GLP,7.77,7.15,8.78,1.42,9.99,50.32,21383,Crítico
2024,8,2024-08-01,Sudeste,SP,Gasolina,3.51,3.23,3.97,0.21,6.23,76.95,34773,Alto
2024,8,2024-08-01,Sudeste,RJ,Etanol,7.8,7.18,8.81,2.16,7.44,47.12,47316,Alto
2024,8,2024-08-01,Sudeste,RJ,Etanol,3.47,3.19,3.92,0.05,9.62,67.48,6210,Baixo
2024,8,2024-08-01,Sudeste,RJ,Gasolina,3.61,3.32,4.08,-0.09,11.82,62.06,210743,Alto
2024,8,2024-08-01,Sudeste,RJ,GLP,6.97,6.42,7.88,-0.23,9.84,62.48,64347,Alto
2024,8,2024-08-01,Sudeste,MG,Gasolina,7.17,6.6,8.1,-3.17,6.44,88.49,225321,Crítico
2024,8,2024-08-01,Sudeste,MG,GLP,5.31,4.89,6.0,2.52,10.35,108.23,99333,Baixo
2024,8,2024-08-01,Sudeste,MG,Etanol,5.28,4.86,5.97,4.47,5.77,95.09,53695,Médio
2024,8,2024-08-01,Sudeste,ES,Etanol,3.33,3.06,3.76,-2.77,9.92,107.01,103308,Alto
2024,8,2024-08-01,Sudeste,ES,Gasolina,6.77,6.23,7.65,1.98,10.17,59.79,83030,Alto
2024,8,2024-08-01,Sudeste,ES,GNV,6.08,5.6,6.87,9.2,2.65,109.82,39479,Alto
2024,8,2024-08-01,Sul,PR,GLP,4.83,4.44,5.45,2.93,3.56,49.64,5158,Baixo
2024,8,2024-08-01,Sul,PR,Gasolina,5.46,5.02,6.17,-1.93,6.73,107.77,204387,Alto
2024,8,2024-08-01,Sul,SC,GNV,3.63,3.34,4.1,-0.7,11.28,48.32,233314,Baixo
2024,8,2024-08-01,Sul,SC,Etanol,6.12,5.63,6.92,7.89,3.47,93.57,92712,Médio
2024,8,2024-08-01,Sul,RS,Gasolina,6.53,6.01,7.38,8.41,3.57,99.58,149294,Crítico
2024,8,2024-08-01,Sul,RS,GNV,7.31,6.72,8.26,0.59,6.91,88.68,8727,Alto
2024,9,2024-09-01,Norte,AM,Gasolina,5.91,5.44,6.68,1.52,11.33,77.99,186351,Alto
2024,9,2024-09-01,Norte,PA,Gasolina,3.0,2.76,3.4,-2.37,5.26,52.53,246787,Baixo
2024,9,2024-09-01,Norte,PA,GLP,7.05,6.49,7.97,2.33,6.79,89.65,168881,Crítico
2024,9,2024-09-01,Norte,RO,Etanol,7.6,6.99,8.59,-4.11,8.7,57.0,73114,Baixo
2024,9,2024-09-01,Norte,TO,Diesel,7.89,7.25,8.91,0.64,5.09,86.97,42062,Médio
2024,9,2024-09-01,Nordeste,BA,Gasolina,7.14,6.57,8.07,-1.19,5.54,47.65,174364,Alto
2024,9,2024-09-01,Nordeste,BA,Diesel,6.85,6.3,7.74,6.95,3.65,56.9,247254,Baixo
2024,9,2024-09-01,Nordeste,PE,Etanol,7.74,7.12,8.74,0.88,8.11,54.86,97110,Alto
2024,9,2024-09-01,Nordeste,PE,GLP,4.39,4.04,4.97,3.28,7.04,78.75,17647,Crítico
2024,9,2024-09-01,Nordeste,CE,GNV,7.53,6.93,8.51,0.45,6.45,52.22,138236,Crítico
2024,9,2024-09-01,Nordeste,CE,GLP,3.21,2.95,3.63,5.11,2.54,64.56,23808,Baixo
2024,9,2024-09-01,Nordeste,MA,GLP,6.2,5.7,7.0,7.22,4.24,101.1,213515,Baixo
2024,9,2024-09-01,Nordeste,PB,Gasolina,6.64,6.11,7.51,-6.65,5.36,56.47,173678,Alto
2024,9,2024-09-01,Centro-Oeste,DF,GNV,7.93,7.29,8.96,2.73,9.1,79.4,57820,Médio
2024,9,2024-09-01,Centro-Oeste,GO,GNV,7.84,7.21,8.86,-0.22,6.85,67.08,231440,Alto
2024,9,2024-09-01,Centro-Oeste,GO,GLP,5.37,4.94,6.07,2.71,3.8,97.74,113985,Médio
2024,9,2024-09-01,Centro-Oeste,MT,Gasolina,6.42,5.91,7.26,1.35,2.75,49.4,139356,Crítico
2024,9,2024-09-01,Centro-Oeste,MS,Diesel,4.59,4.22,5.18,2.43,10.28,50.05,108916,Baixo
2024,9,2024-09-01,Sudeste,SP,Diesel,7.1,6.53,8.02,13.28,5.87,69.75,125819,Baixo
2024,9,2024-09-01,Sudeste,SP,GNV,7.57,6.96,8.55,6.8,3.75,53.38,223187,Alto
2024,9,2024-09-01,Sudeste,SP,GNV,3.95,3.63,4.46,-3.45,7.7,93.14,61083,Baixo
2024,9,2024-09-01,Sudeste,RJ,Diesel,6.52,6.0,7.36,-1.53,7.58,50.21,78567,Médio
2024,9,2024-09-01,Sudeste,RJ,Diesel,5.4,4.97,6.1,3.98,11.89,62.55,77380,Crítico
2024,9,2024-09-01,Sudeste,RJ,Etanol,6.74,6.2,7.62,3.01,5.28,62.81,31371,Baixo
2024,9,2024-09-01,Sudeste,RJ,GLP,7.56,6.96,8.54,1.21,8.37,52.21,208754,Baixo
2024,9,2024-09-01,Sudeste,MG,GLP,5.19,4.77,5.86,-1.23,2.67,67.18,185671,Crítico
2024,9,2024-09-01,Sudeste,MG,GLP,6.52,6.0,7.36,-1.72,10.27,70.48,82499,Crítico
2024,9,2024-09-01,Sudeste,MG,GNV,5.88,5.41,6.65,0.26,3.19,51.83,137223,Crítico
2024,9,2024-09-01,Sudeste,ES,Diesel,3.86,3.55,4.37,1.51,8.79,104.23,143474,Médio
2024,9,2024-09-01,Sudeste,ES,GLP,6.53,6.01,7.38,2.6,4.51,65.13,145939,Médio
2024,9,2024-09-01,Sudeste,ES,Etanol,4.45,4.1,5.03,10.86,4.76,109.89,102355,Alto
2024,9,2024-09-01,Sul,PR,GNV,4.21,3.87,4.76,4.39,3.53,109.42,61934,Crítico
2024,9,2024-09-01,Sul,PR,Etanol,7.21,6.64,8.15,-7.3,8.54,46.75,50764,Alto
2024,9,2024-09-01,Sul,SC,GNV,3.87,3.56,4.38,4.47,11.11,75.66,156897,Crítico
2024,9,2024-09-01,Sul,SC,Diesel,4.19,3.86,4.74,-4.11,10.87,96.98,9524,Médio
2024,9,2024-09-01,Sul,RS,Diesel,6.65,6.12,7.51,-5.48,6.94,81.67,38007,Crítico
2024,9,2024-09-01,Sul,RS,Etanol,3.46,3.18,3.91,1.16,10.61,88.95,110522,Crítico
2024,10,2024-10-01,Norte,AM,Etanol,7.85,7.22,8.87,1.76,3.59,91.71,174544,Baixo
2024,10,2024-10-01,Norte,PA,GLP,3.73,3.43,4.22,-0.29,4.9,95.73,155251,Médio
2024,10,2024-10-01,Norte,PA,GNV,4.43,4.08,5.01,1.57,10.53,75.46,220971,Médio
2024,10,2024-10-01,Norte,RO,Etanol,7.03,6.47,7.95,-2.03,8.63,69.17,169136,Médio
2024,10,2024-10-01,Norte,TO,Etanol,4.9,4.5,5.53,-4.47,9.31,60.08,222558,Alto
2024,10,2024-10-01,Nordeste,BA,Etanol,3.62,3.33,4.09,-4.89,8.4,109.86,77642,Baixo
2024,10,2024-10-01,Nordeste,BA,GLP,7.56,6.96,8.55,-2.86,8.22,99.98,204754,Médio
2024,10,2024-10-01,Nordeste,PE,GLP,7.61,7.0,8.6,-7.49,5.87,50.61,10265,Médio
2024,10,2024-10-01,Nordeste,PE,GNV,6.44,5.92,7.28,3.01,11.52,67.23,110299,Baixo
2024,10,2024-10-01,Nordeste,CE,GLP,7.83,7.2,8.85,0.7,8.79,53.4,212464,Alto
2024,10,2024-10-01,Nordeste,CE,Etanol,4.0,3.68,4.52,2.92,5.59,49.69,228035,Alto
2024,10,2024-10-01,Nordeste,MA,Gasolina,7.18,6.6,8.11,1.28,9.89,83.09,45456,Médio
2024,10,2024-10-01,Nordeste,PB,Diesel,7.71,7.09,8.71,5.57,9.88,67.31,60394,Crítico
2024,10,2024-10-01,Centro-Oeste,DF,GNV,3.34,3.08,3.78,-6.72,6.49,107.76,137906,Alto
2024,10,2024-10-01,Centro-Oeste,GO,GNV,5.76,5.3,6.5,-0.98,6.36,64.17,126071,Baixo
2024,10,2024-10-01,Centro-Oeste,GO,Diesel,7.73,7.11,8.73,1.6,3.44,50.29,159822,Médio
2024,10,2024-10-01,Centro-Oeste,MT,Etanol,6.07,5.58,6.86,6.12,7.45,109.38,76863,Baixo
2024,10,2024-10-01,Centro-Oeste,MS,Diesel,6.89,6.34,7.79,2.48,4.23,80.71,219578,Alto
2024,10,2024-10-01,Sudeste,SP,Diesel,4.4,4.05,4.97,3.97,5.85,69.58,234062,Crítico
2024,10,2024-10-01,Sudeste,SP,GNV,4.55,4.19,5.14,6.02,9.49,74.14,41866,Alto
2024,10,2024-10-01,Sudeste,SP,Gasolina,7.15,6.58,8.08,4.18,2.93,77.43,208488,Baixo
2024,10,2024-10-01,Sudeste,RJ,Gasolina,5.18,4.77,5.86,-6.06,3.61,82.04,178242,Crítico
2024,10,2024-10-01,Sudeste,RJ,Gasolina,5.72,5.26,6.46,10.71,11.72,108.93,9584,Baixo
2024,10,2024-10-01,Sudeste,RJ,Diesel,4.16,3.83,4.7,2.52,5.22,52.89,180994,Alto
2024,10,2024-10-01,Sudeste,RJ,GLP,5.92,5.45,6.69,-6.56,4.23,81.4,56861,Baixo
2024,10,2024-10-01,Sudeste,MG,Gasolina,6.31,5.8,7.13,-4.44,11.45,63.02,143553,Crítico
2024,10,2024-10-01,Sudeste,MG,GNV,4.5,4.14,5.08,0.7,11.89,54.04,40974,Crítico
2024,10,2024-10-01,Sudeste,MG,GLP,7.47,6.87,8.44,-4.84,4.7,61.76,203400,Baixo
2024,10,2024-10-01,Sudeste,ES,Etanol,3.52,3.24,3.98,0.73,5.3,98.09,26483,Crítico
2024,10,2024-10-01,Sudeste,ES,Gasolina,6.38,5.87,7.21,0.65,6.58,85.94,141704,Baixo
2024,10,2024-10-01,Sudeste,ES,GNV,7.78,7.15,8.79,9.46,6.44,102.34,70734,Médio
2024,10,2024-10-01,Sul,PR,Gasolina,5.54,5.1,6.26,-3.79,3.75,56.85,62835,Baixo
2024,10,2024-10-01,Sul,PR,GNV,4.46,4.11,5.04,-1.87,3.52,51.19,172623,Baixo
2024,10,2024-10-01,Sul,SC,GLP,7.34,6.75,8.29,6.23,3.04,108.67,68979,Baixo
2024,10,2024-10-01,Sul,SC,GNV,6.28,5.78,7.1,-1.25,11.7,99.41,211698,Crítico
2024,10,2024-10-01,Sul,RS,Gasolina,6.95,6.39,7.85,-6.82,5.99,63.78,182513,Crítico
2024,10,2024-10-01,Sul,RS,Etanol,7.79,7.17,8.8,-0.83,8.33,78.52,133291,Crítico
2024,11,2024-11-01,Norte,AM,GNV,7.43,6.84,8.4,3.08,6.77,91.69,105274,Baixo
2024,11,2024-11-01,Norte,PA,Gasolina,5.1,4.7,5.77,-3.64,6.89,50.32,26636,Alto
2024,11,2024-11-01,Norte,PA,Etanol,3.54,3.26,4.0,9.11,9.84,103.19,110099,Baixo
2024,11,2024-11-01,Norte,RO,Gasolina,7.34,6.75,8.29,0.93,6.92,62.23,215828,Baixo
2024,11,2024-11-01,Norte,TO,Gasolina,7.17,6.59,8.1,3.7,11.85,52.72,108885,Médio
2024,11,2024-11-01,Nordeste,BA,Diesel,5.62,5.17,6.35,-3.51,3.85,96.21,240773,Crítico
2024,11,2024-11-01,Nordeste,BA,Gasolina,7.11,6.54,8.03,0.01,4.21,50.75,183770,Médio
2024,11,2024-11-01,Nordeste,PE,Gasolina,5.7,5.24,6.44,2.74,2.39,98.65,70462,Médio
2024,11,2024-11-01,Nordeste,PE,GNV,5.93,5.46,6.7,-1.3,5.21,78.99,220422,Crítico
2024,11,2024-11-01,Nordeste,CE,GLP,3.35,3.08,3.78,7.28,9.81,81.32,116923,Crítico
2024,11,2024-11-01,Nordeste,CE,Gasolina,7.92,7.28,8.95,4.7,4.37,58.42,39985,Crítico
2024,11,2024-11-01,Nordeste,MA,Etanol,7.77,7.15,8.78,-0.15,2.27,105.45,116486,Baixo
2024,11,2024-11-01,Nordeste,PB,GNV,7.45,6.85,8.42,-1.65,11.12,64.77,114881,Alto
2024,11,2024-11-01,Centro-Oeste,DF,Etanol,5.61,5.17,6.34,3.49,2.38,46.93,141375,Baixo
2024,11,2024-11-01,Centro-Oeste,GO,GNV,6.95,6.4,7.86,1.68,11.1,96.28,230996,Crítico
2024,11,2024-11-01,Centro-Oeste,GO,Gasolina,4.4,4.05,4.98,3.76,6.95,49.0,92571,Crítico
2024,11,2024-11-01,Centro-Oeste,MT,Diesel,6.86,6.31,7.75,1.62,7.2,62.86,137506,Alto
2024,11,2024-11-01,Centro-Oeste,MS,GLP,7.52,6.92,8.5,1.95,8.98,99.56,209289,Crítico
2024,11,2024-11-01,Sudeste,SP,GNV,5.87,5.4,6.64,-6.87,2.47,50.87,33046,Médio
2024,11,2024-11-01,Sudeste,SP,GLP,4.53,4.17,5.12,0.97,4.69,47.04,32474,Crítico
2024,11,2024-11-01,Sudeste,SP,GLP,6.19,5.69,6.99,-5.33,10.81,62.21,140910,Baixo
2024,11,2024-11-01,Sudeste,RJ,GNV,3.86,3.55,4.36,2.38,10.33,45.48,32100,Médio
2024,11,2024-11-01,Sudeste,RJ,Diesel,6.61,6.08,7.47,-1.43,9.26,51.44,201875,Crítico
2024,11,2024-11-01,Sudeste,RJ,Etanol,7.16,6.59,8.1,-1.72,5.14,93.29,15682,Crítico
2024,11,2024-11-01,Sudeste,RJ,Diesel,7.42,6.83,8.39,-5.69,9.16,58.22,58850,Alto
2024,11,2024-11-01,Sudeste,MG,Gasolina,5.13,4.72,5.79,-8.43,7.6,69.09,209063,Baixo
2024,11,2024-11-01,Sudeste,MG,Gasolina,4.61,4.24,5.21,2.88,5.64,68.97,33622,Crítico
2024,11,2024-11-01,Sudeste,MG,Etanol,6.24,5.74,7.05,3.18,2.19,101.22,148891,Médio
2024,11,2024-11-01,Sudeste,ES,GLP,3.44,3.17,3.89,13.43,7.64,73.01,239604,Crítico
2024,11,2024-11-01,Sudeste,ES,Etanol,6.68,6.15,7.55,2.1,11.02,70.69,232259,Alto
2024,11,2024-11-01,Sudeste,ES,GNV,6.2,5.71,7.01,-3.14,8.34,95.67,112978,Crítico
2024,11,2024-11-01,Sul,PR,Etanol,5.59,5.14,6.31,-3.09,8.05,104.47,26139,Alto
2024,11,2024-11-01,Sul,PR,Etanol,6.79,6.25,7.68,5.14,10.59,69.92,32737,Médio
2024,11,2024-11-01,Sul,SC,GNV,4.59,4.22,5.18,4.84,11.64,109.95,168458,Crítico
2024,11,2024-11-01,Sul,SC,Gasolina,4.32,3.97,4.88,4.54,5.47,64.6,216720,Alto
2024,11,2024-11-01,Sul,RS,GLP,6.47,5.96,7.31,-0.5,5.82,65.56,74862,Crítico
2024,11,2024-11-01,Sul,RS,Diesel,7.87,7.24,8.89,4.61,9.25,53.05,127771,Médio
2024,12,2024-12-01,Norte,AM,Diesel,3.35,3.08,3.79,5.24,6.95,85.46,82861,Alto
2024,12,2024-12-01,Norte,PA,GLP,6.04,5.56,6.83,1.33,9.42,51.36,103056,Baixo
2024,12,2024-12-01,Norte,PA,Diesel,4.53,4.16,5.11,-1.66,2.29,83.83,111853,Médio
2024,12,2024-12-01,Norte,RO,GNV,5.77,5.31,6.52,-2.67,4.73,96.08,167792,Baixo
2024,12,2024-12-01,Norte,TO,Gasolina,7.2,6.62,8.14,-1.42,11.29,64.88,17311,Médio
2024,12,2024-12-01,Nordeste,BA,GNV,7.44,6.84,8.4,1.63,9.72,71.56,145115,Crítico
2024,12,2024-12-01,Nordeste,BA,Gasolina,6.98,6.42,7.89,-1.04,8.69,55.12,15254,Alto
2024,12,2024-12-01,Nordeste,PE,GNV,5.85,5.38,6.61,0.9,11.97,99.03,89159,Crítico
2024,12,2024-12-01,Nordeste,PE,Etanol,5.43,5.0,6.14,4.12,6.72,97.19,93792,Baixo
2024,12,2024-12-01,Nordeste,CE,GLP,7.15,6.58,8.08,2.43,2.52,53.31,153542,Médio
2024,12,2024-12-01,Nordeste,CE,Diesel,6.71,6.17,7.58,-1.12,6.4,46.5,45377,Crítico
2024,12,2024-12-01,Nordeste,MA,GNV,6.67,6.13,7.53,3.19,6.59,91.42,170413,Baixo
2024,12,2024-12-01,Nordeste,PB,GLP,5.72,5.27,6.47,2.09,11.56,66.87,144074,Médio
2024,12,2024-12-01,Centro-Oeste,DF,Etanol,4.93,4.53,5.57,-2.1,3.73,102.34,66340,Alto
2024,12,2024-12-01,Centro-Oeste,GO,Diesel,6.67,6.14,7.54,-10.01,6.7,70.95,82251,Alto
2024,12,2024-12-01,Centro-Oeste,GO,Etanol,3.72,3.42,4.2,4.73,11.6,75.38,82773,Baixo
2024,12,2024-12-01,Centro-Oeste,MT,GLP,6.02,5.54,6.8,-5.42,5.37,77.65,80925,Alto
2024,12,2024-12-01,Centro-Oeste,MS,GNV,6.5,5.98,7.34,4.61,6.52,90.77,73449,Baixo
2024,12,2024-12-01,Sudeste,SP,GLP,4.73,4.35,5.34,-0.84,4.5,75.19,50019,Crítico
2024,12,2024-12-01,Sudeste,SP,GNV,5.75,5.29,6.5,6.67,2.74,67.09,155171,Crítico
2024,12,2024-12-01,Sudeste,SP,Gasolina,5.9,5.43,6.67,1.66,4.11,89.27,164804,Crítico
2024,12,2024-12-01,Sudeste,RJ,Diesel,3.91,3.6,4.42,-4.43,10.04,104.01,231607,Médio
2024,12,2024-12-01,Sudeste,RJ,Diesel,7.81,7.18,8.82,-3.02,11.15,104.97,203060,Alto
2024,12,2024-12-01,Sudeste,RJ,Diesel,4.83,4.44,5.45,4.59,6.47,99.89,141390,Alto
2024,12,2024-12-01,Sudeste,RJ,Diesel,4.84,4.45,5.46,7.45,9.09,63.22,186639,Baixo
2024,12,2024-12-01,Sudeste,MG,Diesel,6.62,6.09,7.48,-3.86,5.08,77.11,78170,Alto
2024,12,2024-12-01,Sudeste,MG,Gasolina,5.17,4.75,5.84,-8.64,5.81,81.82,161774,Baixo
2024,12,2024-12-01,Sudeste,MG,GLP,3.58,3.29,4.04,8.62,4.53,68.39,219597,Alto
2024,12,2024-12-01,Sudeste,ES,Gasolina,6.08,5.59,6.87,-0.75,3.36,103.66,18987,Alto
2024,12,2024-12-01,Sudeste,ES,GLP,3.2,2.95,3.62,2.51,4.61,93.23,168265,Alto
2024,12,2024-12-01,Sudeste,ES,Gasolina,3.84,3.54,4.34,1.08,6.19,88.56,77536,Alto
2024,12,2024-12-01,Sul,PR,GNV,5.44,5.0,6.15,-4.36,11.94,99.27,215627,Crítico
2024,12,2024-12-01,Sul,PR,Diesel,7.37,6.78,8.33,-0.92,7.03,73.17,213122,Alto
2024,12,2024-12-01,Sul,SC,Diesel,7.31,6.72,8.26,6.53,9.06,82.31,45056,Baixo
2024,12,2024-12-01,Sul,SC,Etanol,7.6,7.0,8.59,5.92,10.7,60.94,56179,Crítico
2024,12,2024-12-01,Sul,RS,Diesel,7.54,6.94,8.52,3.64,7.07,48.92,54311,Crítico
2024,12,2024-12-01,Sul,RS,Diesel,7.17,6.6,8.1,1.48,4.87,65.2,28618,Médio
